1.906053662300109863e+00,9.024642109870910645e-01,2.312188863754272461e+00,1.338068604469299316e+00,4.053588807582855225e-01
1.699319839477539062e+00,6.170408725738525391e-01,4.368284344673156738e-01,-5.314579010009765625e-01,7.317680120468139648e-01
1.362580060958862305e-01,1.039691925048828125e+00,1.230184793472290039e+00,6.255888938903808594e-01,-5.505943298339843750e-01
7.666162848472595215e-01,7.567202448844909668e-01,6.558469533920288086e-01,4.464212656021118164e-01,-1.228319015353918076e-02
7.450738549232482910e-01,7.302037477493286133e-01,7.021092176437377930e-01,-2.398708760738372803e-01,-3.320406079292297363e-01
8.185747265815734863e-01,1.575957417488098145e+00,7.783613801002502441e-01,3.646791279315948486e-01,-6.978157907724380493e-02
2.697695732116699219e+00,1.049433946609497070e+00,1.087202191352844238e+00,-2.356186658143997192e-01,1.154701471328735352e+00
2.403582334518432617e-01,1.181177735328674316e+00,8.192584514617919922e-01,1.332774400711059570e+00,3.686453402042388916e-01
2.828453540802001953e+00,1.916908502578735352e+00,1.762623190879821777e+00,4.261332154273986816e-01,6.565725803375244141e-01
2.100155353546142578e+00,9.489809870719909668e-01,7.691541314125061035e-01,5.354649424552917480e-01,1.188640117645263672e+00
1.745118141174316406e+00,2.154051542282104492e+00,1.700913906097412109e+00,1.087747216224670410e+00,3.041279911994934082e-01
2.601515769958496094e+00,4.655333757400512695e-01,4.444634914398193359e-01,-4.848290979862213135e-02,1.088810324668884277e+00
3.742511570453643799e-01,1.666044712066650391e+00,1.220486164093017578e+00,1.595101475715637207e+00,-8.581910282373428345e-02
-1.393564343452453613e-01,2.504121065139770508e-01,1.342273410409688950e-02,1.958930194377899170e-01,-7.780714035034179688e-01
2.359947562217712402e-01,2.619176208972930908e-01,-3.025617897510528564e-01,6.811051964759826660e-01,-4.792212545871734619e-01
-3.238144218921661377e-01,5.248675346374511719e-01,5.968498438596725464e-02,1.777693867683410645e+00,-5.734876394271850586e-01
1.035667181015014648e+00,6.439444422721862793e-01,8.049317002296447754e-01,1.046757340431213379e+00,-2.168398052453994751e-01
-5.164493322372436523e-01,-1.230404257774353027e+00,-6.844808459281921387e-01,-1.106510519981384277e+00,-2.282932251691818237e-01
-4.199393987655639648e-01,4.493826031684875488e-01,-8.564510345458984375e-01,7.594761848449707031e-01,-6.169344782829284668e-01
-8.345802426338195801e-01,2.336161583662033081e-01,5.910719633102416992e-01,8.983818888664245605e-01,-7.625780105590820312e-01
7.799267172813415527e-01,1.747809290885925293e+00,6.329418420791625977e-01,1.427142858505249023e+00,-1.484035253524780273e+00
-6.551274657249450684e-01,-4.555762410163879395e-01,-1.192884087562561035e+00,-9.537449479103088379e-01,1.200841739773750305e-01
4.195176959037780762e-01,1.065434217453002930e+00,-1.361827731132507324e+00,8.392952680587768555e-01,-2.156427651643753052e-01
-1.431020736694335938e+00,-4.997489154338836670e-01,-1.209657549858093262e+00,5.823618918657302856e-02,-8.222256302833557129e-01
-2.805829346179962158e-01,3.411445319652557373e-01,8.537291288375854492e-01,1.171297430992126465e+00,-1.434249520301818848e+00
-6.288365721702575684e-01,-1.408836841583251953e+00,-8.418196439743041992e-01,8.421223759651184082e-01,-5.191858410835266113e-01
-1.074828505516052246e+00,-3.574243560433387756e-02,-1.101863026618957520e+00,-8.517224192619323730e-01,1.143982633948326111e-02
-8.387603759765625000e-01,3.064343929290771484e-01,-9.860206842422485352e-01,3.444830179214477539e-01,-3.152821660041809082e-01
8.838802576065063477e-02,1.439159870147705078e+00,3.959706723690032959e-01,9.494314193725585938e-01,-4.369306266307830811e-01
1.116226553916931152e+00,5.811693668365478516e-01,-2.940423786640167236e-01,-2.110554277896881104e-01,-7.703043222427368164e-01
-9.867704510688781738e-01,-5.687391161918640137e-01,-1.238635420799255371e+00,-1.523587703704833984e+00,-1.207058072090148926e+00
-1.380895614624023438e+00,-5.959222838282585144e-02,-4.661010205745697021e-01,1.010188311338424683e-01,-2.012185096740722656e+00
-5.754480361938476562e-01,-6.573424935340881348e-01,-1.641248583793640137e+00,-1.683884739875793457e+00,-2.938444018363952637e-01
-5.041655898094177246e-01,8.748723864555358887e-01,-7.571169137954711914e-01,-1.141892075538635254e-01,-6.800779700279235840e-01
6.253714114427566528e-02,4.511460661888122559e-01,4.244571328163146973e-01,1.005798220634460449e+00,-3.162207305431365967e-01
2.100063562393188477e+00,1.061885833740234375e+00,-4.907847046852111816e-01,-7.664483189582824707e-01,1.911444067955017090e-01
-1.275346994400024414e+00,-1.448837369680404663e-01,-2.900332510471343994e-01,2.470881491899490356e-02,-6.111397147178649902e-01
-7.661762833595275879e-02,6.088256835937500000e-01,-4.188364744186401367e-01,-8.849433660507202148e-01,-1.308955550193786621e+00
2.506619095802307129e-01,-2.536809444427490234e-01,-1.006567478179931641e+00,-1.360501885414123535e+00,-2.690195441246032715e-01
-1.277345418930053711e+00,6.306969523429870605e-01,4.323574900627136230e-02,-5.602963268756866455e-02,-1.208119153976440430e+00
-2.870731651782989502e-01,9.850459694862365723e-01,3.802584111690521240e-01,2.090021073818206787e-01,-1.072936058044433594e+00
9.830120205879211426e-01,8.602270483970642090e-02,-5.742296576499938965e-01,-8.750292062759399414e-01,5.034339800477027893e-02
-1.013299703598022461e+00,6.000943779945373535e-01,-1.058037638664245605e+00,-2.378711849451065063e-01,-4.446297287940979004e-01
-2.919133305549621582e-01,4.718130230903625488e-01,1.082858964800834656e-01,2.293361127376556396e-01,-1.413342237472534180e+00
-1.143489181995391846e-01,-2.309709601104259491e-02,-1.230233907699584961e+00,-1.226599216461181641e+00,-1.287368178367614746e+00
-5.108025074005126953e-01,1.901316791772842407e-01,7.104419171810150146e-02,-5.499300956726074219e-01,-1.375744581222534180e+00
-7.324417680501937866e-02,1.741959750652313232e-01,4.473131000995635986e-01,7.163870930671691895e-01,-8.854779601097106934e-01
-2.368014454841613770e-01,-2.558315098285675049e-01,-7.281096577644348145e-01,-1.377112269401550293e+00,-3.695567250251770020e-01
-1.020651608705520630e-01,1.156381726264953613e+00,1.302968263626098633e-01,5.995316505432128906e-01,2.698765322566032410e-02
4.863816499710083008e-01,2.939395904541015625e-01,8.223537206649780273e-01,1.960232704877853394e-01,-1.825611293315887451e-01
1.278042078018188477e+00,2.810361683368682861e-01,-4.542504847049713135e-01,-8.744775652885437012e-01,-4.534170329570770264e-01
-1.108471304178237915e-01,7.002678513526916504e-01,-4.943025112152099609e-01,5.451952219009399414e-01,8.045966178178787231e-02
5.691961646080017090e-01,8.473451733589172363e-01,8.892021179199218750e-01,7.102118134498596191e-01,-4.774257242679595947e-01
6.331816911697387695e-01,-9.462497546337544918e-04,-1.078594326972961426e+00,-9.977994561195373535e-01,2.251646220684051514e-01
-2.969734966754913330e-01,-4.176617264747619629e-01,-3.254079520702362061e-01,-9.970486164093017578e-01,-4.293267428874969482e-01
-2.017780780792236328e+00,-2.321709871292114258e+00,9.134534001350402832e-01,8.331506252288818359e-01,1.098658561706542969e+00
6.083391904830932617e-01,-1.926973104476928711e+00,2.652257680892944336e+00,1.209107637405395508e+00,2.589726448059082031e+00
1.824229210615158081e-01,-2.549433469772338867e+00,1.107591748237609863e+00,-4.715361297130584717e-01,2.832275152206420898e+00
-2.710309624671936035e-01,-1.527182579040527344e+00,1.336908221244812012e+00,5.546343922615051270e-01,1.892155408859252930e+00
5.696361884474754333e-02,-1.725292921066284180e+00,2.409400463104248047e+00,1.201959371566772461e+00,1.795658230781555176e+00
5.763830542564392090e-01,-1.734067201614379883e+00,2.404556035995483398e+00,7.433714270591735840e-01,2.458664894104003906e+00
-1.449519634246826172e+00,-9.213246703147888184e-01,-1.390245437622070312e+00,6.157513260841369629e-01,-4.531993865966796875e-01
2.637706995010375977e-01,-4.474686086177825928e-01,-1.063265323638916016e+00,-1.142405390739440918e+00,3.762900233268737793e-01
-8.806901574134826660e-01,-1.543462425470352173e-01,-5.377445816993713379e-01,1.556004136800765991e-01,-2.320611663162708282e-02
-8.944222927093505859e-01,-5.548464599996805191e-03,2.356348186731338501e-02,1.369956374168395996e+00,-8.363587856292724609e-01
-7.758015990257263184e-01,-2.666703760623931885e-01,6.435641050338745117e-01,1.202526330947875977e+00,-3.297825753688812256e-01
4.070139490067958832e-03,-3.429510295391082764e-01,-5.494379401206970215e-01,1.616293668746948242e+00,2.708559036254882812e-01
-8.774634003639221191e-01,3.241765499114990234e-01,-1.296325564384460449e+00,-1.945752203464508057e-01,-1.890087872743606567e-01
4.540955424308776855e-01,1.556989431381225586e+00,1.480431258678436279e-01,1.882122159004211426e+00,1.150348663330078125e+00
1.552886515855789185e-01,1.092638850212097168e+00,1.162648558616638184e+00,1.954540133476257324e+00,5.291565656661987305e-01
1.402052998542785645e+00,3.603061139583587646e-01,-2.873801589012145996e-01,-8.967576026916503906e-01,5.567155480384826660e-01
3.365381956100463867e-01,1.335502564907073975e-01,-4.666610956192016602e-01,-8.101503252983093262e-01,-2.463439479470252991e-02
-3.387199342250823975e-01,1.901316791772842407e-01,-1.312597990036010742e-01,5.050328373908996582e-01,-3.021556138992309570e-01
3.963619172573089600e-01,2.062824517488479614e-01,-8.877281546592712402e-01,-1.490389823913574219e+00,-3.030669689178466797e-01
2.627806663513183594e-01,5.142867565155029297e-01,-1.048447251319885254e+00,8.760864734649658203e-01,-5.066986083984375000e-01
-6.857268214225769043e-01,6.718158125877380371e-01,-6.065189242362976074e-01,3.616374433040618896e-01,-2.283612489700317383e-01
3.820430934429168701e-01,4.419416561722755432e-02,-1.344297647476196289e+00,-2.591736316680908203e+00,-2.226889431476593018e-01
-1.617275357246398926e+00,-1.683894358575344086e-02,-9.739048480987548828e-01,2.215595394372940063e-01,-1.272976517677307129e+00
-1.896409988403320312e+00,-8.017531037330627441e-01,-5.324679017066955566e-01,2.632082700729370117e-01,-1.795331835746765137e+00
8.167779445648193359e-02,2.349495142698287964e-01,-1.558648705482482910e+00,-2.762177288532257080e-01,-1.173092275857925415e-01
-2.255774021148681641e+00,-1.358104944229125977e+00,-2.567800521850585938e+00,-2.238718271255493164e+00,-1.059483051300048828e+00
-1.916705608367919922e+00,-2.700037658214569092e-01,-1.772822856903076172e+00,-1.254518330097198486e-01,-1.316627383232116699e+00
-1.256224751472473145e+00,9.957128204405307770e-03,-1.124365210533142090e+00,8.020213246345520020e-01,-5.478466153144836426e-01
3.402783274650573730e-01,5.624809861183166504e-01,-2.230178415775299072e-01,2.574313897639513016e-03,-6.706649065017700195e-01
-5.494688078761100769e-02,1.155457019805908203e+00,6.382775306701660156e-01,3.415256440639495850e-01,-5.462823063135147095e-02
2.269744426012039185e-01,8.302481174468994141e-01,8.066414594650268555e-01,9.300857782363891602e-01,-3.233077228069305420e-01
1.039535641670227051e+00,6.103740930557250977e-01,2.583335936069488525e-01,-9.822386503219604492e-01,-3.286671638488769531e-01
-6.757348179817199707e-01,-6.962462663650512695e-01,-1.458145260810852051e+00,-2.318246126174926758e+00,-5.919055938720703125e-01
-8.262932896614074707e-01,4.731248915195465088e-01,-1.022201180458068848e+00,-3.545121252536773682e-01,-6.460713148117065430e-01
-2.958184778690338135e-01,-5.010822787880897522e-03,6.963117122650146484e-01,-2.405757550150156021e-03,-2.681353986263275146e-01
3.353281691670417786e-02,-5.614702105522155762e-01,4.711910486221313477e-01,1.774974018335342407e-01,5.797040462493896484e-01
5.434553027153015137e-01,-1.862886190414428711e+00,5.306991338729858398e-01,-2.390549182891845703e+00,2.098589181900024414e+00
-3.107056319713592529e-01,-1.088488340377807617e+00,7.762978672981262207e-01,-8.305227011442184448e-02,1.742376685142517090e+00
1.105537917464971542e-02,-1.105241179466247559e+00,7.329441905021667480e-01,-6.081586480140686035e-01,1.620986700057983398e+00
5.661527514457702637e-01,-1.659592986106872559e+00,-1.303950790315866470e-02,-1.604372143745422363e+00,1.963338136672973633e+00
-9.650263786315917969e-01,-2.014694690704345703e+00,-5.585272610187530518e-02,-5.999760031700134277e-01,1.180356144905090332e+00
-5.472503900527954102e-01,-1.692754745483398438e+00,2.724834680557250977e-01,-1.529211401939392090e+00,8.810842633247375488e-01
1.964484006166458130e-01,-7.726129293441772461e-01,1.423792481422424316e+00,9.918386936187744141e-01,1.148580312728881836e+00
1.942666530609130859e+00,-1.234468817710876465e+00,6.058507561683654785e-01,-4.397096633911132812e-01,2.471220254898071289e+00
-4.911668226122856140e-02,-9.076040387153625488e-01,1.122164204716682434e-01,-1.191240668296813965e+00,1.297978162765502930e+00
-1.011502981185913086e+00,-1.672496438026428223e+00,4.976532757282257080e-01,-2.720651328563690186e-01,-2.980340123176574707e-01
2.055237069725990295e-02,-8.106134533882141113e-01,1.127706170082092285e+00,3.676288723945617676e-01,8.582046031951904297e-01
-2.941317558288574219e-01,-1.776885032653808594e+00,-3.156602680683135986e-01,-8.261784911155700684e-01,1.453728556632995605e+00
-3.531854450702667236e-01,-9.927665591239929199e-01,-2.960666082799434662e-02,-1.114946007728576660e+00,2.607763409614562988e-01
