2.155918329954147339e-01,-1.325772047042846680e+00,2.346579544246196747e-02,-3.711032569408416748e-01,2.369418382644653320e+00
-1.140926837921142578e+00,-1.556223154067993164e+00,5.515569821000099182e-02,-1.964971780776977539e+00,1.070772767066955566e+00
-1.880614161491394043e+00,-1.799039006233215332e+00,4.925600886344909668e-01,3.180941939353942871e-01,-1.160755038261413574e+00
-3.261885941028594971e-01,-2.583564817905426025e-02,2.998352348804473877e-01,8.119448423385620117e-01,1.003134176135063171e-01
-7.722709774971008301e-01,-9.087082743644714355e-02,-2.148117423057556152e-01,-6.106772422790527344e-01,-1.084365367889404297e+00
-1.395495891571044922e+00,-7.715723514556884766e-01,-5.264906883239746094e-01,-4.349207878112792969e-02,-1.050657391548156738e+00
-1.838792085647583008e+00,-1.991914212703704834e-01,-3.955697715282440186e-01,1.488943099975585938e-01,-1.066640377044677734e+00
-1.770427942276000977e+00,-1.376176476478576660e+00,-1.178140521049499512e+00,-2.186723649501800537e-01,-2.959569990634918213e-01
-1.534687638282775879e+00,-7.510715723037719727e-01,-8.430203795433044434e-01,-1.043213844299316406e+00,-6.909106969833374023e-01
-1.566919445991516113e+00,-1.523090004920959473e+00,-1.559194922447204590e+00,-9.781644940376281738e-01,2.208232134580612183e-01
-1.417316079139709473e+00,-1.808655977249145508e+00,-1.304727673530578613e+00,-1.723371148109436035e+00,1.017415404319763184e+00
-1.386932015419006348e+00,-1.666613459587097168e+00,-8.821218013763427734e-01,-1.410740733146667480e+00,2.758618891239166260e-01
-7.126759886741638184e-01,-1.264644265174865723e+00,1.524156332015991211e+00,8.331842422485351562e-01,7.438426017761230469e-01
-2.199030816555023193e-01,-1.841325312852859497e-02,1.609019756317138672e+00,5.704833269119262695e-01,-1.916286110877990723e+00
-6.628180388361215591e-03,-9.367206692695617676e-02,5.631052255630493164e-01,6.647195219993591309e-01,6.948202848434448242e-01
-3.438735008239746094e-01,-2.647440433502197266e-01,4.817259311676025391e-01,2.714032828807830811e-01,2.694403827190399170e-01
-1.259002327919006348e+00,9.087082743644714355e-02,-5.301841497421264648e-01,2.150761783123016357e-01,-6.164251565933227539e-01
-8.578507900238037109e-01,-7.276268005371093750e-01,-1.104665160179138184e+00,3.239156603813171387e-01,-1.184739470481872559e+00
-2.584697008132934570e-01,-1.430898785591125488e+00,-1.565326094627380371e+00,-1.566589117050170898e+00,1.796100378036499023e+00
-4.697502851486206055e-01,-1.349591493606567383e+00,-1.004104495048522949e+00,-1.684091210365295410e+00,8.920642137527465820e-01
-6.048654317855834961e-01,-2.010880708694458008e+00,1.911859065294265747e-01,-9.807672500610351562e-01,1.010122895240783691e+00
-3.041044175624847412e-01,-1.245178341865539551e+00,6.679995059967041016e-01,-2.339710950851440430e+00,1.387533903121948242e+00
-1.431510925292968750e+00,-8.425668478012084961e-01,8.094344735145568848e-01,-4.853072166442871094e-01,-6.530905514955520630e-02
-3.317902684211730957e-01,1.481446027755737305e-01,2.173233032226562500e-01,6.599510908126831055e-01,4.294516146183013916e-01
-5.720178484916687012e-01,7.565134763717651367e-02,5.205319076776504517e-02,2.234408110380172729e-01,-5.044030547142028809e-01
-8.915488719940185547e-01,-4.900030493736267090e-01,-1.381034612655639648e+00,-1.033657073974609375e+00,-4.436316192150115967e-01
-8.876775503158569336e-01,-9.701393246650695801e-01,-6.981874108314514160e-01,-8.143688440322875977e-01,3.853518068790435791e-01
-1.284576535224914551e+00,-1.329251289367675781e+00,-1.500234961509704590e+00,-2.626810371875762939e-01,-8.401856422424316406e-01
-6.443705558776855469e-01,-8.774663805961608887e-01,5.856476426124572754e-01,8.551588058471679688e-01,3.422445952892303467e-01
6.329032033681869507e-02,-1.594031006097793579e-01,2.316194534301757812e+00,7.861357331275939941e-01,4.040896594524383545e-01
-6.323752999305725098e-01,-8.770738840103149414e-01,4.753608703613281250e-01,1.298861384391784668e+00,-1.061717867851257324e+00
8.365291357040405273e-01,7.957664877176284790e-02,-5.937116742134094238e-01,-7.877848297357559204e-02,1.937475085258483887e+00
2.949540317058563232e-01,-4.167425632476806641e-01,-2.105765789747238159e-01,-1.043094620108604431e-01,1.454463507980108261e-02
-2.346551716327667236e-01,-8.614975810050964355e-01,-1.207971334457397461e+00,-2.285668700933456421e-01,1.308976650238037109e+00
-7.313287854194641113e-01,-9.363816976547241211e-01,-1.052464246749877930e+00,-1.422582380473613739e-02,-1.304560620337724686e-02
-1.033585548400878906e+00,-9.101356863975524902e-01,-1.651666879653930664e+00,-2.003874301910400391e+00,-8.183889091014862061e-02
-1.487909197807312012e+00,-1.275867104530334473e+00,-1.214828848838806152e+00,-5.248057246208190918e-01,-4.217539131641387939e-01
-5.981492996215820312e-01,-9.072452187538146973e-01,-5.283128023147583008e-01,-2.328981876373291016e+00,7.677460312843322754e-01
-9.383860826492309570e-01,-4.434881806373596191e-01,8.255995512008666992e-01,5.490452647209167480e-01,7.413307428359985352e-01
4.792233109474182129e-01,9.775795340538024902e-01,6.017880514264106750e-02,9.244798868894577026e-02,9.291550517082214355e-01
1.976722851395606995e-02,-5.932742953300476074e-01,-3.777672946453094482e-01,-1.396236777305603027e+00,8.912134170532226562e-01
-1.225744128227233887e+00,-1.276759266853332520e+00,-1.376085400581359863e+00,-8.744311928749084473e-01,1.439615011215209961e+00
-1.099574089050292969e+00,-1.081243276596069336e+00,-9.066217541694641113e-01,-1.310285806655883789e+00,9.595205187797546387e-01
-1.595367789268493652e+00,-1.888714432716369629e+00,-2.233707189559936523e+00,-4.735451042652130127e-01,5.303120017051696777e-01
-1.385318994522094727e+00,-1.160320401191711426e+00,-1.154034495353698730e+00,-1.533190131187438965e+00,-5.815017819404602051e-01
2.431310340762138367e-02,-6.055676192045211792e-02,9.608171582221984863e-01,1.454093813896179199e+00,1.659607648849487305e+00
1.014756798744201660e+00,7.813677787780761719e-01,2.489762604236602783e-01,4.773598313331604004e-01,3.822524473071098328e-02
-1.398927330970764160e+00,-2.307009249925613403e-01,-3.021744191646575928e-01,-2.288450300693511963e-01,-1.391423225402832031e+00
-5.870045423507690430e-01,4.681819081306457520e-01,5.803167223930358887e-01,2.068605661392211914e+00,-1.966462969779968262e+00
-6.645777225494384766e-01,-7.503043413162231445e-01,-5.266876518726348877e-02,9.021079540252685547e-01,-3.836096823215484619e-01
1.365522444248199463e-01,-1.686454117298126221e-01,-7.058697938919067383e-01,-6.856807470321655273e-01,6.412806510925292969e-01
-8.155887722969055176e-01,-1.561557948589324951e-01,-5.121108293533325195e-01,-7.498360276222229004e-01,-1.772500760853290558e-02
-6.256005167961120605e-01,-1.187422871589660645e+00,-8.054085969924926758e-01,-6.261746883392333984e-01,-3.216430544853210449e-01
-7.490430474281311035e-01,-1.237595319747924805e+00,3.161357045173645020e-01,-1.209890484809875488e+00,1.658290982246398926e+00
-8.959774374961853027e-01,-4.577620029449462891e-01,6.160448193550109863e-01,1.549541950225830078e-01,-6.604641675949096680e-01
-7.430600523948669434e-01,-5.240640044212341309e-01,5.040959715843200684e-01,5.819474458694458008e-01,-1.257442474365234375e+00
1.371681392192840576e-01,6.078871339559555054e-02,-1.927494704723358154e-01,1.120144605636596680e+00,-1.607404947280883789e-01
1.094529554247856140e-01,1.264483779668807983e-01,-3.491429388523101807e-01,6.691104173660278320e-01,2.220588922500610352e-01
2.097555100917816162e-01,-7.139774560928344727e-01,-5.618247985839843750e-01,-1.311279177665710449e+00,2.160425186157226562e-01
1.287802606821060181e-01,-1.216844767332077026e-01,1.404783606529235840e+00,1.036716818809509277e+00,7.746537327766418457e-01
7.771981414407491684e-03,3.324020206928253174e-01,1.208057522773742676e+00,1.702847003936767578e+00,3.636969029903411865e-01
2.093155831098556519e-01,2.720058560371398926e-01,3.034794628620147705e-01,8.543044328689575195e-01,1.959069222211837769e-01
-3.345764577388763428e-01,-1.592068374156951904e-01,1.851039975881576538e-01,-2.792910635471343994e-01,-3.721643984317779541e-01
9.247191250324249268e-02,-1.649877429008483887e-01,-6.422930359840393066e-01,6.760246753692626953e-01,-2.773001492023468018e-01
-3.468649983406066895e-01,2.485432289540767670e-02,-6.365066170692443848e-01,3.648248314857482910e-01,-5.501842498779296875e-02
3.028139770030975342e-01,1.278935968875885010e-01,-5.970234870910644531e-01,-1.228467449545860291e-01,-1.829828470945358276e-01
3.559567332267761230e-01,-2.899908721446990967e-01,-7.704807519912719727e-01,-5.357135534286499023e-01,6.939694881439208984e-01
-2.879152595996856689e-01,-1.137553572654724121e+00,-1.379335641860961914e+00,-1.598597168922424316e+00,9.164335578680038452e-02
3.055121898651123047e-01,-1.900918483734130859e-01,6.177930533885955811e-02,2.358784675598144531e-01,1.535958051681518555e+00
1.256098866462707520e+00,3.954567015171051025e-01,2.008800029754638672e+00,1.036339327692985535e-01,1.278955578804016113e+00
6.558085680007934570e-01,-9.021066129207611084e-02,8.827373981475830078e-01,5.073413848876953125e-01,3.041408658027648926e-01
4.742375016212463379e-02,2.504523396492004395e-01,1.163834452629089355e+00,2.791460275650024414e+00,2.011535130441188812e-02
1.852312445640563965e+00,1.452755689620971680e+00,8.104071021080017090e-01,-1.396554708480834961e-01,1.155913591384887695e+00
5.583801865577697754e-01,-5.961647033691406250e-01,-3.892170190811157227e-01,-2.618664205074310303e-01,7.179337143898010254e-01
-7.262256741523742676e-01,1.935532540082931519e-01,-1.746761202812194824e+00,-5.426675081253051758e-01,1.700587868690490723e-01
2.089343219995498657e-01,-3.072443902492523193e-01,-7.734109461307525635e-02,-5.609067678451538086e-01,1.828005313873291016e-01
-1.804126143455505371e+00,-7.417578697204589844e-01,-2.783516049385070801e-01,3.596987724304199219e-01,3.472278416156768799e-01
8.081100583076477051e-01,-1.216666325926780701e-01,1.806152105331420898e+00,5.622180700302124023e-01,-1.887885570526123047e+00
-4.613037407398223877e-01,6.485675573348999023e-01,-2.319494076073169708e-02,1.125151440501213074e-01,-1.407953143119812012e+00
1.471632003784179688e+00,1.428722023963928223e+00,3.493645489215850830e-01,-2.421171665191650391e-01,9.501009583473205566e-01
3.969576060771942139e-01,-1.070609331130981445e+00,-1.593938112258911133e+00,-5.331902503967285156e-01,8.176191449165344238e-01
6.693875193595886230e-01,4.699483215808868408e-01,-1.423090845346450806e-01,-1.151795029640197754e+00,1.444415926933288574e+00
-1.625370532274246216e-01,5.407465696334838867e-01,1.385725378990173340e+00,1.465359210968017578e+00,-6.304633617401123047e-01
1.153655290603637695e+00,7.441844344139099121e-01,1.780100941658020020e+00,1.816971451044082642e-01,-3.095292858779430389e-02
7.759956717491149902e-01,9.726194143295288086e-01,8.456427454948425293e-01,2.889272868633270264e-01,-3.613268136978149414e-01
5.679705142974853516e-01,4.596889913082122803e-01,-2.468463629484176636e-01,7.011582702398300171e-02,-4.479058980941772461e-01
6.961348652839660645e-01,1.030678272247314453e+00,8.675203323364257812e-01,1.172239705920219421e-01,4.520180821418762207e-01
3.772783577442169189e-01,8.670643568038940430e-01,2.212482213973999023e+00,1.225149393081665039e+00,-3.029052019119262695e-01
1.079806804656982422e+00,1.010016798973083496e+00,8.094344735145568848e-01,-1.596888422966003418e+00,-1.289124608039855957e+00
-6.983638405799865723e-01,4.498757123947143555e-01,3.227347135543823242e-01,9.359837174415588379e-01,-1.131645560264587402e+00
6.124027967453002930e-01,1.195434033870697021e-01,-2.770096361637115479e-01,-3.611094355583190918e-01,-1.380464076995849609e+00
-5.413404703140258789e-01,4.958910048007965088e-01,-9.542797803878784180e-01,1.836839914321899414e-01,-1.410687804222106934e+00
1.923814654350280762e+00,1.381172299385070801e+00,2.139413118362426758e+00,1.325584530830383301e+00,1.106729269027709961e+00
1.718575716018676758e+00,1.733468532562255859e+00,1.838211417198181152e+00,1.092745900154113770e+00,4.537804722785949707e-01
1.137612700462341309e+00,1.131701350212097168e+00,1.792313903570175171e-01,1.037730127573013306e-01,-1.996544897556304932e-01
4.697502851486206055e-01,6.559185981750488281e-01,-3.077269196510314941e-01,1.091772392392158508e-01,5.766806006431579590e-01
8.447117209434509277e-01,9.866969585418701172e-01,6.669407486915588379e-01,2.183326244354248047e+00,1.914908528327941895e+00
7.092739343643188477e-01,5.178727507591247559e-01,-1.562334448099136353e-01,-4.465239644050598145e-01,-8.802745342254638672e-01
5.655949115753173828e-01,1.507031917572021484e+00,1.603541135787963867e+00,2.241540908813476562e+00,6.795464158058166504e-01
7.087753415107727051e-01,5.962539315223693848e-01,-2.217554450035095215e-01,4.321988224983215332e-01,-2.465092837810516357e-01
2.806711755692958832e-02,1.115732431411743164e+00,-8.704258501529693604e-02,5.329716801643371582e-01,-1.089814543724060059e+00
-6.569524109363555908e-02,-1.541396230459213257e-01,-2.019695758819580078e+00,-8.014940619468688965e-01,-2.149830818176269531e+00
3.153371512889862061e-01,3.263713419437408447e-01,-1.021488457918167114e-01,3.303132951259613037e-01,-6.519359350204467773e-01
2.354059696197509766e+00,2.062587499618530273e+00,6.964761018753051758e-01,8.857562541961669922e-01,7.627627849578857422e-01
1.759987115859985352e+00,1.105722904205322266e+00,-3.964315652847290039e-01,4.766246974468231201e-01,-4.911549091339111328e-01
1.122919321060180664e+00,8.411573171615600586e-01,3.308480083942413330e-01,4.792672097682952881e-01,-1.956192612648010254e+00
8.316899538040161133e-01,9.586310386657714844e-01,-1.161963105201721191e+00,-4.964534342288970947e-01,-1.967131495475769043e+00
9.827010631561279297e-01,1.255152225494384766e+00,-5.260844230651855469e-01,-1.082235574722290039e+00,-2.176833599805831909e-01
1.826063632965087891e+00,1.375016808509826660e+00,1.142203092575073242e+00,1.058989390730857849e-02,1.826080918312072754e+00
3.091488778591156006e-01,1.370716810226440430e+00,3.545354008674621582e-01,8.530725836753845215e-01,-8.433052301406860352e-01
6.471274495124816895e-01,1.909607768058776855e+00,2.811463177204132080e-01,-6.338836550712585449e-01,-1.604832291603088379e+00
1.163509607315063477e+00,1.144797563552856445e+00,6.684181094169616699e-01,8.579403758049011230e-01,-2.167515223845839500e-03
8.538621068000793457e-01,1.346576094627380371e+00,-1.156349062919616699e+00,5.396673679351806641e-01,-4.149677455425262451e-01
1.276540637016296387e+00,6.868749856948852539e-01,-2.089514583349227905e-01,-6.141542792320251465e-01,5.110879540443420410e-01
-1.536799371242523193e-01,3.326874971389770508e-01,-1.727826118469238281e+00,-1.498420357704162598e+00,-1.026510953903198242e+00
6.758984327316284180e-01,1.521573424339294434e+00,1.268088631331920624e-02,6.367049813270568848e-01,-1.788767337799072266e+00
2.281560420989990234e+00,2.045066356658935547e+00,1.044855713844299316e+00,1.961614012718200684e+00,8.162416815757751465e-01
2.835922718048095703e+00,2.672919034957885742e+00,2.140225648880004883e+00,1.047406077384948730e+00,1.209453225135803223e+00
1.195213437080383301e+00,1.269675850868225098e+00,4.110084474086761475e-01,1.321074366569519043e+00,1.530225276947021484e-01
1.188761234283447266e+00,1.734093070030212402e+00,8.918725848197937012e-01,-1.303292155265808105e+00,-1.716226458549499512e+00
1.280382633209228516e+00,5.467237234115600586e-01,1.217783689498901367e+00,7.709959745407104492e-01,-1.207022428512573242e+00
