4.515501260757446289e-01,8.970288187265396118e-02,-4.680601060390472412e-01,-4.507146179676055908e-01,-9.551553726196289062e-01,1.354813337326049805e+00,-7.952672839164733887e-01,3.441979885101318359e-01,2.038272142410278320e+00,-3.871110379695892334e-01,-6.751401424407958984e-01,1.278973370790481567e-01,-7.371562123298645020e-01,-8.685678243637084961e-01,-1.171993836760520935e-01,-8.550332188606262207e-01,-1.683525085449218750e+00,1.350871920585632324e-01,-1.087909460067749023e+00,1.943210959434509277e+00,6.878908872604370117e-01,-1.849161684513092041e-01,2.257912158966064453e+00,8.443815112113952637e-01,1.709347844123840332e+00,9.800444245338439941e-01,5.017961263656616211e-01,-4.519438743591308594e-02,-1.603050112724304199e+00,-5.913413166999816895e-01,1.061408519744873047e-01,3.822143673896789551e-01
-2.006729125976562500e+00,-1.903666853904724121e+00,-1.691434502601623535e+00,-1.556722402572631836e+00,-1.440332651138305664e+00,-1.139703765511512756e-01,-1.622524619102478027e+00,-3.982968032360076904e-01,1.561847686767578125e+00,-5.247023105621337891e-01,-1.476573705673217773e+00,-8.380297422409057617e-01,-1.070637941360473633e+00,-1.122176527976989746e+00,-2.125307470560073853e-01,-1.031623721122741699e+00,-2.241141557693481445e+00,-2.964791953563690186e-01,-1.791403174400329590e+00,-1.478650718927383423e-01,-7.010200619697570801e-01,-1.474989056587219238e+00,2.543429434299468994e-01,-5.708450675010681152e-01,-2.676991522312164307e-01,9.323094487190246582e-01,-9.823229908943176270e-01,-1.145214557647705078e+00,-1.228668093681335449e+00,-1.596215844154357910e+00,-6.103289723396301270e-01,-1.601483583450317383e+00
-1.029112458229064941e+00,-1.029565453529357910e+00,-1.142004847526550293e+00,-1.356645107269287109e+00,-1.534973382949829102e+00,-2.471975982189178467e-01,-1.972526073455810547e+00,-1.474192619323730469e+00,-5.053892731666564941e-01,-1.340027332305908203e+00,-1.674219965934753418e+00,-1.427858710289001465e+00,-1.389566183090209961e+00,-1.319589853286743164e+00,7.231241464614868164e-02,-1.651526451110839844e+00,-1.916913986206054688e+00,-1.798980116844177246e+00,-1.813732743263244629e+00,8.183464407920837402e-02,-1.916068434715270996e+00,-1.183295488357543945e+00,-3.592562675476074219e-01,-1.504973053932189941e+00,-9.611463546752929688e-01,5.017526149749755859e-01,-1.064140200614929199e+00,-8.322284221649169922e-01,-1.765403151512145996e+00,-1.754261732101440430e+00,-6.494914889335632324e-01,-1.523975253105163574e+00
-1.915473490953445435e-01,-5.830471515655517578e-01,-1.078429698944091797e+00,-1.279265642166137695e+00,-1.383335471153259277e+00,4.324223995208740234e-01,-1.375240087509155273e+00,-1.292291045188903809e+00,-5.026715993881225586e-02,-1.428754925727844238e+00,-1.892970323562622070e+00,-1.808197259902954102e+00,-1.532084345817565918e+00,-1.276289582252502441e+00,5.157726407051086426e-01,-1.684118390083312988e+00,-1.688768625259399414e+00,-7.347086071968078613e-01,-1.528009057044982910e+00,4.570038616657257080e-01,-1.355813264846801758e+00,-6.901390552520751953e-01,1.167826890945434570e+00,-2.402531355619430542e-01,8.013845086097717285e-01,1.518386751413345337e-01,-6.685835123062133789e-01,-1.118449926376342773e+00,-1.049180269241333008e+00,-1.192098379135131836e+00,1.406790614128112793e+00,3.951211571693420410e-01
-2.022333145141601562e+00,-2.031434774398803711e+00,-1.780376076698303223e+00,-1.798153758049011230e+00,-1.370720028877258301e+00,-5.180378556251525879e-01,-1.200260043144226074e+00,-1.887576818466186523e+00,6.251007318496704102e-01,-1.405521392822265625e+00,-1.933992505073547363e+00,-4.118449985980987549e-01,-1.464941620826721191e+00,-1.119512677192687988e+00,4.151633381843566895e-02,-1.251301646232604980e+00,-1.986831068992614746e+00,-7.834593653678894043e-01,-1.658727765083312988e+00,-5.717813968658447266e-01,-1.617810010910034180e+00,-1.426341652870178223e+00,-4.286343157291412354e-01,-2.005767583847045898e+00,-8.541068434715270996e-01,3.261391818523406982e-01,-1.946333765983581543e+00,-1.146761655807495117e+00,-1.147658824920654297e+00,-1.559449195861816406e+00,-1.101045012474060059e+00,-1.654338121414184570e+00
-1.906415104866027832e+00,-1.793421030044555664e+00,-2.122406482696533203e+00,-1.604668855667114258e+00,-2.223837852478027344e+00,-1.413685441017150879e+00,-1.932502150535583496e+00,-2.715964794158935547e+00,-1.146724700927734375e+00,-2.313014030456542969e+00,-2.540273904800415039e+00,-1.978743314743041992e+00,-1.805827140808105469e+00,-1.874230623245239258e+00,-9.173054695129394531e-01,-1.805796742439270020e+00,-2.170595407485961914e+00,-2.300161123275756836e+00,-1.627347588539123535e+00,-1.447781771421432495e-01,-2.295546054840087891e+00,-1.407134652137756348e+00,-6.815633773803710938e-01,-2.092239141464233398e+00,-8.840769529342651367e-01,-4.058687686920166016e-01,-1.541024208068847656e+00,-6.084610819816589355e-01,-2.656504869461059570e+00,-1.851913928985595703e+00,-1.765614271163940430e+00,-1.844784379005432129e+00
-4.104460179805755615e-01,-7.262760996818542480e-01,-8.767097592353820801e-01,-8.155407905578613281e-01,-6.976968050003051758e-01,9.169647693634033203e-01,-3.471159338951110840e-01,-1.084647059440612793e+00,1.422397136688232422e+00,-1.715350389480590820e+00,-1.379128456115722656e+00,-8.914502263069152832e-01,-1.511176824569702148e+00,-1.111402392387390137e+00,-2.328203245997428894e-02,-1.318844318389892578e+00,-1.772591471672058105e+00,-4.465003311634063721e-01,-1.248068809509277344e+00,9.318377375602722168e-01,-4.268981516361236572e-01,-6.586111187934875488e-01,9.979164004325866699e-01,-6.338232755661010742e-01,2.929794192314147949e-01,8.095541596412658691e-01,-9.535720944404602051e-01,-9.930871725082397461e-01,-1.471640110015869141e+00,-1.199687123298645020e+00,4.637411534786224365e-01,-1.318599134683609009e-01
-4.537430703639984131e-01,-8.112748265266418457e-01,-1.382963359355926514e-01,-6.746924519538879395e-01,4.680021703243255615e-01,-1.405505388975143433e-01,2.414304390549659729e-02,3.953134119510650635e-01,1.065582036972045898e+00,-8.416725993156433105e-01,-8.650075197219848633e-01,2.945927903056144714e-02,-8.320136070251464844e-01,-7.317952513694763184e-01,-5.537703633308410645e-02,-6.011956930160522461e-01,-1.138776302337646484e+00,-4.942477643489837646e-01,-9.124531149864196777e-01,1.655535697937011719e+00,-2.204967886209487915e-01,-1.913439482450485229e-01,7.567959427833557129e-01,-1.704928576946258545e-01,1.277126073837280273e-01,1.472221493721008301e+00,-9.406394958496093750e-01,-4.596503078937530518e-01,-3.584180772304534912e-01,-4.250919222831726074e-01,1.936103254556655884e-01,-9.554280042648315430e-01
-1.260783076286315918e+00,-1.387848377227783203e+00,2.692174911499023438e-01,-3.217294812202453613e-01,2.572897374629974365e-01,-7.747618854045867920e-02,4.887772500514984131e-01,-1.279164105653762817e-01,2.977205440402030945e-02,-9.678509235382080078e-01,-1.094414591789245605e+00,-8.743615150451660156e-01,-1.047520279884338379e+00,-9.462437033653259277e-01,3.852551579475402832e-01,-5.934919118881225586e-01,-8.500053882598876953e-01,-3.972350656986236572e-01,-6.628445982933044434e-01,8.190056085586547852e-01,-7.618445158004760742e-01,-6.533034443855285645e-01,-1.871852390468120575e-02,-5.319177508354187012e-01,-1.661646068096160889e-01,3.538383245468139648e-01,-8.668650984764099121e-01,-8.434641957283020020e-01,-6.242488026618957520e-01,-1.125152349472045898e+00,-3.517588078975677490e-01,-8.269128203392028809e-01
3.233780264854431152e-01,-4.363008141517639160e-01,9.535965919494628906e-01,-4.266687333583831787e-01,6.251625418663024902e-01,4.732616245746612549e-01,4.448298513889312744e-01,-6.128735840320587158e-02,-1.126852869987487793e+00,-6.915270686149597168e-01,-1.107914209365844727e+00,-9.542388916015625000e-01,-1.138344287872314453e+00,-6.969785690307617188e-01,9.452899694442749023e-01,-8.644689321517944336e-01,-1.173603773117065430e+00,-1.582277268171310425e-01,-6.327486634254455566e-01,1.125218272209167480e+00,-5.822983384132385254e-01,-6.394041776657104492e-01,9.964328408241271973e-01,-4.907606840133666992e-01,1.057081460952758789e+00,-5.188772827386856079e-02,-4.939492940902709961e-01,-8.828279972076416016e-01,-1.993173211812973022e-01,-6.527714133262634277e-01,8.865001201629638672e-01,-4.879774153232574463e-01
5.493404343724250793e-02,-6.061903834342956543e-01,7.656577229499816895e-01,-1.549476683139801025e-01,7.007366418838500977e-01,1.078750848770141602e+00,3.535720705986022949e-01,4.295229613780975342e-01,3.696883916854858398e-01,3.293452039361000061e-02,-7.847246527671813965e-01,1.278973277658224106e-02,-1.137018203735351562e+00,-1.988555639982223511e-01,1.330693125724792480e+00,-7.495537400245666504e-01,-1.128383636474609375e+00,-3.523046076297760010e-01,-9.141042232513427734e-01,9.811957478523254395e-01,-4.508073329925537109e-01,-4.472965598106384277e-01,9.341738820075988770e-01,-2.408337891101837158e-01,7.150299549102783203e-01,6.518359780311584473e-01,-2.318510264158248901e-01,-1.153317451477050781e+00,-3.166775703430175781e-01,-9.072925448417663574e-01,-5.607527494430541992e-02,-5.769494771957397461e-01
-1.359995007514953613e+00,-1.602438211441040039e+00,3.544487357139587402e-01,-5.024945139884948730e-01,1.609939634799957275e-01,-2.364268153905868530e-01,-1.724888682365417480e-01,-8.842200040817260742e-02,-7.141614705324172974e-02,-7.628743052482604980e-01,-7.148717045783996582e-01,-5.933870673179626465e-01,-8.700051903724670410e-01,-6.090545654296875000e-01,7.812470197677612305e-01,-4.576898813247680664e-01,-1.026648998260498047e+00,-1.248482465744018555e-01,-8.696898221969604492e-01,8.748106956481933594e-01,-5.093772411346435547e-01,-5.777866840362548828e-01,1.791203580796718597e-02,-7.922151684761047363e-01,-3.860556781291961670e-01,-2.459244132041931152e-01,-1.512567162513732910e+00,-1.157175540924072266e+00,-1.364129543304443359e+00,-1.805819392204284668e+00,-1.194310069084167480e+00,-1.479549884796142578e+00
-2.400347739458084106e-01,-6.713150143623352051e-01,6.728240847587585449e-01,-6.484830379486083984e-02,-1.969486624002456665e-01,-5.417825579643249512e-01,-1.845292448997497559e-01,-2.406885623931884766e-01,-1.334460258483886719e+00,-7.375049591064453125e-01,-1.232742547988891602e+00,-1.959929108619689941e+00,-9.148702025413513184e-01,-9.632108807563781738e-01,-6.591478586196899414e-01,-5.206789970397949219e-01,-9.405398964881896973e-01,-8.769605159759521484e-01,-5.218960046768188477e-01,1.537253260612487793e+00,-5.833024382591247559e-01,-1.019279137253761292e-01,3.065556585788726807e-01,-5.437051057815551758e-01,2.646513283252716064e-01,1.167559504508972168e+00,-4.959087967872619629e-01,-1.235545352101325989e-01,-6.989765763282775879e-01,-7.332084774971008301e-01,-5.171097517013549805e-01,-6.051772236824035645e-01
-4.766092896461486816e-01,-1.059484481811523438e+00,3.670032322406768799e-01,-6.523600220680236816e-01,2.028257101774215698e-01,4.889689981937408447e-01,-3.052859902381896973e-01,-1.892890036106109619e-01,4.416664838790893555e-01,-2.074711620807647705e-01,-6.380422711372375488e-01,4.068928956985473633e-02,-5.958867073059082031e-01,-8.966146111488342285e-01,-4.616616368293762207e-01,-6.112883090972900391e-01,-7.081577777862548828e-01,-3.283922970294952393e-01,-6.135029792785644531e-01,1.338534951210021973e+00,4.839713573455810547e-01,-3.396154642105102539e-01,7.902702093124389648e-01,-7.084029726684093475e-03,4.570530652999877930e-01,1.130527377128601074e+00,-1.069608926773071289e-01,-1.684975177049636841e-01,-6.974712014198303223e-01,-6.399654150009155273e-01,-3.072136081755161285e-02,-3.732321858406066895e-01
-1.390101313591003418e+00,-1.509110212326049805e+00,-1.057863950729370117e+00,-1.450011610984802246e+00,-4.084210395812988281e-01,-9.735726118087768555e-01,-8.927736282348632812e-01,-3.808226585388183594e-01,-6.946165561676025391e-01,-1.019453763961791992e+00,-8.825535774230957031e-01,-3.668274730443954468e-02,-9.107594490051269531e-01,-4.912852346897125244e-01,-3.775109052658081055e-01,-5.891920924186706543e-01,-6.047976016998291016e-01,-1.132381081581115723e+00,-7.304796576499938965e-01,1.047917485237121582e+00,-1.058653593063354492e+00,-6.777290105819702148e-01,5.697201937437057495e-02,-1.051560401916503906e+00,-7.772147059440612793e-01,2.282432019710540771e-01,-1.155024409294128418e+00,-8.411338925361633301e-01,-7.545809745788574219e-01,-8.832791447639465332e-01,-1.408396244049072266e+00,-1.561441421508789062e+00
3.482278436422348022e-02,-2.033365964889526367e-01,-3.246147632598876953e-01,-4.471425712108612061e-01,-9.264963269233703613e-01,-1.681710630655288696e-01,-6.661445498466491699e-01,-4.680228829383850098e-01,-8.411984443664550781e-01,-7.496679425239562988e-01,-1.150610923767089844e+00,-1.784479737281799316e+00,-1.097733736038208008e+00,-1.084458470344543457e+00,-6.086870282888412476e-02,-1.034669399261474609e+00,-1.225325703620910645e+00,-1.689464569091796875e+00,-9.402689337730407715e-01,-6.222005188465118408e-02,-1.122585058212280273e+00,-1.234246730804443359e+00,8.085207939147949219e-01,-5.804259330034255981e-02,3.807161152362823486e-01,9.632622823119163513e-03,9.344048053026199341e-02,-6.431739330291748047e-01,-1.033476591110229492e+00,-1.130439877510070801e+00,-3.180708270519971848e-03,-3.786943256855010986e-01
-1.433222055435180664e+00,-1.226741313934326172e+00,-1.526242136955261230e+00,-1.236081957817077637e+00,-9.607959985733032227e-01,-1.393673866987228394e-01,-1.110019445419311523e+00,5.907112732529640198e-02,3.738364577293395996e-02,-5.407130718231201172e-01,-6.022872924804687500e-01,5.867094993591308594e-01,-8.619162440299987793e-01,-6.484524011611938477e-01,8.628985285758972168e-01,-6.224110722541809082e-01,-1.090588331222534180e+00,-1.006645202636718750e+00,-1.199513435363769531e+00,8.746499419212341309e-01,-3.354957699775695801e-01,-8.731841444969177246e-01,5.935763716697692871e-01,-8.728221654891967773e-01,2.832216918468475342e-01,2.832847237586975098e-01,-9.503033161163330078e-01,-1.268005251884460449e+00,-1.020653367042541504e+00,-1.436993002891540527e+00,-1.264209270477294922e+00,-1.345167994499206543e+00
-1.854687929153442383e+00,-1.578431844711303711e+00,-1.838423609733581543e+00,-1.454934000968933105e+00,-1.180003166198730469e+00,-9.570696353912353516e-01,-1.327888131141662598e+00,-1.919030249118804932e-01,-5.142678022384643555e-01,-1.207164287567138672e+00,-9.474880099296569824e-01,-1.285494923591613770e+00,-1.133084297180175781e+00,-4.690581858158111572e-01,-2.612158358097076416e-01,-9.283537864685058594e-01,-9.124137163162231445e-01,-1.317376613616943359e+00,-9.416667222976684570e-01,-4.882103502750396729e-01,-1.516688585281372070e+00,-1.337612986564636230e+00,-6.773517131805419922e-01,-9.683055877685546875e-01,-1.054895997047424316e+00,1.039467006921768188e-01,-1.082363367080688477e+00,-6.218047738075256348e-01,-4.668206572532653809e-01,-6.066593527793884277e-01,-1.170240759849548340e+00,-1.050927639007568359e+00
-6.752424240112304688e-01,-7.363857626914978027e-01,-1.057197690010070801e+00,-1.110146045684814453e+00,-1.014601349830627441e+00,-3.476229012012481689e-01,-1.180974721908569336e+00,6.040654778480529785e-01,-1.064386725425720215e+00,-9.235360622406005859e-01,-4.372739791870117188e-01,-7.396696209907531738e-01,-7.129777073860168457e-01,-4.026825129985809326e-01,-6.598713397979736328e-01,-5.403714776039123535e-01,-1.063752055168151855e+00,-1.275932073593139648e+00,-6.569914221763610840e-01,8.573344349861145020e-01,-2.995751500129699707e-01,-7.595844268798828125e-01,1.558695554733276367e+00,-3.232756257057189941e-01,1.104629635810852051e+00,6.462419629096984863e-01,-3.938466012477874756e-01,8.995365351438522339e-02,-1.325845718383789062e+00,-7.273061275482177734e-01,-1.006480097770690918e+00,-3.397985398769378662e-01
-2.257386922836303711e+00,-2.065065145492553711e+00,-2.034843206405639648e+00,-1.367593526840209961e+00,-1.080701231956481934e+00,-1.449934840202331543e+00,-1.041846036911010742e+00,5.421246215701103210e-02,-7.038934826850891113e-01,-8.774603605270385742e-01,-1.029602289199829102e+00,4.692525863647460938e-01,-1.062217473983764648e+00,-1.044907927513122559e+00,-1.999360918998718262e-01,-9.726059436798095703e-01,-9.976522922515869141e-01,-1.315601587295532227e+00,-9.714131951332092285e-01,-2.824822440743446350e-02,-8.877844810485839844e-01,-1.177313208580017090e+00,-5.513302683830261230e-01,-1.375892758369445801e+00,-6.152319312095642090e-01,-3.071022629737854004e-01,-2.056982040405273438e+00,-1.198018670082092285e+00,-5.917633771896362305e-01,-9.788936376571655273e-01,-1.096319794654846191e+00,-1.417146682739257812e+00
-2.106899499893188477e+00,-1.874459981918334961e+00,-2.257416725158691406e+00,-2.014493942260742188e+00,-1.392623901367187500e+00,-2.129473209381103516e+00,-1.512375831604003906e+00,-3.803680539131164551e-01,-1.934192419052124023e+00,-1.460336089134216309e+00,-1.357658028602600098e+00,-1.250011205673217773e+00,-1.161075115203857422e+00,-1.574284553527832031e+00,-1.610718727111816406e+00,-1.611857891082763672e+00,-1.293617248535156250e+00,-2.052484035491943359e+00,-1.632126212120056152e+00,-1.916200757026672363e+00,-1.982567071914672852e+00,-2.217912197113037109e+00,-1.838418006896972656e+00,-2.220460176467895508e+00,-2.215709209442138672e+00,-1.428867578506469727e+00,-1.925919532775878906e+00,-1.346220374107360840e+00,-1.150836825370788574e+00,-1.223876118659973145e+00,-1.822851777076721191e+00,-1.017682790756225586e+00
-6.650159955024719238e-01,-9.486235976219177246e-01,-1.374437212944030762e+00,-8.585067987442016602e-01,-3.770092427730560303e-01,-2.396090924739837646e-01,-1.288528591394424438e-01,-7.078874707221984863e-01,-6.326305866241455078e-01,-9.388131499290466309e-01,-1.833948493003845215e+00,-9.262613058090209961e-01,-1.204580903053283691e+00,-1.170482158660888672e+00,1.889363229274749756e-01,-1.654602050781250000e+00,-9.938769936561584473e-01,-1.614383220672607422e+00,-1.322002530097961426e+00,-4.895287156105041504e-01,-1.976665496826171875e+00,-1.210661292076110840e+00,-2.515052817761898041e-02,-1.081255197525024414e+00,-1.002587080001831055e-01,-8.596437573432922363e-01,-2.662755250930786133e-01,-1.410811305046081543e+00,-1.140485286712646484e+00,-6.359778642654418945e-01,-1.195625185966491699e+00,-9.068487286567687988e-01
-6.837938427925109863e-01,-7.819600701332092285e-01,-4.721338748931884766e-01,1.118655055761337280e-01,8.375130891799926758e-01,1.645502090454101562e+00,1.419125199317932129e+00,5.009538531303405762e-01,8.947861194610595703e-01,-9.264056384563446045e-02,-1.194737672805786133e+00,-2.008436471223831177e-01,-1.275436758995056152e+00,-1.145676136016845703e+00,1.337204217910766602e+00,-1.268202304840087891e+00,-8.390569090843200684e-01,1.481174081563949585e-01,-1.003929018974304199e+00,-4.007485806941986084e-01,1.254189759492874146e-01,-1.413409709930419922e+00,2.956232428550720215e-01,-3.866486847400665283e-01,-8.647269010543823242e-02,-1.550110101699829102e+00,-6.532728672027587891e-01,-1.859873771667480469e+00,-1.576790452003479004e+00,-1.162287950515747070e+00,-1.951089352369308472e-01,-5.831803679466247559e-01
-1.319574117660522461e+00,-1.220569849014282227e+00,-1.095315456390380859e+00,-7.634268999099731445e-01,5.269752740859985352e-01,-4.367674291133880615e-01,7.672629952430725098e-01,4.617435634136199951e-01,-7.191882133483886719e-01,3.387690186500549316e-01,-1.346512913703918457e+00,-1.194728732109069824e+00,-1.175241947174072266e+00,-1.578051209449768066e+00,-5.932807922363281250e-01,-1.124875545501708984e+00,-1.080762028694152832e+00,-9.954544305801391602e-01,-1.332782983779907227e+00,-4.468589425086975098e-01,-8.141055703163146973e-01,-1.484675288200378418e+00,-5.942235589027404785e-01,-8.089845776557922363e-01,-1.080188035964965820e+00,-1.118911147117614746e+00,-1.076609611511230469e+00,-1.985555529594421387e+00,-9.206880331039428711e-01,-8.903057575225830078e-01,-9.101260304450988770e-01,-1.547914147377014160e+00
-1.410741448402404785e+00,-1.194038748741149902e+00,-1.514611482620239258e+00,-1.012655854225158691e+00,-6.764346957206726074e-01,-1.304202914237976074e+00,-8.891199827194213867e-01,3.176600113511085510e-02,-5.978114008903503418e-01,-3.815023899078369141e-01,-1.260177850723266602e+00,-1.404589533805847168e+00,-1.090561985969543457e+00,-1.923774838447570801e+00,-1.590166091918945312e+00,-1.532416105270385742e+00,-1.450681567192077637e+00,-1.260766625404357910e+00,-1.233802676200866699e+00,-1.540613532066345215e+00,-1.183428406715393066e+00,-1.969876527786254883e+00,-1.325460672378540039e+00,-1.011889815330505371e+00,-1.664126873016357422e+00,-1.726836681365966797e+00,-9.688560366630554199e-01,-1.683660149574279785e+00,-1.261822581291198730e+00,-1.567266225814819336e+00,-1.507992148399353027e+00,-7.075685858726501465e-01
-9.552021622657775879e-01,-8.819236755371093750e-01,-1.460667967796325684e+00,-9.768774509429931641e-01,-9.892523884773254395e-01,-1.079607725143432617e+00,-7.888526320457458496e-01,-6.073330044746398926e-01,-3.816013038158416748e-01,-5.500227808952331543e-01,-1.267886996269226074e+00,-2.122510910034179688e+00,-9.488062858581542969e-01,-1.092331290245056152e+00,-8.398138284683227539e-01,-7.444925308227539062e-01,-1.426225781440734863e+00,-1.888159215450286865e-01,-1.325217485427856445e+00,-6.626998186111450195e-01,4.598158895969390869e-01,-1.281990408897399902e+00,-8.110696822404861450e-02,-2.068304419517517090e-01,-2.833398282527923584e-01,-5.303508043289184570e-01,-1.035050824284553528e-01,-1.012561202049255371e+00,-1.245802879333496094e+00,-4.030986428260803223e-01,-9.593200087547302246e-01,7.768364995718002319e-02
9.314984083175659180e-01,4.315427243709564209e-01,8.328674435615539551e-01,2.665517926216125488e-01,7.820020318031311035e-01,1.723386287689208984e+00,9.719287753105163574e-01,1.476380348205566406e+00,1.400134563446044922e+00,1.969549432396888733e-02,-4.387390613555908203e-01,7.396599054336547852e-01,-4.906307756900787354e-01,-5.049437880516052246e-01,-1.563645005226135254e-01,-1.712007373571395874e-01,-7.036378979682922363e-01,-8.702460527420043945e-01,-7.754969000816345215e-01,8.394079804420471191e-01,3.877189159393310547e-01,-8.732223510742187500e-01,1.477399349212646484e+00,1.873795628547668457e+00,1.466421008110046387e+00,1.420604944229125977e+00,6.742838025093078613e-01,1.921389997005462646e-01,1.731133610010147095e-01,5.675563216209411621e-01,1.752539753913879395e+00,1.176678061485290527e+00
5.936402678489685059e-01,4.168475866317749023e-01,7.811955809593200684e-01,4.573649764060974121e-01,1.432192683219909668e+00,9.713286757469177246e-01,1.691528439521789551e+00,1.439073801040649414e+00,1.885059356689453125e+00,6.464295983314514160e-01,7.320166379213333130e-02,8.360702991485595703e-01,-1.657352745532989502e-01,1.684333831071853638e-01,1.089421510696411133e+00,-2.267995476722717285e-01,1.251732110977172852e-01,6.918748617172241211e-01,-3.145528435707092285e-01,3.493004739284515381e-01,2.866827547550201416e-01,2.951683662831783295e-02,1.017262220382690430e+00,5.339267849922180176e-01,9.768460988998413086e-01,6.446579098701477051e-01,8.220018744468688965e-01,-3.549799621105194092e-01,3.373805582523345947e-01,8.556646108627319336e-02,2.155082821846008301e-01,8.373919874429702759e-02
5.407008528709411621e-01,8.075848966836929321e-02,2.110185325145721436e-01,-4.777226131409406662e-03,8.379521965980529785e-01,1.724712252616882324e+00,6.853053569793701172e-01,1.096665859222412109e+00,2.579338788986206055e+00,9.665791988372802734e-01,-3.577236458659172058e-02,4.533824026584625244e-01,-5.071070790290832520e-01,-2.312798798084259033e-01,8.661047220230102539e-01,-1.778893172740936279e-01,-3.088955283164978027e-01,1.342176556587219238e+00,-5.941961407661437988e-01,1.468264579772949219e+00,1.718031525611877441e+00,1.580595374107360840e-01,1.086909055709838867e+00,1.221066117286682129e+00,6.961524486541748047e-01,9.316957592964172363e-01,4.871356487274169922e-01,1.713112890720367432e-01,2.585456967353820801e-01,2.906729876995086670e-01,2.874259352684020996e-01,5.843941569328308105e-01
-6.527949571609497070e-01,-6.123834848403930664e-01,-7.530426383018493652e-01,-4.555063545703887939e-01,-3.458169698715209961e-01,-4.181225597858428955e-01,-8.517532944679260254e-01,-6.976302862167358398e-01,3.345422446727752686e-01,-1.396293193101882935e-01,-7.343014478683471680e-01,-6.902069449424743652e-01,-9.964118003845214844e-01,-9.069985747337341309e-01,-5.899266004562377930e-01,-1.113543868064880371e+00,-6.565511226654052734e-01,5.453910678625106812e-03,-1.001308202743530273e+00,5.695948600769042969e-01,1.022391989827156067e-01,-4.744459390640258789e-01,-3.681973740458488464e-02,2.583696544170379639e-01,-7.351360470056533813e-02,8.278204202651977539e-01,-8.872882276773452759e-02,-4.899733066558837891e-01,-4.521761834621429443e-01,-1.137361049652099609e+00,-7.735697031021118164e-01,-1.138645410537719727e+00
-1.276321113109588623e-01,-2.666810154914855957e-01,-1.955714970827102661e-01,-2.037654072046279907e-01,-9.409694075584411621e-01,-8.323284983634948730e-01,-6.363549828529357910e-01,-8.641887307167053223e-01,3.245501220226287842e-01,-1.507536888122558594e+00,-7.022092342376708984e-01,-1.065164446830749512e+00,-8.837962150573730469e-01,-1.501495242118835449e+00,-4.794191420078277588e-01,-8.871623277664184570e-01,-1.296564102172851562e+00,-4.625790715217590332e-01,-1.082938551902770996e+00,2.331081479787826538e-01,5.718688294291496277e-02,-7.198849916458129883e-01,-5.502549409866333008e-01,-1.588913053274154663e-01,-5.616117715835571289e-01,-3.556221425533294678e-01,-1.238979220390319824e+00,-7.825571298599243164e-01,-1.225155711174011230e+00,-1.137694835662841797e+00,-6.671688556671142578e-01,-1.188721656799316406e+00
-2.113831043243408203e-01,-3.351827859878540039e-01,-9.361202120780944824e-01,-7.630929350852966309e-01,-1.365231513977050781e+00,-1.235559582710266113e+00,-1.032774209976196289e+00,-7.250206470489501953e-01,-1.197308540344238281e+00,-1.549308300018310547e+00,-9.067099690437316895e-01,-6.684682965278625488e-01,-9.392144680023193359e-01,-8.350915312767028809e-01,-5.368350148200988770e-01,-8.905961513519287109e-01,-8.891429901123046875e-01,-9.773948192596435547e-01,-9.935418367385864258e-01,1.321251690387725830e-01,-7.258859872817993164e-01,-7.662540674209594727e-01,-4.538047313690185547e-01,-4.693692326545715332e-01,-6.743688583374023438e-01,3.945522308349609375e-01,-2.857189178466796875e-01,-1.785052567720413208e-01,-3.341468870639801025e-01,-3.500829339027404785e-01,-2.296685576438903809e-01,-3.062570095062255859e-01
7.389262318611145020e-01,3.515934348106384277e-01,1.746271401643753052e-01,-1.677692234516143799e-01,-1.227830171585083008e+00,-4.747099578380584717e-01,-3.624362647533416748e-01,-6.159990653395652771e-02,3.955882489681243896e-01,-1.273049592971801758e+00,-4.468144476413726807e-01,-6.866292953491210938e-01,-5.301805138587951660e-01,-1.121056675910949707e+00,8.785021305084228516e-02,-3.902666270732879639e-01,-9.955548644065856934e-01,-4.552600383758544922e-01,-7.195245623588562012e-01,3.451685607433319092e-01,1.651665568351745605e-01,-6.426753401756286621e-01,1.579216241836547852e+00,3.857312202453613281e-01,1.149756073951721191e+00,1.060359120368957520e+00,2.425301969051361084e-01,4.555505216121673584e-01,-6.396924257278442383e-01,1.911938637495040894e-01,1.217538490891456604e-01,1.309832632541656494e-01
-1.259350478649139404e-01,-3.298096656799316406e-01,-7.947950363159179688e-01,-7.779909372329711914e-01,-1.082457661628723145e+00,-1.163978815078735352e+00,-9.963416457176208496e-01,-1.321499794721603394e-01,-5.226456522941589355e-01,-8.088359236717224121e-01,-1.010800361633300781e+00,4.866629838943481445e-01,-9.702000021934509277e-01,-1.207962751388549805e+00,-2.665595412254333496e-01,-8.684104084968566895e-01,-9.696414470672607422e-01,-9.123337268829345703e-01,-1.021147966384887695e+00,3.644294440746307373e-01,3.862980008125305176e-02,-8.618687391281127930e-01,7.520266622304916382e-02,-3.498001098632812500e-01,-3.138651549816131592e-01,-8.623694181442260742e-01,-1.310731887817382812e+00,-1.245775461196899414e+00,-1.917534768581390381e-01,-5.024372339248657227e-01,2.145448923110961914e-01,-5.860125422477722168e-01
-2.030058145523071289e+00,-1.997512936592102051e+00,-1.561013102531433105e+00,-1.643162608146667480e+00,-1.311122059822082520e+00,-1.615617275238037109e+00,-1.389439344406127930e+00,-6.693590879440307617e-01,-1.301939845085144043e+00,-1.330848097801208496e+00,-1.452033638954162598e+00,-1.273806691169738770e+00,-1.238638520240783691e+00,-1.368964433670043945e+00,-8.042330741882324219e-01,-1.673966050148010254e+00,-9.910664558410644531e-01,-1.822300672531127930e+00,-1.489404201507568359e+00,-2.287415027618408203e+00,-2.168488264083862305e+00,-2.479427099227905273e+00,-1.936152577400207520e+00,-2.000216484069824219e+00,-1.931601524353027344e+00,-2.587051153182983398e+00,-1.658120989799499512e+00,-1.944751024246215820e+00,-7.514959573745727539e-01,-1.278525590896606445e+00,-1.176005721092224121e+00,-1.753560066223144531e+00
-1.283792614936828613e+00,-1.247931718826293945e+00,-1.355234503746032715e+00,-1.119410157203674316e+00,-7.104979157447814941e-01,-1.909243464469909668e+00,-3.999898135662078857e-01,-9.478940963745117188e-01,-2.592211961746215820e+00,-1.624552249908447266e+00,-1.535072207450866699e+00,-2.087933778762817383e+00,-1.206393241882324219e+00,-1.316603660583496094e+00,-1.512378454208374023e+00,-1.272576689720153809e+00,-5.781919956207275391e-01,-2.196125030517578125e+00,-8.212829232215881348e-01,-7.033920884132385254e-01,-1.773011326789855957e+00,-1.432260274887084961e+00,-1.986135005950927734e+00,-1.893549561500549316e+00,-2.147972345352172852e+00,-3.204837799072265625e+00,-1.898593664169311523e+00,-2.274010658264160156e+00,-1.683706283569335938e+00,-1.535066843032836914e+00,-1.814808249473571777e+00,-1.026664972305297852e+00
-1.692321151494979858e-01,-7.241290211677551270e-01,-5.835947990417480469e-01,-4.975575506687164307e-01,4.088263511657714844e-01,7.201124429702758789e-01,8.244132995605468750e-01,-2.238963395357131958e-01,6.408960819244384766e-01,-3.829697668552398682e-01,-1.628680348396301270e+00,-1.030158400535583496e+00,-1.419778227806091309e+00,-1.314313054084777832e+00,-1.945102028548717499e-02,-1.821876287460327148e+00,-1.026879668235778809e+00,-1.378861784934997559e+00,-1.200544238090515137e+00,-2.102764368057250977e+00,-1.992447137832641602e+00,-1.871881723403930664e+00,-2.804791629314422607e-01,-1.072150468826293945e+00,-2.372328788042068481e-01,-2.529426813125610352e+00,-7.572677731513977051e-01,-2.320268630981445312e+00,-9.319315552711486816e-01,-1.091723322868347168e+00,1.115694642066955566e-01,3.151582479476928711e-01
-7.872373461723327637e-01,-9.724681377410888672e-01,-9.039691686630249023e-01,-7.780199646949768066e-01,6.350589394569396973e-01,-2.774088382720947266e-01,4.635547474026679993e-02,4.560040831565856934e-01,-3.413977921009063721e-01,-3.934044539928436279e-01,-5.885609388351440430e-01,-4.626530036330223083e-02,-8.629218339920043945e-01,-6.478075981140136719e-01,-1.102279275655746460e-01,-1.283370971679687500e+00,-8.117172122001647949e-01,-1.065930843353271484e+00,-1.245439171791076660e+00,-1.056390404701232910e+00,-9.517632722854614258e-01,-1.782249331474304199e+00,-7.892447113990783691e-01,-2.082170486450195312e+00,-1.287403583526611328e+00,-2.294876098632812500e+00,-1.790002822875976562e+00,-2.255861282348632812e+00,-9.246464967727661133e-01,-1.485441446304321289e+00,-1.331661701202392578e+00,-1.193145394325256348e+00
-1.612349987030029297e+00,-1.334797024726867676e+00,-1.198855996131896973e+00,-7.459152340888977051e-01,-9.281682223081588745e-02,-1.562905669212341309e+00,-9.066408276557922363e-01,-9.335170388221740723e-01,-1.391695380210876465e+00,-1.026904821395874023e+00,-1.568437695503234863e+00,-1.274186968803405762e+00,-1.485009312629699707e+00,-1.031164526939392090e+00,-5.599032640457153320e-01,-1.566978693008422852e+00,-6.279634833335876465e-01,-1.566198468208312988e+00,-1.197215795516967773e+00,-7.984585165977478027e-01,-2.102633953094482422e+00,-1.536835670471191406e+00,-1.450307369232177734e+00,-1.954820632934570312e+00,-1.714262127876281738e+00,-2.268104314804077148e+00,-1.580810546875000000e+00,-2.231146574020385742e+00,-1.288807153701782227e+00,-2.096755981445312500e+00,-1.950752854347229004e+00,-1.642186522483825684e+00
-3.910620510578155518e-01,-3.597178161144256592e-01,-1.112958431243896484e+00,-1.034901142120361328e+00,-3.096596300601959229e-01,-9.086623191833496094e-01,-1.076098799705505371e+00,6.321945786476135254e-02,-1.281587839126586914e+00,-5.988538861274719238e-01,-6.534953713417053223e-01,-2.135407686233520508e+00,-7.014741897583007812e-01,-1.418423891067504883e+00,-1.412755727767944336e+00,-1.033400297164916992e+00,-8.879684209823608398e-01,-1.170918583869934082e+00,-1.000985026359558105e+00,-1.468135952949523926e+00,-7.883586883544921875e-01,-1.651313662528991699e+00,-1.196292996406555176e+00,-4.704376459121704102e-01,-1.579189896583557129e+00,-1.146909952163696289e+00,-1.503099352121353149e-01,-9.038200378417968750e-01,-4.443707466125488281e-01,-2.493390142917633057e-01,-7.498366832733154297e-01,-4.940194785594940186e-01
-1.423987299203872681e-01,-3.299175798892974854e-01,-3.705166578292846680e-01,-3.058586418628692627e-01,1.688638031482696533e-01,-4.386441707611083984e-01,-4.175106585025787354e-01,8.415149450302124023e-01,-2.660174965858459473e-01,-3.408722579479217529e-01,-3.639851212501525879e-01,-2.132629454135894775e-01,-2.746710181236267090e-01,-4.216687977313995361e-01,-4.403690993785858154e-01,-4.805922806262969971e-01,-6.072096228599548340e-01,-7.116709947586059570e-01,-7.829051613807678223e-01,8.138929605484008789e-01,-1.684251800179481506e-02,-5.160291790962219238e-01,1.124455690383911133e+00,-3.698792681097984314e-02,7.318047285079956055e-01,1.005874156951904297e+00,5.277057886123657227e-01,-1.323197722434997559e+00,-5.832889080047607422e-01,-6.268081068992614746e-01,-3.416050076484680176e-01,-3.007678985595703125e-01
-5.590709447860717773e-01,-3.914925456047058105e-01,9.758887439966201782e-02,3.101421892642974854e-01,8.681480288505554199e-01,1.914057731628417969e-01,5.914942026138305664e-01,1.487433075904846191e+00,1.160057783126831055e+00,5.205773711204528809e-01,7.259121537208557129e-02,-1.214049831032752991e-01,-9.053667634725570679e-02,-2.458716630935668945e-01,4.508427530527114868e-02,-2.729328274726867676e-01,8.571051061153411865e-02,-1.403224319219589233e-01,-5.885002017021179199e-01,6.138562560081481934e-01,-2.999161779880523682e-01,-2.227572947740554810e-01,1.760138720273971558e-01,-6.056497097015380859e-01,2.091056257486343384e-01,5.464194342494010925e-02,-6.536380052566528320e-01,-7.587319612503051758e-01,1.849516034126281738e-01,-6.029176712036132812e-01,-1.236240386962890625e+00,-7.883002758026123047e-01
-1.887703500688076019e-02,-5.469135195016860962e-02,7.751531004905700684e-01,1.371499538421630859e+00,1.318958163261413574e+00,7.392060756683349609e-01,1.033293128013610840e+00,1.086721181869506836e+00,-2.096917033195495605e-01,7.024835348129272461e-01,8.992798924446105957e-01,-3.684456944465637207e-01,1.392361968755722046e-01,1.317112684249877930e+00,1.249288201332092285e+00,9.923282861709594727e-01,1.029511928558349609e+00,1.077983379364013672e+00,3.481170237064361572e-01,1.745634198188781738e+00,2.696034312248229980e-01,1.866879463195800781e+00,5.082278847694396973e-01,-2.915949225425720215e-01,1.202821016311645508e+00,-5.180638432502746582e-01,-6.519724428653717041e-02,-4.833014607429504395e-01,-5.016291737556457520e-01,-6.900651454925537109e-01,-1.682380676269531250e+00,-1.035835981369018555e+00
6.544920206069946289e-01,1.063400983810424805e+00,1.661600470542907715e+00,2.173870325088500977e+00,2.571579933166503906e+00,1.032689452171325684e+00,2.203950405120849609e+00,2.441009998321533203e+00,6.976816058158874512e-01,9.068568944931030273e-01,3.072132766246795654e-01,7.395331859588623047e-01,-5.014271140098571777e-01,1.955130249261856079e-01,1.791417479515075684e+00,-4.850712418556213379e-02,7.277475595474243164e-01,8.917272090911865234e-01,-1.226551681756973267e-01,1.791197955608367920e-01,1.430950909852981567e-01,3.534510731697082520e-01,-2.181305587291717529e-01,-1.807124465703964233e-01,5.618480443954467773e-01,4.643494784832000732e-01,-8.084547519683837891e-01,-1.546413898468017578e-01,1.327685594558715820e+00,2.640948891639709473e-01,4.857308566570281982e-01,4.107253253459930420e-01
9.228147864341735840e-01,1.473872065544128418e+00,8.228420019149780273e-01,1.425718903541564941e+00,7.414368987083435059e-01,-4.571462571620941162e-01,2.077588737010955811e-01,1.027848958969116211e+00,-1.001419901847839355e+00,4.878874123096466064e-01,7.742248773574829102e-01,-1.403663516044616699e+00,-1.740010380744934082e-01,-1.896254122257232666e-01,-3.687308132648468018e-01,-7.751734256744384766e-01,4.173524081707000732e-01,-5.140696763992309570e-01,-3.980439901351928711e-01,-1.902293711900711060e-01,-3.905702233314514160e-01,-1.730661690235137939e-01,-8.530469536781311035e-01,-1.355604529380798340e-01,-9.759837388992309570e-01,-8.831901550292968750e-01,-5.596542358398437500e-01,1.407949179410934448e-01,-1.755479127168655396e-01,-6.389290094375610352e-01,6.459284573793411255e-02,3.470544219017028809e-01
7.010399103164672852e-01,1.069831490516662598e+00,7.474090456962585449e-01,1.587825179100036621e+00,-5.654125288128852844e-02,5.388450622558593750e-01,-4.241536259651184082e-01,-9.529800713062286377e-02,1.568815588951110840e+00,-2.048135846853256226e-01,-4.437098652124404907e-02,1.215180635452270508e+00,-4.344169199466705322e-01,-2.120899735018610954e-03,1.114035367965698242e+00,-2.963577806949615479e-01,9.137351065874099731e-02,-4.695636928081512451e-01,-4.213344752788543701e-01,-3.792690113186836243e-02,-5.941960811614990234e-01,5.203949213027954102e-01,1.071028232574462891e+00,-1.730361371301114559e-03,1.658610105514526367e+00,-3.348870277404785156e-01,2.935924530029296875e-01,2.189616858959197998e-01,-7.322425842285156250e-01,-7.439767122268676758e-01,-1.050857082009315491e-01,3.882968723773956299e-01
-6.209695935249328613e-01,-1.926982775330543518e-02,-5.341491699218750000e-01,5.217050313949584961e-01,-3.476746678352355957e-01,-6.328650116920471191e-01,-1.046267747879028320e+00,-2.094055898487567902e-02,6.455447673797607422e-01,-3.236061036586761475e-01,2.188724577426910400e-01,1.028783917427062988e+00,6.177224684506654739e-03,-2.587158381938934326e-01,-8.500572443008422852e-01,-4.941784776747226715e-03,2.470639795064926147e-01,-9.436294436454772949e-02,-1.088433563709259033e-01,-5.433562994003295898e-01,1.983874291181564331e-01,1.202947944402694702e-01,-5.116031765937805176e-01,-4.331477880477905273e-01,1.465782970190048218e-01,-4.580704569816589355e-01,-5.870602130889892578e-01,-3.563143312931060791e-02,-3.134996592998504639e-01,-7.157473564147949219e-01,-5.329062938690185547e-01,-9.456096291542053223e-01
-5.151126980781555176e-01,2.963626086711883545e-01,-8.670023083686828613e-02,1.141742587089538574e+00,-2.759848237037658691e-01,-4.790957868099212646e-01,-2.007214874029159546e-01,-1.017307639122009277e+00,-5.854285135865211487e-02,-5.185067057609558105e-01,-1.717980392277240753e-02,8.120311051607131958e-02,-4.773591458797454834e-01,6.287873983383178711e-01,1.485808014869689941e+00,-1.690060459077358246e-02,8.131539225578308105e-01,2.834489941596984863e-01,-7.163620740175247192e-02,-1.954867243766784668e-01,-7.677270770072937012e-01,2.218663096427917480e-01,-9.853212237358093262e-01,-1.672783374786376953e+00,-4.899646639823913574e-01,-4.900792837142944336e-01,-1.031229853630065918e+00,3.444694280624389648e-01,3.294636309146881104e-01,-2.422772794961929321e-01,-1.284379243850708008e+00,-6.229392886161804199e-01
2.461728304624557495e-01,7.819816470146179199e-01,3.684873580932617188e-01,1.121747970581054688e+00,4.839107096195220947e-01,9.414234012365341187e-02,1.489270776510238647e-01,2.783645093441009521e-01,2.412517219781875610e-01,-5.074850916862487793e-01,5.501897931098937988e-01,1.780132055282592773e-01,-2.917329668998718262e-01,3.745848238468170166e-01,3.083882629871368408e-01,-5.441039204597473145e-01,9.140706658363342285e-01,2.428533732891082764e-01,5.671491101384162903e-02,-2.945403940975666046e-02,-6.759741902351379395e-02,5.100723505020141602e-01,-8.531365990638732910e-01,-8.099020272493362427e-02,-5.223447084426879883e-01,1.210285499691963196e-01,-2.790477871894836426e-02,6.688362956047058105e-01,8.365194201469421387e-01,6.667894721031188965e-01,3.213585913181304932e-01,-1.440788954496383667e-01
1.620846271514892578e+00,1.350549459457397461e+00,8.206612467765808105e-01,8.271425962448120117e-01,1.099936842918395996e+00,8.322468996047973633e-01,1.108151197433471680e+00,1.014949321746826172e+00,4.454773664474487305e-01,1.911180317401885986e-01,2.869637906551361084e-01,3.178619146347045898e-01,-8.376272767782211304e-02,7.191377282142639160e-01,8.814287781715393066e-01,-1.974325031042098999e-01,9.345518350601196289e-01,1.674762181937694550e-02,2.196523398160934448e-01,-1.491191238164901733e-01,-6.913200020790100098e-02,6.233665943145751953e-01,1.312118768692016602e+00,4.512062370777130127e-01,1.740416526794433594e+00,2.739803194999694824e-01,9.226033687591552734e-01,3.132085204124450684e-01,7.396762967109680176e-01,4.317320585250854492e-01,1.323740482330322266e+00,1.049673318862915039e+00
3.112010844051837921e-02,-1.146155521273612976e-01,-7.709884643554687500e-02,-4.526312947273254395e-01,7.625976204872131348e-01,2.529909610748291016e-01,8.746507763862609863e-01,1.800916433334350586e+00,4.630095958709716797e-01,1.231327056884765625e+00,9.620167016983032227e-01,1.030957818031311035e+00,7.695562392473220825e-02,3.521202504634857178e-01,9.119125008583068848e-01,2.953276038169860840e-01,7.956930398941040039e-01,3.789310157299041748e-01,3.571327030658721924e-02,1.598106697201728821e-02,5.514267086982727051e-01,-1.584159433841705322e-01,3.012985587120056152e-01,6.404775977134704590e-01,4.307568669319152832e-01,-2.023136168718338013e-01,3.466231226921081543e-01,2.998551726341247559e-01,8.781855702400207520e-01,3.226616084575653076e-01,1.046483635902404785e+00,6.125544905662536621e-01
-7.576490044593811035e-01,-4.246482849121093750e-01,-5.087524056434631348e-01,-5.909240245819091797e-01,-6.858244538307189941e-01,-8.662523627281188965e-01,-1.236111402511596680e+00,-1.330307871103286743e-01,-2.497113198041915894e-01,4.363660812377929688e-01,2.347267121076583862e-01,4.356210529804229736e-01,-2.821853458881378174e-01,6.592096090316772461e-01,8.702481389045715332e-01,1.117649525403976440e-01,8.290522694587707520e-01,-3.062808215618133545e-01,1.224105581641197205e-01,2.284617349505424500e-02,-1.236920952796936035e+00,4.069734215736389160e-01,-4.972058236598968506e-01,-9.893137812614440918e-01,-4.690907299518585205e-01,-4.535894989967346191e-01,-2.058255672454833984e-01,7.686140388250350952e-02,-1.354800164699554443e-02,-4.537604451179504395e-01,-1.223915219306945801e+00,-9.548480510711669922e-01
5.535169839859008789e-01,3.587467968463897705e-01,7.434260845184326172e-02,-6.125449538230895996e-01,-1.992454379796981812e-01,-2.523177862167358398e-01,-8.497811555862426758e-01,5.361010432243347168e-01,-1.247483771294355392e-02,-1.012165844440460205e-01,5.381028652191162109e-01,-9.867786169052124023e-01,1.908972412347793579e-01,2.913607358932495117e-01,-5.335794687271118164e-01,1.916397213935852051e-01,6.110059022903442383e-01,2.319198288023471832e-02,2.406452447175979614e-01,-3.520979732275009155e-02,1.140138059854507446e-01,9.068886190652847290e-02,-2.786869741976261139e-02,6.040819287300109863e-01,-1.468263864517211914e-01,7.075197100639343262e-01,8.316211700439453125e-01,1.223903417587280273e+00,7.083616852760314941e-01,5.099732875823974609e-01,9.501448869705200195e-01,8.187398314476013184e-01
6.068971753120422363e-01,3.106909096240997314e-01,-7.947647571563720703e-02,-7.878212332725524902e-01,-4.370632171630859375e-01,-8.084409832954406738e-01,-1.097626209259033203e+00,5.011527538299560547e-01,5.746701359748840332e-01,-9.666770696640014648e-02,6.629137396812438965e-01,-5.031083151698112488e-02,1.246605962514877319e-01,2.399501204490661621e-01,-7.211346626281738281e-01,1.415948122739791870e-01,6.336474418640136719e-01,-1.070844456553459167e-01,4.277205839753150940e-02,-1.209030486643314362e-02,9.773775339126586914e-01,-7.507128268480300903e-02,4.230386614799499512e-01,6.329522728919982910e-01,2.748107016086578369e-01,4.649773836135864258e-01,1.948702931404113770e-01,3.447788357734680176e-01,1.043697968125343323e-01,1.954976618289947510e-01,6.505466103553771973e-01,-4.081089049577713013e-02
-6.398796439170837402e-01,-4.478238821029663086e-01,-4.607000648975372314e-01,-8.322392702102661133e-01,-8.356553912162780762e-01,-1.070346474647521973e+00,-1.424792408943176270e+00,-6.589314341545104980e-01,-2.659459784626960754e-02,-5.562835931777954102e-01,3.001669421792030334e-02,4.291969239711761475e-01,-5.367223620414733887e-01,3.921628594398498535e-01,-2.038164287805557251e-01,-4.356683194637298584e-01,3.768619596958160400e-01,-6.583281755447387695e-01,-2.218101732432842255e-02,-5.556234717369079590e-01,-7.596752047538757324e-01,-2.707555592060089111e-01,-8.031641244888305664e-01,-6.607657670974731445e-01,-7.231101989746093750e-01,-7.070059776306152344e-01,-5.026155710220336914e-01,1.098917871713638306e-01,-2.365975528955459595e-01,-5.771476030349731445e-01,-1.093399047851562500e+00,-9.682403802871704102e-01
1.111463904380798340e-01,9.206575155258178711e-02,-5.336493849754333496e-01,-8.077723383903503418e-01,-1.083369612693786621e+00,-9.015021920204162598e-01,-1.886811017990112305e+00,-1.009891748428344727e+00,-1.445099115371704102e+00,-1.197626233100891113e+00,4.921970516443252563e-02,-2.336787462234497070e+00,-3.516598045825958252e-01,1.671268977224826813e-02,-1.706329584121704102e+00,-2.771579623222351074e-01,3.151667714118957520e-01,-8.033455610275268555e-01,3.334578126668930054e-02,-6.018624305725097656e-01,7.223905622959136963e-02,-2.324562370777130127e-01,-3.392234742641448975e-01,4.460964500904083252e-01,-4.736151993274688721e-01,-1.738438606262207031e-01,1.020328044891357422e+00,9.383491873741149902e-01,1.321720033884048462e-01,6.755375862121582031e-01,4.276064932346343994e-01,4.828254878520965576e-02
1.316775083541870117e+00,4.425910413265228271e-01,2.547851204872131348e-01,-3.708957135677337646e-01,3.780731856822967529e-01,9.588239789009094238e-01,-1.540753841400146484e-01,3.068345785140991211e-01,3.252254486083984375e+00,-2.220145314931869507e-01,9.031867980957031250e-01,8.024582862854003906e-01,2.572444081306457520e-01,7.616914510726928711e-01,-3.074675099924206734e-03,1.138551309704780579e-01,7.059345245361328125e-01,1.079141139984130859e+00,3.290635645389556885e-01,-4.783065989613533020e-02,1.363988161087036133e+00,7.144882082939147949e-01,1.148590564727783203e+00,2.022211790084838867e+00,1.216429829597473145e+00,9.435117840766906738e-01,1.096551775932312012e+00,4.560436606407165527e-01,1.719722747802734375e+00,1.245992422103881836e+00,2.056541919708251953e+00,1.660663366317749023e+00
-4.226119443774223328e-02,-5.877189636230468750e-01,-3.299909234046936035e-01,-8.528583049774169922e-01,1.865287125110626221e-01,-3.204307556152343750e-01,-1.886810958385467529e-01,8.198640346527099609e-01,3.862806558609008789e-01,9.086340665817260742e-02,1.247515439987182617e+00,2.530066668987274170e-01,2.451109588146209717e-01,1.129811763763427734e+00,-4.613656923174858093e-02,2.733657956123352051e-01,7.707443833351135254e-01,8.324802517890930176e-01,3.256389796733856201e-01,1.342795491218566895e-01,9.361522197723388672e-01,4.017802774906158447e-01,5.077897757291793823e-02,4.700312018394470215e-01,-1.162774190306663513e-01,-5.117705464363098145e-01,-4.087831676006317139e-01,3.245893120765686035e-01,-1.952845007181167603e-01,3.690723329782485962e-02,-2.062261253595352173e-01,-1.633379757404327393e-01
-9.457250684499740601e-02,-4.558727443218231201e-01,2.223160490393638611e-02,-4.926060736179351807e-01,-2.166739292442798615e-02,-1.527309060096740723e+00,-2.683967351913452148e-01,2.458597719669342041e-01,-5.374090671539306641e-01,2.099983207881450653e-02,5.575326085090637207e-01,-3.478085994720458984e-01,1.392361940816044807e-03,7.724316716194152832e-01,-1.259071230888366699e+00,3.429538905620574951e-01,7.409507632255554199e-01,-2.012673020362854004e-01,2.840899825096130371e-01,3.850569128990173340e-01,-2.818990349769592285e-01,6.497522592544555664e-01,-3.768397569656372070e-01,-5.456677079200744629e-01,-4.323280155658721924e-01,-4.613669589161872864e-02,-1.266198277473449707e+00,6.528239250183105469e-01,-4.361564517021179199e-01,-3.432144224643707275e-01,-5.032094717025756836e-01,-5.904901623725891113e-01
1.036374568939208984e+00,5.996196269989013672e-01,4.595945179462432861e-01,1.009896919131278992e-01,3.584999144077301025e-01,-2.241057008504867554e-01,-4.712356720119714737e-03,2.175033539533615112e-01,4.371301829814910889e-01,-1.661399751901626587e-02,6.659833788871765137e-01,-4.545229375362396240e-01,3.349404036998748779e-02,4.711960554122924805e-01,-4.756538867950439453e-01,5.246353894472122192e-02,5.209537744522094727e-01,-2.779307663440704346e-01,1.474046111106872559e-01,-2.503914833068847656e-01,-4.253730475902557373e-01,2.040085643529891968e-01,-4.410701692104339600e-01,2.455951869487762451e-01,-1.317409127950668335e-01,6.393206864595413208e-02,6.518834084272384644e-02,9.695810675621032715e-01,-2.414480745792388916e-01,-1.431670337915420532e-01,1.210351288318634033e-01,2.029485404491424561e-01
1.193749308586120605e+00,5.275142192840576172e-01,7.740475535392761230e-01,1.290286779403686523e-01,-1.035745218396186829e-01,3.241434097290039062e-01,3.635157644748687744e-01,-3.240814208984375000e-01,1.536928653717041016e+00,-8.706452324986457825e-03,5.273764133453369141e-01,1.211281299591064453e+00,3.196133673191070557e-01,3.230384886264801025e-01,3.199470639228820801e-01,2.497168928384780884e-01,4.345301687717437744e-01,3.027692139148712158e-01,2.733882367610931396e-01,4.183534979820251465e-01,8.351823687553405762e-01,4.603175520896911621e-01,1.504202723503112793e+00,1.478251218795776367e+00,1.542580723762512207e+00,1.381674855947494507e-01,1.224479079246520996e+00,8.673474192619323730e-01,-3.555560708045959473e-01,6.212571263313293457e-01,6.427630782127380371e-01,7.536797523498535156e-01
-7.353447675704956055e-01,-8.803484439849853516e-01,-5.844882726669311523e-01,-7.357509136199951172e-01,-9.648153781890869141e-01,-8.198441863059997559e-01,-1.263534307479858398e+00,-8.382189869880676270e-01,4.184536635875701904e-01,1.392380148172378540e-01,3.397415280342102051e-01,5.586540102958679199e-01,2.218386232852935791e-01,-1.764588654041290283e-01,-1.232122659683227539e+00,-1.699914187192916870e-01,2.236674129962921143e-01,2.512786388397216797e-01,1.822005808353424072e-01,-7.121543288230895996e-01,5.310319066047668457e-01,1.821541488170623779e-01,-2.435200363397598267e-01,2.533760070800781250e-01,-2.701799273490905762e-01,-1.917819529771804810e-01,3.418402001261711121e-02,3.463452756404876709e-01,-3.411160111427307129e-01,-4.913879036903381348e-01,-5.869324207305908203e-01,-7.517107129096984863e-01
4.195814728736877441e-01,1.972945481538772583e-01,3.799363374710083008e-01,-2.433771789073944092e-01,-6.253651976585388184e-01,-3.052333593368530273e-01,-8.833696842193603516e-01,-1.357357263565063477e+00,-4.350357130169868469e-02,-7.192116379737854004e-01,2.192736119031906128e-01,-8.143706619739532471e-02,1.791284792125225067e-02,1.537567526102066040e-01,-5.025696158409118652e-01,-5.561373755335807800e-02,5.000635981559753418e-01,-1.964179575443267822e-01,1.016447916626930237e-01,-3.690436780452728271e-01,-6.935555338859558105e-01,7.899158447980880737e-02,-1.121518373489379883e+00,-6.970453262329101562e-01,-9.546372890472412109e-01,-5.654563307762145996e-01,-2.940645217895507812e-01,2.468576654791831970e-02,-5.604858398437500000e-01,-2.038417607545852661e-01,-9.825024604797363281e-01,-4.709976017475128174e-01
7.993150949478149414e-01,6.470389366149902344e-01,8.991836309432983398e-01,3.618494868278503418e-01,1.064454987645149231e-01,-5.534101128578186035e-01,-8.363913744688034058e-02,-5.062386989593505859e-01,-5.258231163024902344e-01,-5.591368079185485840e-01,5.595906972885131836e-01,-9.025925397872924805e-02,-5.918643251061439514e-02,8.621712327003479004e-01,1.092085167765617371e-01,-1.286058425903320312e-01,1.015606045722961426e+00,9.459833502769470215e-01,1.629287004470825195e-01,2.574012875556945801e-01,3.461336195468902588e-01,4.493203461170196533e-01,-1.644442379474639893e-01,4.071691334247589111e-01,-1.434832364320755005e-01,-3.096995055675506592e-01,6.324222087860107422e-01,7.167961597442626953e-01,8.708075881004333496e-01,1.335405945777893066e+00,5.453538298606872559e-01,8.908129930496215820e-01
2.173294305801391602e+00,1.310132503509521484e+00,2.576655149459838867e+00,1.047998547554016113e+00,1.130082011222839355e+00,1.481145620346069336e+00,6.856998205184936523e-01,1.686325818300247192e-01,8.633998036384582520e-01,-2.813292741775512695e-01,1.174592852592468262e+00,8.923178315162658691e-01,2.990483939647674561e-01,1.217464327812194824e+00,2.981119453907012939e-01,3.204993605613708496e-01,1.221068024635314941e+00,1.358769774436950684e+00,5.845602154731750488e-01,6.379404067993164062e-01,9.888395667076110840e-01,8.400143384933471680e-01,1.438717722892761230e+00,1.289862513542175293e+00,1.524849057197570801e+00,7.381014823913574219e-01,1.445321440696716309e+00,1.475112318992614746e+00,1.511503577232360840e+00,1.667272329330444336e+00,1.648891448974609375e+00,2.556843996047973633e+00
1.542748451232910156e+00,9.958918690681457520e-01,2.268486976623535156e+00,9.245602488517761230e-01,1.069909811019897461e+00,-1.392245888710021973e-01,2.356385886669158936e-01,9.659933447837829590e-01,7.454967498779296875e-01,7.512983679771423340e-02,1.158773422241210938e+00,1.104947209358215332e+00,3.040984869003295898e-01,1.304692745208740234e+00,-3.593752682209014893e-01,4.798607230186462402e-01,1.154003500938415527e+00,1.680023074150085449e+00,4.451928436756134033e-01,1.260012388229370117e+00,2.313856840133666992e+00,7.557277679443359375e-01,1.006698131561279297e+00,1.171559214591979980e+00,4.730363488197326660e-01,3.690935671329498291e-01,1.121980473399162292e-01,8.407567739486694336e-01,9.293854832649230957e-01,1.068201780319213867e+00,1.927234053611755371e+00,6.939874291419982910e-01
4.514839947223663330e-01,2.732949256896972656e-01,1.863002538681030273e+00,7.929614782333374023e-01,1.191841721534729004e+00,6.174840033054351807e-02,6.667050719261169434e-01,4.144923388957977295e-01,7.553458213806152344e-01,1.048524230718612671e-01,7.219703793525695801e-01,4.522223398089408875e-02,-6.376133859157562256e-02,6.616867780685424805e-01,1.690578013658523560e-01,-5.456864833831787109e-02,8.196768760681152344e-01,5.538806319236755371e-01,3.955891430377960205e-01,2.096831798553466797e-01,8.030035346746444702e-02,4.707929193973541260e-01,-7.056883573532104492e-01,1.039378121495246887e-01,-7.557146549224853516e-01,-2.567129433155059814e-01,-5.594938993453979492e-01,2.588476054370403290e-02,1.155575811862945557e-01,4.503876864910125732e-01,-1.100861504673957825e-01,-1.012584790587425232e-01
1.468617767095565796e-01,-1.093827039003372192e-01,1.452626466751098633e+00,3.023737370967864990e-01,7.162060737609863281e-01,-9.246961027383804321e-02,2.386694401502609253e-01,1.014352664351463318e-01,1.426075249910354614e-01,8.755364455282688141e-03,7.096916437149047852e-01,5.090644955635070801e-01,4.034202992916107178e-01,4.639680385589599609e-01,-2.091601192951202393e-01,1.142731681466102600e-01,8.410494327545166016e-01,8.009144663810729980e-01,3.979304134845733643e-01,2.988170385360717773e-01,7.784028053283691406e-01,5.865946412086486816e-01,-5.619639754295349121e-01,9.500729292631149292e-02,-5.799340605735778809e-01,3.148654699325561523e-01,1.052686125040054321e-01,8.461909294128417969e-01,3.229033350944519043e-01,3.273167312145233154e-01,1.220138072967529297e-01,-1.786049604415893555e-01
1.158408522605895996e+00,7.919294834136962891e-01,1.846374273300170898e+00,6.888789534568786621e-01,2.427997589111328125e-01,-1.396733820438385010e-01,5.436855554580688477e-02,-2.874567508697509766e-01,-4.202212095260620117e-01,-4.018337428569793701e-01,6.163451075553894043e-01,5.235797166824340820e-02,4.318200647830963135e-01,7.424845695495605469e-01,-4.485737383365631104e-01,7.477622032165527344e-01,6.116036772727966309e-01,6.661360263824462891e-01,5.947727560997009277e-01,6.848546862602233887e-01,3.065849840641021729e-01,7.596353292465209961e-01,5.873634219169616699e-01,4.766158461570739746e-01,8.110713362693786621e-01,4.100785851478576660e-01,6.417653560638427734e-01,1.424696445465087891e+00,-3.456506133079528809e-01,6.295133829116821289e-01,4.273618161678314209e-01,9.980056285858154297e-01
1.336500644683837891e+00,7.180006504058837891e-01,1.522925615310668945e+00,4.168964922428131104e-01,3.503260910511016846e-01,1.589608311653137207e+00,7.672422528266906738e-01,3.480621799826622009e-02,1.817198753356933594e+00,6.207667589187622070e-01,1.246870040893554688e+00,8.406812548637390137e-01,6.098213791847229004e-01,6.463823914527893066e-01,1.694195270538330078e-01,9.855202436447143555e-01,6.049129366874694824e-01,1.541784524917602539e+00,6.135554313659667969e-01,7.185209989547729492e-01,1.561096787452697754e+00,5.814396739006042480e-01,1.786075830459594727e+00,1.862774729728698730e+00,1.480620384216308594e+00,6.871699094772338867e-01,1.187542915344238281e+00,7.750151157379150391e-01,9.927396178245544434e-01,9.309546351432800293e-01,1.475802779197692871e+00,1.769514918327331543e+00
2.068285942077636719e+00,1.959599018096923828e+00,1.305773615837097168e+00,1.056797981262207031e+00,8.958275914192199707e-01,1.649928689002990723e+00,9.778451323509216309e-01,1.486864924430847168e+00,1.732592582702636719e+00,1.251984596252441406e+00,2.444956541061401367e+00,1.954089879989624023e+00,1.340866684913635254e+00,2.878671884536743164e+00,8.416553139686584473e-01,1.815501213073730469e+00,2.178848505020141602e+00,1.080864787101745605e+00,9.561337232589721680e-01,2.758550882339477539e+00,1.453884363174438477e+00,2.119471788406372070e+00,2.755386829376220703e+00,2.142199039459228516e+00,2.761101484298706055e+00,2.099826097488403320e+00,2.557940959930419922e+00,1.217241287231445312e+00,3.384770452976226807e-01,8.503068089485168457e-01,2.000176161527633667e-01,7.575639486312866211e-01
2.853374481201171875e-01,4.954266250133514404e-01,1.419597029685974121e+00,1.247146487236022949e+00,3.120019912719726562e+00,3.096069335937500000e+00,2.529497623443603516e+00,3.444366693496704102e+00,6.472407579421997070e-01,1.579503655433654785e+00,1.551345109939575195e+00,2.320430040359497070e+00,5.624700188636779785e-01,3.558157205581665039e+00,5.186976909637451172e+00,1.890314698219299316e+00,2.549596548080444336e+00,1.994561910629272461e+00,1.228333830833435059e+00,3.468277454376220703e+00,5.840792059898376465e-01,1.875509262084960938e+00,2.257055759429931641e+00,2.366414308547973633e+00,2.977342367172241211e+00,3.131173133850097656e+00,3.113471269607543945e+00,2.441628217697143555e+00,3.698920488357543945e+00,2.050152063369750977e+00,1.517962455749511719e+00,2.030402421951293945e+00
-3.720087110996246338e-01,-1.307025104761123657e-01,1.115351200103759766e+00,8.474276661872863770e-01,3.415595054626464844e+00,3.203206062316894531e+00,1.701077699661254883e+00,3.304204225540161133e+00,1.017705678939819336e+00,2.652223348617553711e+00,1.728375554084777832e+00,7.482676506042480469e-01,7.682522535324096680e-01,1.604876399040222168e+00,3.119430541992187500e+00,1.070471167564392090e+00,1.030476689338684082e+00,1.338780641555786133e+00,6.782988309860229492e-01,9.926429390907287598e-01,1.665590524673461914e+00,5.471243262290954590e-01,1.994329333305358887e+00,1.652181625366210938e+00,1.596626162528991699e+00,1.970021128654479980e+00,1.396948933601379395e+00,3.851192295551300049e-01,1.614498138427734375e+00,-3.794365748763084412e-02,9.412450194358825684e-01,-1.261010672897100449e-02
1.161053329706192017e-01,2.631528973579406738e-01,1.154922842979431152e+00,7.561957240104675293e-01,2.365140199661254883e+00,1.020531535148620605e+00,7.028676867485046387e-01,2.445641279220581055e+00,2.598056197166442871e-01,2.847042322158813477e+00,1.943184137344360352e+00,1.113935112953186035e+00,1.454476714134216309e+00,1.655761003494262695e+00,6.940544843673706055e-01,2.042002201080322266e+00,1.667962431907653809e+00,1.551560401916503906e+00,1.426102280616760254e+00,1.903419137001037598e+00,1.830008745193481445e+00,1.503462195396423340e+00,1.227507114410400391e+00,1.959756255149841309e+00,1.261603474617004395e+00,2.217929124832153320e+00,1.096204400062561035e+00,1.290167331695556641e+00,8.599542975425720215e-01,5.219185352325439453e-01,7.928221225738525391e-01,4.276242256164550781e-01
8.150845170021057129e-01,8.791292309761047363e-01,9.912600517272949219e-01,9.008483886718750000e-01,7.448313832283020020e-01,2.495843023061752319e-01,4.768406599760055542e-02,6.787922978401184082e-02,-5.257924795150756836e-01,1.014644026756286621e+00,4.164838194847106934e-01,-2.273297011852264404e-01,7.745952606201171875e-01,9.071173071861267090e-01,4.080110490322113037e-01,1.026726722717285156e+00,7.715099453926086426e-01,8.008115887641906738e-01,8.595384359359741211e-01,2.316772490739822388e-01,3.735571801662445068e-01,2.577981948852539062e-01,-1.057596653699874878e-01,6.637155413627624512e-01,-2.599732875823974609e-01,4.569716155529022217e-01,7.308593392372131348e-01,6.570881009101867676e-01,8.501231670379638672e-01,6.983038187026977539e-01,9.503283500671386719e-01,4.440106153488159180e-01
7.858708500862121582e-01,4.806559681892395020e-01,1.575596928596496582e-01,5.587467178702354431e-02,-3.542272448539733887e-01,-1.495057940483093262e-01,-9.250127673149108887e-01,-1.745737910270690918e+00,7.917077541351318359e-01,1.136240884661674500e-01,1.913498789072036743e-01,-8.317226171493530273e-02,6.062741875648498535e-01,4.630008935928344727e-01,1.538324058055877686e-01,1.044612646102905273e+00,4.348237812519073486e-01,4.914436340332031250e-01,4.025867581367492676e-01,3.530626371502876282e-02,1.059070348739624023e+00,1.376816034317016602e-01,6.510860323905944824e-01,1.490781784057617188e+00,6.885683536529541016e-01,6.804198771715164185e-02,1.194534659385681152e+00,3.952623307704925537e-01,1.096607685089111328e+00,8.369913697242736816e-01,1.099867582321166992e+00,1.575481057167053223e+00
-7.356533408164978027e-01,-4.990626275539398193e-01,-1.150425076484680176e+00,-1.065960407257080078e+00,-1.364944338798522949e+00,-1.912282943725585938e+00,-2.231705665588378906e+00,-1.624157667160034180e+00,1.539584994316101074e-01,-9.187752604484558105e-01,4.383553564548492432e-01,3.082793653011322021e-01,4.205596148967742920e-01,-4.766934216022491455e-01,-1.940119981765747070e+00,3.144079744815826416e-01,-1.529533565044403076e-01,-4.697566330432891846e-01,3.485276401042938232e-01,-1.232053518295288086e+00,2.929158210754394531e-01,-5.365089178085327148e-01,-9.501443505287170410e-01,2.680550515651702881e-01,-9.764798879623413086e-01,-1.609860956668853760e-01,2.013365775346755981e-01,2.266391217708587646e-01,6.203461065888404846e-02,4.015703499317169189e-01,-4.641999304294586182e-01,-1.800210773944854736e-01
-7.210519909858703613e-01,-2.741688489913940430e-01,-9.044083952903747559e-01,-2.844555079936981201e-01,-1.660232305526733398e+00,-2.094468355178833008e+00,-1.320601582527160645e+00,-1.943550825119018555e+00,-1.123225808143615723e+00,-1.657649755477905273e+00,1.843558698892593384e-01,-1.063439026474952698e-01,4.918352961540222168e-01,4.379403591156005859e-01,-1.121911168098449707e+00,8.834596872329711914e-01,3.072700202465057373e-01,-2.628424763679504395e-01,5.692370533943176270e-01,-4.207972586154937744e-01,-4.460993707180023193e-01,2.083107233047485352e-01,-8.879649639129638672e-01,-7.424644231796264648e-01,-1.136206269264221191e+00,-4.616238176822662354e-01,-3.009583242237567902e-02,1.175885647535324097e-01,-2.370064109563827515e-01,-9.087154269218444824e-02,-1.161417245864868164e+00,-6.740674972534179688e-01
1.272089481353759766e+00,1.479040145874023438e+00,2.799092531204223633e-01,2.176614701747894287e-01,-7.060563564300537109e-01,-4.784226119518280029e-01,-2.455407679080963135e-01,-8.315134644508361816e-01,-6.234047412872314453e-01,-6.927661895751953125e-01,9.620690345764160156e-02,-3.168773353099822998e-01,9.196771979331970215e-01,1.379772573709487915e-01,-1.343633055686950684e+00,5.265613198280334473e-01,3.679270148277282715e-01,-2.771204113960266113e-01,8.994799852371215820e-01,-8.029924035072326660e-01,1.248316615819931030e-01,5.773666501045227051e-01,-5.388744473457336426e-01,1.128242135047912598e+00,-3.361212611198425293e-01,9.150563478469848633e-01,1.811379075050354004e+00,1.451934933662414551e+00,1.811938405036926270e+00,1.731952190399169922e+00,1.959300994873046875e+00,1.407220482826232910e+00
5.756999254226684570e-01,9.070305228233337402e-01,2.179545462131500244e-01,5.407558679580688477e-01,-9.266483187675476074e-01,5.360299944877624512e-01,5.582170486450195312e-01,-9.249078035354614258e-01,5.260069966316223145e-01,-1.115697622299194336e-01,3.243058621883392334e-01,7.791209220886230469e-01,1.115094065666198730e+00,8.936962485313415527e-01,8.946482539176940918e-01,1.182445168495178223e+00,6.847822070121765137e-01,1.115659117698669434e+00,6.879172921180725098e-01,2.287833020091056824e-02,5.822509527206420898e-01,7.269110083580017090e-01,5.397506356239318848e-01,6.255430579185485840e-01,3.537111282348632812e-01,9.220203757286071777e-01,1.043610215187072754e+00,2.424871325492858887e-01,9.722596406936645508e-01,1.375879168510437012e+00,6.148706674575805664e-01,1.141882300376892090e+00
-3.953377604484558105e-01,5.404614806175231934e-01,-5.872899666428565979e-02,6.813864111900329590e-01,-3.699331283569335938e-01,-5.783583521842956543e-01,9.154635071754455566e-01,-4.629369378089904785e-01,-3.209946453571319580e-01,6.558860540390014648e-01,7.047382593154907227e-01,7.619152069091796875e-01,1.063388824462890625e+00,1.172535181045532227e+00,8.193104714155197144e-02,1.358766794204711914e+00,9.820266366004943848e-01,1.060695528984069824e+00,1.069615960121154785e+00,4.821812808513641357e-01,9.339450597763061523e-01,7.845190763473510742e-01,-4.570107907056808472e-03,8.942136191762983799e-04,-3.699897229671478271e-01,-1.175179928541183472e-01,2.973956428468227386e-02,5.466838479042053223e-01,4.441477358341217041e-01,7.662861943244934082e-01,-1.040122270584106445e+00,-1.452387571334838867e-01
-9.569653123617172241e-02,5.556097626686096191e-01,1.657829582691192627e-01,1.009417772293090820e+00,5.165891051292419434e-01,-4.652243256568908691e-01,1.562177419662475586e+00,-6.096060872077941895e-01,-1.128201484680175781e+00,5.279142260551452637e-01,-1.931986808776855469e-01,-5.750505626201629639e-02,7.077839970588684082e-01,1.368234872817993164e+00,2.024024128913879395e-01,1.195045948028564453e+00,1.299825668334960938e+00,7.857490181922912598e-01,1.168107032775878906e+00,5.800934433937072754e-01,-1.358295083045959473e-01,1.531146168708801270e+00,-4.748531281948089600e-01,-2.939756214618682861e-01,-4.151161909103393555e-01,-1.875721365213394165e-01,4.078123271465301514e-01,6.591380238533020020e-01,2.124936282634735107e-01,6.133170723915100098e-01,-2.287357449531555176e-01,3.355367183685302734e-01
1.589726209640502930e+00,1.745214104652404785e+00,7.035515904426574707e-01,1.169796109199523926e+00,1.448219418525695801e+00,1.164855957031250000e+00,1.271152973175048828e+00,1.075071811676025391e+00,9.896500110626220703e-01,1.087295651435852051e+00,1.188511133193969727e+00,1.178458929061889648e+00,1.115105152130126953e+00,1.270249247550964355e+00,-8.669926226139068604e-02,9.402230381965637207e-01,1.270787000656127930e+00,7.968754768371582031e-01,1.443923950195312500e+00,7.250324487686157227e-01,1.327878117561340332e+00,1.464959144592285156e+00,7.333579659461975098e-01,1.437129020690917969e+00,8.602851629257202148e-01,1.595989942550659180e+00,1.891067504882812500e+00,1.909844756126403809e+00,1.439396262168884277e+00,1.877192139625549316e+00,2.121241807937622070e+00,2.062999963760375977e+00
8.452349305152893066e-01,1.000552892684936523e+00,7.281002402305603027e-01,1.096075773239135742e+00,1.535176157951354980e+00,1.446936249732971191e+00,1.374264359474182129e+00,1.209778904914855957e+00,1.381989359855651855e+00,9.413892030715942383e-01,1.261625528335571289e+00,1.834283590316772461e+00,1.335031986236572266e+00,2.044852733612060547e+00,1.519267678260803223e+00,1.575443863868713379e+00,1.426299214363098145e+00,1.719988465309143066e+00,1.565967559814453125e+00,8.458711504936218262e-01,1.670866847038269043e+00,1.513632059097290039e+00,7.426773905754089355e-01,1.133444786071777344e+00,9.018558263778686523e-01,8.598435521125793457e-01,9.572683572769165039e-01,4.617775678634643555e-01,1.375112891197204590e+00,1.264770984649658203e+00,9.130162000656127930e-01,8.590921759605407715e-01
7.579134702682495117e-01,1.484068036079406738e+00,9.674231410026550293e-01,1.939931392669677734e+00,1.465191960334777832e+00,7.184396982192993164e-01,1.085274457931518555e+00,7.087683081626892090e-01,-4.059890508651733398e-01,8.582702875137329102e-01,7.747132778167724609e-01,7.153866887092590332e-01,9.118755459785461426e-01,1.241048693656921387e+00,2.955141067504882812e-01,7.129009366035461426e-01,1.117634415626525879e+00,1.437182545661926270e+00,1.159335970878601074e+00,-2.221593558788299561e-01,1.150586485862731934e+00,1.082411289215087891e+00,-7.788997292518615723e-01,6.193881034851074219e-01,-1.416640132665634155e-01,-3.385688364505767822e-01,8.943245559930801392e-02,3.754112422466278076e-01,1.250448942184448242e+00,7.413592934608459473e-01,6.175773143768310547e-01,4.938845932483673096e-01
1.298305749893188477e+00,2.140148401260375977e+00,1.181167602539062500e+00,2.429313898086547852e+00,1.005566239356994629e+00,7.508540153503417969e-01,1.257161259651184082e+00,1.514425724744796753e-01,-5.128476619720458984e-01,5.668486952781677246e-01,9.960798174142837524e-02,1.014083504676818848e+00,1.080682873725891113e+00,8.137298822402954102e-01,5.942179560661315918e-01,7.985535860061645508e-01,6.877710223197937012e-01,1.734240651130676270e+00,1.097292065620422363e+00,-1.359677016735076904e-01,8.759719729423522949e-01,1.454738378524780273e+00,-1.152364134788513184e+00,1.306596994400024414e-01,-4.357656836509704590e-01,-4.666470363736152649e-02,6.002065539360046387e-01,8.148139715194702148e-01,5.888270139694213867e-01,6.645585298538208008e-01,7.670859098434448242e-01,8.906106948852539062e-01
1.860418200492858887e+00,2.111750841140747070e+00,1.430137395858764648e+00,2.179170370101928711e+00,2.988850474357604980e-01,1.384208679199218750e+00,7.289621233940124512e-01,-1.014636829495429993e-01,-3.437476754188537598e-01,1.032171130180358887e+00,6.051302552223205566e-01,8.209214806556701660e-01,1.329186320304870605e+00,3.513906598091125488e-01,1.481105566024780273e+00,8.299809098243713379e-01,4.634428918361663818e-01,1.633034586906433105e+00,1.231085777282714844e+00,-7.737795114517211914e-01,1.331212520599365234e+00,1.393082737922668457e+00,4.245122373104095459e-01,1.530858874320983887e+00,9.907502532005310059e-01,9.075071811676025391e-01,1.946645498275756836e+00,1.169755339622497559e+00,1.938572287559509277e+00,1.796034812927246094e+00,2.148277997970581055e+00,1.949886679649353027e+00
8.514060378074645996e-01,1.414897322654724121e+00,6.692500710487365723e-01,1.712454080581665039e+00,3.554431796073913574e-01,6.902071833610534668e-01,7.959730625152587891e-01,7.759656012058258057e-02,8.114264011383056641e-01,9.641172885894775391e-01,1.273485660552978516e+00,1.894177079200744629e+00,1.574264049530029297e+00,6.761767864227294922e-01,7.711186408996582031e-01,1.378922104835510254e+00,6.989187002182006836e-01,1.838675260543823242e+00,1.143951654434204102e+00,-4.148003458976745605e-02,2.091020345687866211e+00,1.024459600448608398e+00,2.380737513303756714e-01,8.841450214385986328e-01,5.258768200874328613e-01,-3.108268976211547852e-01,8.652796745300292969e-01,4.292596578598022461e-01,1.064382314682006836e+00,1.123501181602478027e+00,2.097126692533493042e-01,8.955063819885253906e-01
-9.424190968275070190e-02,6.397884488105773926e-01,3.346553444862365723e-01,1.746315836906433105e+00,-1.937399208545684814e-01,1.648255996406078339e-02,6.278644204139709473e-01,-7.312999963760375977e-01,-8.514051437377929688e-01,8.597376942634582520e-01,1.154273599386215210e-01,-2.984238564968109131e-01,1.359254717826843262e+00,1.506687253713607788e-01,-1.931783854961395264e-01,8.339224457740783691e-01,4.632017016410827637e-01,4.870187640190124512e-01,1.214321136474609375e+00,-1.088995575904846191e+00,-2.217471897602081299e-01,1.215154290199279785e+00,-1.525241136550903320e+00,-4.735964238643646240e-01,-6.150665879249572754e-01,-1.251670122146606445e-01,1.869343966245651245e-01,1.037517666816711426e+00,9.051700830459594727e-01,1.057784795761108398e+00,8.447227627038955688e-02,2.761950492858886719e-01
1.604569911956787109e+00,1.931784033775329590e+00,9.912297725677490234e-01,2.001977205276489258e+00,-4.693531990051269531e-01,6.154848933219909668e-01,3.566859662532806396e-01,-1.346333026885986328e+00,-2.915597558021545410e-01,4.281976521015167236e-01,6.881514787673950195e-01,2.991939783096313477e-01,1.126409769058227539e+00,2.231186628341674805e-02,-1.321123838424682617e-01,4.059728384017944336e-01,2.057660520076751709e-01,1.128612160682678223e+00,1.307273507118225098e+00,-1.325480103492736816e+00,8.347845077514648438e-01,1.121818065643310547e+00,-2.770341634750366211e-01,5.788233280181884766e-01,5.688769221305847168e-01,-4.072815477848052979e-01,1.297505378723144531e+00,9.027661085128784180e-01,6.525342464447021484e-01,8.386953473091125488e-01,5.867642164230346680e-01,1.527805447578430176e+00
1.377064704895019531e+00,1.645520210266113281e+00,6.682354211807250977e-01,2.054163694381713867e+00,1.631218492984771729e-01,8.505857586860656738e-01,1.232312440872192383e+00,-3.043057955801486969e-02,1.035789549350738525e-01,6.986194252967834473e-01,7.863990068435668945e-01,1.295135974884033203e+00,1.496932744979858398e+00,6.007066965103149414e-01,9.871022701263427734e-01,1.245299816131591797e+00,6.739910244941711426e-01,1.647286772727966309e+00,1.091657161712646484e+00,-3.642204403877258301e-01,1.399169921875000000e+00,1.211030364036560059e+00,1.894951909780502319e-01,1.064915537834167480e+00,6.131055951118469238e-01,4.681169092655181885e-01,8.666157126426696777e-01,9.478638172149658203e-01,1.381654620170593262e+00,1.120497226715087891e+00,1.865928888320922852e+00,2.168506860733032227e+00
1.975862309336662292e-02,4.470470547676086426e-01,3.060328960418701172e-01,9.029683470726013184e-01,6.344340443611145020e-01,9.002986550331115723e-01,1.751377463340759277e+00,5.756522342562675476e-02,-3.003156185150146484e-01,1.253223657608032227e+00,9.612841606140136719e-01,8.616985082626342773e-01,1.326202630996704102e+00,1.001454949378967285e+00,7.615986466407775879e-01,1.293568134307861328e+00,1.095590710639953613e+00,1.098602771759033203e+00,1.364626169204711914e+00,-2.521278560161590576e-01,6.230973601341247559e-01,1.268956661224365234e+00,-6.162477135658264160e-01,-6.033038720488548279e-02,-4.462085366249084473e-01,-7.178087532520294189e-02,1.182457134127616882e-01,6.108300685882568359e-01,7.180255055427551270e-01,7.326990365982055664e-01,-1.912400871515274048e-01,4.262485802173614502e-01
3.851994872093200684e-01,8.190431594848632812e-01,1.983883082866668701e-01,6.317700147628784180e-01,4.848226606845855713e-01,-1.353079378604888916e-01,2.987467944622039795e-01,5.690603852272033691e-01,-1.072161793708801270e+00,1.222571730613708496e+00,1.003963351249694824e+00,4.291774332523345947e-01,1.369863152503967285e+00,6.569699048995971680e-01,-6.839918904006481171e-03,1.061110138893127441e+00,5.760946273803710938e-01,7.718312144279479980e-01,1.345721125602722168e+00,-6.272327899932861328e-01,3.290542960166931152e-01,9.146401286125183105e-01,-1.240032553672790527e+00,-1.489388197660446167e-01,-1.019255518913269043e+00,9.141715615987777710e-02,3.946392834186553955e-01,1.251896142959594727e+00,7.646165490150451660e-01,1.164149999618530273e+00,1.788230985403060913e-01,5.483845472335815430e-01
1.252606391906738281e+00,1.353020191192626953e+00,5.409034490585327148e-01,6.028453111648559570e-01,2.163192778825759888e-01,4.390317499637603760e-01,6.512808799743652344e-01,-5.479209423065185547e-01,-3.844007253646850586e-01,1.096018433570861816e+00,4.728370606899261475e-01,1.282580137252807617e+00,1.413855195045471191e+00,2.535578012466430664e-01,4.598858952522277832e-02,3.899680078029632568e-01,5.006089210510253906e-01,-6.943445652723312378e-02,1.136770606040954590e+00,-9.131556153297424316e-01,-1.981979757547378540e-01,1.252129912376403809e+00,2.875185310840606689e-01,4.582786560058593750e-01,1.041582465171813965e+00,-2.998100221157073975e-01,1.105698943138122559e+00,7.674053311347961426e-01,6.380755901336669922e-01,1.144493103027343750e+00,5.691480040550231934e-01,9.390820860862731934e-01
1.165902018547058105e-01,2.578984797000885010e-01,-1.132933571934700012e-01,-3.379923999309539795e-01,-2.483221590518951416e-01,1.152759194374084473e-01,6.316841244697570801e-01,-7.513597011566162109e-01,-7.106877118349075317e-02,1.128463745117187500e+00,3.884728848934173584e-01,1.171674132347106934e+00,1.457891345024108887e+00,-3.595688641071319580e-01,9.367071837186813354e-02,9.075714349746704102e-01,9.050308167934417725e-02,4.375862777233123779e-01,9.691680073738098145e-01,-1.664732098579406738e+00,9.274373054504394531e-01,4.031549394130706787e-01,-7.718504071235656738e-01,5.717508792877197266e-01,-2.978937029838562012e-01,-1.035999298095703125e+00,3.998586237430572510e-01,4.767746925354003906e-01,1.148811101913452148e+00,1.163974404335021973e+00,1.320376276969909668e+00,1.190906524658203125e+00
-2.363100498914718628e-01,3.647888451814651489e-02,-1.848494410514831543e-01,-2.096316665410995483e-01,-5.669324398040771484e-01,-5.300326347351074219e-01,7.424556612968444824e-01,-6.756952404975891113e-01,-1.658244132995605469e+00,6.287069320678710938e-01,8.064217567443847656e-01,9.012179970741271973e-01,1.461759090423583984e+00,5.584074854850769043e-01,-7.036731243133544922e-01,1.452272534370422363e+00,6.109010577201843262e-01,2.947169840335845947e-01,1.399422049522399902e+00,-7.837475538253784180e-01,2.261709570884704590e-01,7.192867398262023926e-01,-1.202306747436523438e+00,-2.952066361904144287e-01,-6.842092871665954590e-01,-9.341931343078613281e-01,-1.681055724620819092e-01,2.801491320133209229e-01,1.356658637523651123e-01,3.100664317607879639e-01,-1.828907281160354614e-01,-5.582568645477294922e-01
2.600578665733337402e-01,2.592255771160125732e-01,-4.958193376660346985e-02,-5.155048370361328125e-01,-3.157055675983428955e-01,2.081331163644790649e-01,5.166984796524047852e-01,-3.840333521366119385e-01,-7.183504104614257812e-01,9.155959486961364746e-01,5.004991292953491211e-01,4.100123420357704163e-02,1.377377510070800781e+00,-2.316022478044033051e-02,-9.709560871124267578e-01,4.318612217903137207e-01,1.772518157958984375e-01,-5.339429974555969238e-01,1.116869688034057617e+00,-2.032119750976562500e+00,-6.399872303009033203e-01,4.061588048934936523e-01,-1.479838728904724121e+00,-7.924822717905044556e-02,-1.234125971794128418e+00,-4.094792008399963379e-01,6.668556332588195801e-01,8.719693422317504883e-01,8.053348660469055176e-01,1.024917840957641602e+00,5.910459756851196289e-01,5.052404403686523438e-01
7.970670461654663086e-01,5.123443603515625000e-01,4.071806371212005615e-01,4.874513298273086548e-02,-1.308994144201278687e-01,4.672846496105194092e-01,7.892678380012512207e-01,-1.488569676876068115e-01,-6.796896457672119141e-01,1.037176489830017090e+00,1.198016643524169922e+00,6.381511688232421875e-01,1.562815785408020020e+00,1.247089058160781860e-01,-1.379476785659790039e+00,1.338178515434265137e+00,4.831375479698181152e-01,-1.699201762676239014e-02,1.570658802986145020e+00,-7.375407218933105469e-01,2.412610203027725220e-01,7.038092017173767090e-01,2.430919110774993896e-01,1.879938989877700806e-01,5.942752957344055176e-01,7.677414417266845703e-01,1.200404167175292969e+00,1.305493116378784180e+00,2.749742567539215088e-01,1.464958906173706055e+00,-1.324275732040405273e-01,1.531433343887329102e+00
-6.542275547981262207e-01,-3.701619505882263184e-01,-4.551573097705841064e-01,-1.345754861831665039e-01,-2.678616642951965332e-01,2.830390036106109619e-01,1.022207736968994141e+00,-4.250620901584625244e-01,-2.735064923763275146e-01,1.599460005760192871e+00,4.228324890136718750e-01,1.540616989135742188e+00,1.361044883728027344e+00,2.901051640510559082e-01,7.441700249910354614e-02,1.073054075241088867e+00,5.567984580993652344e-01,3.214720189571380615e-01,1.265252709388732910e+00,-1.135684728622436523e+00,5.013254284858703613e-01,6.539016962051391602e-01,-7.328999638557434082e-01,3.187116682529449463e-01,-3.036939799785614014e-01,-9.513320922851562500e-01,3.892507255077362061e-01,2.621061801910400391e-01,3.203944563865661621e-01,6.442341208457946777e-01,-6.152988672256469727e-01,-2.104471772909164429e-01
-4.099060297012329102e-01,-9.487099200487136841e-02,-1.609519869089126587e-01,-2.201735079288482666e-01,-2.808147966861724854e-01,-1.352059543132781982e-01,4.067988693714141846e-01,-4.446672275662422180e-02,-5.210007429122924805e-01,1.475238204002380371e+00,8.788908720016479492e-01,2.919217646121978760e-01,1.705068707466125488e+00,3.927567005157470703e-01,-4.512044787406921387e-01,1.438462376594543457e+00,3.231473863124847412e-01,-1.391776185482740402e-02,1.369937658309936523e+00,-1.593492507934570312e+00,-4.782403707504272461e-01,1.629599183797836304e-01,-1.773231744766235352e+00,-8.644025921821594238e-01,-1.631250619888305664e+00,-5.253275632858276367e-01,-4.043654352426528931e-02,7.590800523757934570e-01,-3.103588940575718880e-03,6.346779465675354004e-01,-6.688662767410278320e-01,-4.044405221939086914e-01
1.029542207717895508e+00,9.179385900497436523e-01,2.904192805290222168e-01,8.963470160961151123e-02,-7.613141089677810669e-02,1.569719016551971436e-01,3.777773976325988770e-01,4.720575809478759766e-01,-6.313739418983459473e-01,1.416233181953430176e+00,6.771458983421325684e-01,3.463171124458312988e-01,1.411490321159362793e+00,3.124000430107116699e-01,-1.266338706016540527e+00,1.252466201782226562e+00,3.404614925384521484e-01,2.096797078847885132e-01,1.551465630531311035e+00,-1.052017331123352051e+00,3.971253633499145508e-01,6.545126438140869141e-01,5.933174863457679749e-02,6.133492588996887207e-01,6.692065000534057617e-01,-5.958669185638427734e-01,4.477412104606628418e-01,9.554735422134399414e-01,5.626602172851562500e-01,1.367780923843383789e+00,1.170516014099121094e+00,1.111199855804443359e+00
4.291136562824249268e-01,6.357748508453369141e-01,8.058200031518936157e-02,2.627038955688476562e-01,2.179743051528930664e-01,8.522992730140686035e-01,1.060653924942016602e+00,6.686772108078002930e-01,4.186069369316101074e-01,2.286894798278808594e+00,1.021457076072692871e+00,8.392287492752075195e-01,1.647816181182861328e+00,3.230724334716796875e-01,-2.222809195518493652e-01,1.602302789688110352e+00,5.316925048828125000e-01,7.658370733261108398e-01,1.404786109924316406e+00,-9.235256314277648926e-01,7.987976074218750000e-01,6.959558725357055664e-01,-7.066044211387634277e-01,5.035119652748107910e-01,-4.752336144447326660e-01,-2.553001642227172852e-01,-2.482928484678268433e-01,3.486658930778503418e-01,8.613853454589843750e-01,8.202856183052062988e-01,3.083146214485168457e-01,1.203826889395713806e-01
-3.011178970336914062e-01,-1.808191686868667603e-01,-2.667035460472106934e-01,-2.905105352401733398e-01,-4.330438673496246338e-01,-6.126698255538940430e-01,1.302022039890289307e-01,-1.042765900492668152e-01,-1.163265824317932129e+00,1.446966648101806641e+00,1.142692446708679199e+00,5.590634047985076904e-02,1.756762981414794922e+00,2.282936573028564453e-01,-1.201770424842834473e+00,1.582804322242736816e+00,4.626353979110717773e-01,-5.353579297661781311e-02,1.661261200904846191e+00,-1.616531610488891602e+00,-2.049899250268936157e-01,3.024489283561706543e-01,-1.840508937835693359e+00,-3.816666305065155029e-01,-1.490141868591308594e+00,-5.626450181007385254e-01,4.979751631617546082e-02,6.317834854125976562e-01,2.055059075355529785e-01,9.785774350166320801e-01,2.749171853065490723e-01,1.265461295843124390e-01
5.573738813400268555e-01,8.317638635635375977e-01,2.434724271297454834e-01,4.287161231040954590e-01,-3.094569742679595947e-01,-4.133083522319793701e-01,2.464541792869567871e-01,-2.019328922033309937e-01,-1.685707211494445801e+00,1.009312629699707031e+00,1.038863658905029297e+00,2.408993095159530640e-01,1.609946131706237793e+00,6.627557277679443359e-01,-9.679800868034362793e-01,1.447898149490356445e+00,7.612955570220947266e-01,2.043415606021881104e-01,1.504910826683044434e+00,-4.829208552837371826e-01,5.222696065902709961e-01,9.628929495811462402e-01,-7.867953777313232422e-01,2.169687300920486450e-01,-5.198048353195190430e-01,-8.811209797859191895e-01,9.223806858062744141e-02,7.497105002403259277e-01,3.434019088745117188e-01,8.541889786720275879e-01,2.821349501609802246e-01,4.026737511157989502e-01
