-1.014846920967102051e+00,-7.119591236114501953e-01,-1.302215576171875000e+00,-4.684255719184875488e-01,-7.630681395530700684e-01,1.128935456275939941e+00,-1.025487422943115234e+00,1.029112219810485840e+00,3.417008161544799805e+00,2.575434744358062744e-01,2.659947872161865234e+00,1.622635841369628906e+00,8.017315268516540527e-01,1.934742450714111328e+00,-6.924192905426025391e-01,1.886379480361938477e+00,2.003658533096313477e+00,-4.140185564756393433e-02,2.106655597686767578e+00,2.375256538391113281e+00,1.362238168716430664e+00,1.259137749671936035e+00,2.377751588821411133e+00,-1.298188567161560059e-01,2.109280586242675781e+00,1.413364648818969727e+00,-1.046105027198791504e+00,-1.486153244972229004e+00,-2.108548402786254883e+00,-1.782615780830383301e+00,-1.638038992881774902e+00,-1.966632723808288574e+00
-2.213497161865234375e+00,-1.985673069953918457e+00,-2.289592266082763672e+00,-1.548185586929321289e+00,-8.148675560951232910e-01,-1.027555704116821289e+00,-5.707496404647827148e-01,2.165571302175521851e-01,2.627114653587341309e-01,7.420431971549987793e-01,2.062204122543334961e+00,-9.576855301856994629e-01,2.064450234174728394e-01,1.933566570281982422e+00,-2.023589134216308594e+00,1.969214200973510742e+00,1.966925263404846191e+00,-4.787547588348388672e-01,1.940523862838745117e+00,2.359087944030761719e+00,5.275801420211791992e-01,1.913645863533020020e+00,2.604700326919555664e+00,-4.897450655698776245e-02,2.364916324615478516e+00,1.088900208473205566e+00,2.099529951810836792e-01,-1.287370204925537109e+00,-1.207945704460144043e+00,-4.789368808269500732e-01,-2.148462057113647461e+00,-1.471387624740600586e+00
-2.553964778780937195e-02,-1.261525750160217285e-01,-6.525926589965820312e-01,-3.016691803932189941e-01,-1.233156800270080566e+00,1.941935420036315918e-01,-7.183943390846252441e-01,-3.898919522762298584e-01,-8.769659698009490967e-02,6.497153639793395996e-01,4.183833599090576172e-01,-1.327903747558593750e+00,-3.929666802287101746e-02,1.073715329170227051e+00,-3.351057469844818115e-01,9.729261398315429688e-01,9.430919885635375977e-01,-1.719634413719177246e+00,3.754347860813140869e-01,8.224891424179077148e-01,-1.802957892417907715e+00,3.342012763023376465e-01,1.127167940139770508e+00,-1.265524178743362427e-01,8.359375596046447754e-01,5.573525428771972656e-01,-1.699301600456237793e-01,-4.420944154262542725e-01,-1.453441739082336426e+00,-2.419293820858001709e-01,-6.419672966003417969e-01,-8.516489863395690918e-01
-4.616554081439971924e-01,-4.958438277244567871e-01,-2.171019077301025391e+00,-2.513745307922363281e+00,-2.360354900360107422e+00,-8.434594273567199707e-01,-2.091991424560546875e+00,-1.359983682632446289e+00,5.377658605575561523e-01,-3.495514392852783203e-01,-4.365430027246475220e-02,-2.359170466661453247e-01,-9.564735889434814453e-01,5.465087890625000000e-01,-9.296892285346984863e-01,6.456562280654907227e-01,7.722412347793579102e-01,-1.304422616958618164e+00,6.319819092750549316e-01,8.347863554954528809e-01,-6.510514020919799805e-01,3.087487816810607910e-01,8.510792255401611328e-01,4.375482499599456787e-01,7.102828621864318848e-01,8.715871572494506836e-01,3.325619399547576904e-01,-1.415735632181167603e-01,-7.330069541931152344e-01,7.265797257423400879e-02,4.901995062828063965e-01,2.728663980960845947e-01
2.675038278102874756e-01,-3.443908095359802246e-01,-1.119625926017761230e+00,-2.029785394668579102e+00,-1.293186306953430176e+00,4.647867977619171143e-01,-1.113496422767639160e+00,-7.955416440963745117e-01,2.221659660339355469e+00,-6.548091024160385132e-02,2.508978843688964844e-01,-6.276276111602783203e-01,-5.995950698852539062e-01,7.990472316741943359e-01,-8.651098012924194336e-01,1.756719350814819336e-01,9.226354956626892090e-01,-5.280313491821289062e-01,3.953543007373809814e-01,9.173512458801269531e-01,4.563693106174468994e-01,5.586010217666625977e-01,1.659013509750366211e+00,5.083946585655212402e-01,1.250197172164916992e+00,1.793432235717773438e-01,5.845399498939514160e-01,-8.642841577529907227e-01,-1.018585324287414551e+00,-1.367319107055664062e+00,4.916688203811645508e-01,5.298600792884826660e-01
-1.454503536224365234e+00,-1.724051952362060547e+00,-1.465776205062866211e+00,-1.578937292098999023e+00,-1.659587621688842773e+00,-1.216150283813476562e+00,-1.438690185546875000e+00,-7.317411303520202637e-01,1.836596727371215820e-01,3.195793330669403076e-01,-8.978183614090085030e-04,-5.323438048362731934e-01,-7.734354734420776367e-01,6.064450144767761230e-01,-1.363597631454467773e+00,1.315081268548965454e-01,9.788925647735595703e-01,-1.951852917671203613e+00,4.430056512355804443e-01,6.254723668098449707e-01,-1.050870895385742188e+00,-7.817175239324569702e-02,1.599087268114089966e-01,-1.354954004287719727e+00,3.417425155639648438e-01,1.908324807882308960e-01,-1.701282382011413574e+00,-7.259269952774047852e-01,-2.193140268325805664e+00,-1.342193484306335449e+00,-1.537982821464538574e+00,-1.067907333374023438e+00
-1.055783510208129883e+00,-1.190669536590576172e+00,-4.701864421367645264e-01,-1.055348962545394897e-01,-8.864309787750244141e-01,-1.085052847862243652e+00,-1.060972571372985840e+00,-9.664864540100097656e-01,-6.201186180114746094e-01,-1.091102480888366699e+00,7.459684610366821289e-01,-9.060433506965637207e-01,-8.054594993591308594e-01,1.461957216262817383e+00,-2.244755506515502930e+00,7.295081019401550293e-01,1.642060160636901855e+00,-1.403896212577819824e+00,1.552333950996398926e+00,1.599842548370361328e+00,-4.792405664920806885e-01,1.030330777168273926e+00,1.217799186706542969e+00,-1.237362146377563477e+00,8.412818312644958496e-01,-6.427233219146728516e-01,-6.161664128303527832e-01,-1.374423503875732422e+00,-1.304805755615234375e+00,-2.149760484695434570e+00,-2.347207069396972656e+00,-2.301003456115722656e+00
-2.997596263885498047e-01,-5.728940367698669434e-01,-1.671537756919860840e-01,1.038088575005531311e-01,7.482008337974548340e-01,9.596980214118957520e-01,1.597669363021850586e+00,-6.775005459785461426e-01,-4.696950912475585938e-01,-4.739184081554412842e-01,5.905273184180259705e-02,-1.657764554023742676e+00,-1.094317555427551270e+00,1.510961532592773438e+00,-1.470880031585693359e+00,1.236061096191406250e+00,1.477779507637023926e+00,-1.427281737327575684e+00,1.460733771324157715e+00,1.165590643882751465e+00,-9.182344675064086914e-01,1.251544475555419922e+00,6.994030475616455078e-01,1.437453627586364746e-01,8.226531744003295898e-01,-2.296011000871658325e-01,4.952152073383331299e-01,-1.986933469772338867e+00,-1.288651108741760254e+00,-7.909772396087646484e-01,-2.159481793642044067e-01,-7.987733483314514160e-01
9.162291884422302246e-01,7.902830839157104492e-01,5.663942694664001465e-01,1.687924265861511230e+00,1.671711444854736328e+00,1.879485368728637695e+00,2.427408456802368164e+00,-9.118407964706420898e-02,1.026613831520080566e+00,-7.689885050058364868e-02,-6.716020107269287109e-01,-6.628746390342712402e-01,-1.155248761177062988e+00,8.416268825531005859e-01,-2.340934127569198608e-01,9.294913411140441895e-01,1.119068980216979980e+00,9.311582893133163452e-02,1.399957060813903809e+00,1.110242366790771484e+00,6.754138469696044922e-01,1.068801522254943848e+00,9.796628355979919434e-01,7.390978932380676270e-01,1.645497202873229980e+00,1.294631958007812500e+00,1.404781818389892578e+00,2.957490086555480957e-01,-8.147600889205932617e-01,8.487318754196166992e-01,3.379215598106384277e-01,4.089986085891723633e-01
-2.022612243890762329e-01,3.200394213199615479e-01,-7.807353734970092773e-01,9.713718891143798828e-01,1.000442862510681152e+00,2.041903495788574219e+00,2.106857061386108398e+00,1.190375566482543945e+00,1.589444041252136230e+00,1.278120517730712891e+00,1.210648775100708008e+00,9.589204192161560059e-01,3.528144061565399170e-01,1.061733722686767578e+00,-7.831563949584960938e-01,1.510147929191589355e+00,1.662447571754455566e+00,4.546193182468414307e-01,1.762655258178710938e+00,1.475708365440368652e+00,1.647316098213195801e+00,1.263403534889221191e+00,2.005121707916259766e+00,4.578531384468078613e-01,2.063701391220092773e+00,7.760787606239318848e-01,-1.272377073764801025e-01,-4.188942611217498779e-01,-6.994134783744812012e-01,3.116273283958435059e-01,5.283812284469604492e-01,8.528530001640319824e-01
-2.084702253341674805e+00,-1.216169834136962891e+00,-2.206400394439697266e+00,-2.229406982660293579e-01,4.748969078063964844e-01,8.882033824920654297e-01,1.416218757629394531e+00,4.130626916885375977e-01,4.647862911224365234e-01,1.154860854148864746e+00,-2.050752639770507812e-01,-1.553363561630249023e+00,-9.017454981803894043e-01,1.000509738922119141e+00,-7.737098336219787598e-01,7.602108716964721680e-01,1.200432062149047852e+00,-1.353511691093444824e+00,8.120350837707519531e-01,9.451851844787597656e-01,7.937076687812805176e-02,1.122485518455505371e+00,1.065004229545593262e+00,9.962636977434158325e-02,1.286627411842346191e+00,6.178708672523498535e-01,1.827831193804740906e-02,-1.224044442176818848e+00,-1.831858396530151367e+00,-1.832041025161743164e+00,-1.539595007896423340e+00,-8.473747968673706055e-01
-1.449455022811889648e+00,-1.441526174545288086e+00,-1.327037453651428223e+00,-6.730139255523681641e-01,2.406785488128662109e-01,2.898068428039550781e-01,6.316694617271423340e-02,-8.980680257081985474e-02,2.473134845495223999e-01,1.064280122518539429e-01,-8.791844248771667480e-01,-4.133211970329284668e-01,-1.098656654357910156e+00,4.530771076679229736e-01,-4.971619248390197754e-01,1.102993264794349670e-01,1.043453812599182129e+00,-9.980932474136352539e-01,1.348455101251602173e-01,4.612650871276855469e-01,-8.024204522371292114e-02,4.360378533601760864e-02,2.580671310424804688e-01,-1.008623186498880386e-02,5.122892931103706360e-02,-8.208377659320831299e-02,-9.876747131347656250e-01,-5.649232864379882812e-01,-1.177089691162109375e+00,-2.504996359348297119e-01,-5.956839323043823242e-01,-1.093652844429016113e+00
-1.152185320854187012e+00,-1.677771925926208496e+00,-5.421956777572631836e-01,-1.109384536743164062e+00,7.844250202178955078e-01,1.217896956950426102e-02,6.962439417839050293e-01,1.270338892936706543e-01,-3.694474399089813232e-01,-3.679333329200744629e-01,4.502135515213012695e-01,-1.213820695877075195e+00,-8.155739307403564453e-01,1.593545317649841309e+00,-1.579184532165527344e+00,1.466933488845825195e+00,1.727195382118225098e+00,-1.122741937637329102e+00,2.015870094299316406e+00,1.661597371101379395e+00,-4.416077435016632080e-01,1.334442138671875000e+00,1.696236371994018555e+00,-1.828543394804000854e-01,1.086165308952331543e+00,5.836795270442962646e-02,-6.864808201789855957e-01,-2.644630908966064453e+00,-4.348564147949218750e-01,-1.625253260135650635e-01,-7.349625825881958008e-01,-6.868616342544555664e-01
-1.565274298191070557e-01,1.398642780259251595e-03,-7.389010787010192871e-01,-1.831713831052184105e-03,1.702950447797775269e-01,4.773486033082008362e-02,6.716982126235961914e-01,9.086001664400100708e-02,-2.377512156963348389e-01,-4.060013294219970703e-01,1.035879105329513550e-01,-1.507147073745727539e+00,-9.287887215614318848e-01,9.893679022789001465e-01,-1.016973614692687988e+00,8.523360490798950195e-01,1.062943100929260254e+00,-1.462683796882629395e+00,4.792347252368927002e-01,4.851839840412139893e-01,-2.799172401428222656e-01,1.928230673074722290e-01,1.566533923149108887e+00,4.197814762592315674e-01,1.107758760452270508e+00,-1.795459628105163574e+00,9.698700308799743652e-01,-2.862026691436767578e+00,-8.212490007281303406e-03,-5.710070207715034485e-02,-2.075404487550258636e-02,-8.358765840530395508e-01
5.246136188507080078e-01,2.889695763587951660e-02,6.909438371658325195e-01,-5.671267583966255188e-02,1.057522535324096680e+00,9.735997319221496582e-01,1.159649252891540527e+00,5.510743260383605957e-01,4.650038182735443115e-01,8.297939896583557129e-01,-2.337715774774551392e-02,-1.754926919937133789e+00,1.045059133321046829e-02,1.226677298545837402e+00,-3.287804126739501953e-01,9.807078242301940918e-01,1.402233481407165527e+00,3.035681508481502533e-02,1.106773614883422852e+00,8.796388506889343262e-01,5.806782841682434082e-01,8.237902522087097168e-01,6.440126299858093262e-01,1.679324507713317871e+00,1.032734990119934082e+00,8.576402664184570312e-01,3.607436716556549072e-01,3.145463764667510986e-01,7.999573349952697754e-01,1.447755813598632812e+00,1.725810050964355469e+00,1.216681599617004395e+00
-3.560473620891571045e-01,-3.263832628726959229e-01,-6.881939768791198730e-01,-7.135934233665466309e-01,3.901771306991577148e-01,1.470114111900329590e+00,4.118198454380035400e-01,5.927978157997131348e-01,9.798429608345031738e-01,1.229889512062072754e+00,4.730486273765563965e-01,8.031925559043884277e-01,-7.804330438375473022e-02,7.929024100303649902e-01,-6.821992993354797363e-01,6.570828557014465332e-01,1.425826549530029297e+00,8.626381158828735352e-01,1.074135899543762207e+00,1.366965532302856445e+00,1.547805309295654297e+00,9.069976210594177246e-01,1.844519734382629395e+00,1.679898381233215332e+00,1.960161924362182617e+00,1.495909214019775391e+00,8.616641163825988770e-01,-1.576554626226425171e-01,1.635738648474216461e-02,2.776216268539428711e-01,8.807918429374694824e-01,8.492610454559326172e-01
-1.553943634033203125e+00,-8.490260839462280273e-01,-4.478577077388763428e-01,-2.448860406875610352e-01,-7.911507040262222290e-02,1.181982159614562988e+00,6.078892350196838379e-01,-4.459958970546722412e-01,8.316421508789062500e-01,7.138428092002868652e-01,-3.204025924205780029e-01,-6.578956246376037598e-01,-9.585514664649963379e-01,8.528386950492858887e-01,-5.215518474578857422e-01,2.422990947961807251e-01,9.962401986122131348e-01,-1.566980957984924316e+00,4.848255217075347900e-01,7.743172049522399902e-01,-3.941059112548828125e-01,9.594779610633850098e-01,8.533045649528503418e-01,-1.900272518396377563e-01,6.627822518348693848e-01,-1.980209648609161377e-01,2.083813548088073730e-01,-5.537977814674377441e-01,-1.482540249824523926e+00,-1.297208189964294434e+00,-1.568593621253967285e+00,-9.825638532638549805e-01
-1.961618661880493164e-01,-7.280185222625732422e-01,3.254347145557403564e-01,7.231042385101318359e-01,-5.059293508529663086e-01,8.210396170616149902e-01,-1.305071562528610229e-01,-8.154717087745666504e-01,1.299842894077301025e-01,-4.715806841850280762e-01,-4.594627916812896729e-01,-4.442986249923706055e-01,-6.721686124801635742e-01,6.970912218093872070e-01,-4.665019214153289795e-01,9.382054209709167480e-02,1.059378266334533691e+00,-9.587367773056030273e-01,5.243868827819824219e-01,5.739737153053283691e-01,-6.842439770698547363e-01,1.182797998189926147e-01,3.997474908828735352e-01,-5.345923900604248047e-01,4.380289912223815918e-01,2.568189986050128937e-02,5.730864405632019043e-01,-6.011735200881958008e-01,-8.001939058303833008e-01,5.627465248107910156e-02,-8.549768328666687012e-01,-9.155813455581665039e-01
1.713989078998565674e-01,4.290086925029754639e-01,1.742666959762573242e-01,5.396510660648345947e-02,-3.422124981880187988e-01,-4.507414996623992920e-01,8.556429743766784668e-01,-1.331303834915161133e+00,-1.354161381721496582e+00,-1.002145886421203613e+00,-4.146396219730377197e-01,-4.731872081756591797e-01,-9.312027096748352051e-01,1.087502598762512207e+00,1.510627567768096924e-01,9.402568340301513672e-01,1.186082839965820312e+00,-1.357977509498596191e+00,9.653746485710144043e-01,1.170224785804748535e+00,-7.126613259315490723e-01,7.410430908203125000e-01,9.818516969680786133e-01,5.784685909748077393e-02,1.188712239265441895e+00,9.584632702171802521e-03,-9.515916928648948669e-03,-1.462636709213256836e+00,-7.642008662223815918e-01,-1.756732910871505737e-01,-4.168971180915832520e-01,-5.929898023605346680e-01
1.244886517524719238e+00,9.898394346237182617e-01,6.249476075172424316e-01,5.078778862953186035e-01,-6.498527526855468750e-02,5.966498851776123047e-01,1.896983832120895386e-01,4.359903633594512939e-01,2.985013462603092194e-02,2.728740572929382324e-01,-7.002813816070556641e-01,-8.034421801567077637e-01,-8.500120043754577637e-01,6.671370863914489746e-01,1.074979066848754883e+00,4.019669592380523682e-01,9.274231791496276855e-01,-3.523504137992858887e-01,5.781658887863159180e-01,5.770099163055419922e-01,1.314803361892700195e-01,6.123645901679992676e-01,5.317116975784301758e-01,1.066138982772827148e+00,1.181942820549011230e+00,2.689226567745208740e-01,1.887789964675903320e+00,2.670388221740722656e-01,2.950750887393951416e-01,7.185601592063903809e-01,9.578695893287658691e-01,4.062494635581970215e-01
-5.076404809951782227e-01,-3.360988497734069824e-01,-2.649381756782531738e-01,-1.215271651744842529e-02,-2.942478954792022705e-01,7.936668395996093750e-01,1.533489953726530075e-02,-5.682092905044555664e-01,5.637570619583129883e-01,5.279814004898071289e-01,-3.674448728561401367e-01,1.587717294692993164e+00,-5.445613861083984375e-01,1.300624758005142212e-01,7.551757097244262695e-01,1.498009264469146729e-01,4.201491475105285645e-01,2.116625159978866577e-01,9.819063544273376465e-02,-6.116643548011779785e-02,6.679241657257080078e-01,-4.339669346809387207e-01,-1.634717136621475220e-01,2.601011991500854492e-01,1.535722762346267700e-01,7.054535150527954102e-01,-3.787851631641387939e-01,-3.933213949203491211e-01,6.995824631303548813e-03,8.401616215705871582e-01,8.062038421630859375e-01,3.412736356258392334e-01
-1.028119325637817383e+00,-5.261144638061523438e-01,-9.886968135833740234e-01,-5.700504779815673828e-01,-1.242301344871520996e+00,-6.950387358665466309e-01,-1.005905270576477051e+00,-1.828947663307189941e+00,-8.922882676124572754e-01,-6.240249872207641602e-01,2.030085921287536621e-01,-1.412507057189941406e+00,-1.344276070594787598e+00,1.026796579360961914e+00,-1.417818903923034668e+00,3.104520738124847412e-01,1.050300359725952148e+00,-1.335631728172302246e+00,2.385343760251998901e-01,7.639521360397338867e-01,-9.201445579528808594e-01,7.632653117179870605e-01,6.001015305519104004e-01,-3.746913671493530273e-01,8.845579624176025391e-01,-5.394120216369628906e-01,-3.403339684009552002e-01,-1.502841472625732422e+00,-1.049035668373107910e+00,-1.677948355674743652e+00,-1.165614128112792969e+00,-1.291429877281188965e+00
-1.141996979713439941e+00,-1.172187447547912598e+00,-1.084501266479492188e+00,-1.268954992294311523e+00,-1.787581682205200195e+00,-3.623303174972534180e-01,-1.732325077056884766e+00,-1.633900523185729980e+00,3.087162226438522339e-02,-1.029952526092529297e+00,-1.084767818450927734e+00,-3.426958620548248291e-01,-1.953832864761352539e+00,3.194873034954071045e-01,1.000179648399353027e-01,-9.548198580741882324e-01,-1.019232124090194702e-01,-2.159305334091186523e+00,-1.233417987823486328e+00,-5.208262801170349121e-01,-2.534217834472656250e+00,-9.073339104652404785e-01,-8.476499915122985840e-01,-2.001598358154296875e+00,-1.067294836044311523e+00,-5.850312113761901855e-01,-1.995737552642822266e+00,-4.082169234752655029e-01,-7.831267714500427246e-01,-6.362649798393249512e-01,-1.961104154586791992e+00,-8.469935655593872070e-01
2.505763769149780273e-01,4.159963130950927734e-01,4.793892502784729004e-01,1.592992186546325684e+00,-8.584073781967163086e-01,-2.991863191127777100e-01,-6.668829321861267090e-01,-8.577622771263122559e-01,-5.444149971008300781e-01,-9.989714622497558594e-01,7.884200215339660645e-01,-2.043221890926361084e-01,-7.822664827108383179e-02,1.404820322990417480e+00,-8.314114063978195190e-02,1.145546436309814453e+00,1.353797078132629395e+00,-6.016649603843688965e-01,1.318594336509704590e+00,1.137255549430847168e+00,-2.881274223327636719e-01,9.248214960098266602e-01,9.424399733543395996e-01,-7.274888157844543457e-01,9.374155998229980469e-01,1.676972746849060059e+00,-9.463170766830444336e-01,1.227498129010200500e-01,1.798298656940460205e-01,3.090115189552307129e-01,1.163206063210964203e-03,5.151712894439697266e-01
9.439846873283386230e-01,1.341847896575927734e+00,1.171946287155151367e+00,1.515179514884948730e+00,1.291357398033142090e+00,7.066673636436462402e-01,2.025984764099121094e+00,3.430238962173461914e-01,-7.711190581321716309e-01,-3.036336004734039307e-01,5.805496573448181152e-01,-8.215451836585998535e-01,-1.042736768722534180e+00,1.362394690513610840e+00,-1.252088993787765503e-01,1.026482224464416504e+00,1.246664643287658691e+00,-4.091607928276062012e-01,1.065490603446960449e+00,8.488195538520812988e-01,-1.087766513228416443e-01,1.124397039413452148e+00,9.661526679992675781e-01,6.709661483764648438e-01,9.373774528503417969e-01,-3.873174488544464111e-01,3.663412928581237793e-01,-3.752358257770538330e-01,1.612047553062438965e+00,2.164732694625854492e+00,1.561185836791992188e+00,1.084081053733825684e+00
6.364352703094482422e-01,9.133886098861694336e-01,3.460402190685272217e-01,-1.344900578260421753e-01,3.351033627986907959e-01,1.043539047241210938e+00,1.139425039291381836e+00,8.075726032257080078e-01,7.893450260162353516e-01,1.980717658996582031e+00,-3.790318071842193604e-01,-6.801105290651321411e-02,-5.443474650382995605e-01,1.760154664516448975e-01,5.111108422279357910e-01,-4.867852032184600830e-01,-3.199738264083862305e-01,-7.192912045866250992e-03,-4.688676893711090088e-01,-6.643251776695251465e-01,1.085454225540161133e+00,-1.091714143753051758e+00,2.017281949520111084e-01,8.042500913143157959e-02,5.818288326263427734e-01,5.546798706054687500e-01,1.139541864395141602e-01,5.209221243858337402e-01,7.094171643257141113e-01,1.121775865554809570e+00,6.488240957260131836e-01,7.013497352600097656e-01
-9.983991980552673340e-01,1.184350699186325073e-01,-1.377634525299072266e+00,5.255609378218650818e-02,-9.044545888900756836e-01,1.031503677368164062e-01,-2.026873677968978882e-01,-7.120946049690246582e-01,7.818540930747985840e-01,1.232670187950134277e+00,3.156085610389709473e-01,1.133657693862915039e+00,-1.559338271617889404e-01,4.289738237857818604e-01,-5.468256473541259766e-01,6.655426621437072754e-01,2.995311319828033447e-01,-1.088993191719055176e+00,4.385996460914611816e-01,-4.596380516886711121e-02,-1.919341534376144409e-01,-1.755921840667724609e-01,3.065383434295654297e-01,-1.040493011474609375e+00,8.024084568023681641e-02,-7.679994106292724609e-01,-4.119401872158050537e-01,-4.400380253791809082e-01,-6.110025048255920410e-01,-1.369866132736206055e+00,-1.108310937881469727e+00,-9.404038190841674805e-01
-1.678809285163879395e+00,-6.450490355491638184e-01,-1.252938389778137207e+00,2.864166200160980225e-01,-6.685547828674316406e-01,1.438027620315551758e-02,4.736286103725433350e-01,-1.508446455001831055e+00,-5.248459577560424805e-01,-4.610240161418914795e-01,-9.167742133140563965e-01,-1.846795082092285156e+00,-1.466719150543212891e+00,1.468871831893920898e-01,-6.057426333427429199e-01,3.339834976941347122e-03,-7.120738923549652100e-02,-1.644671320915222168e+00,8.739781379699707031e-02,-2.761968374252319336e-01,-1.152141094207763672e+00,-1.810703054070472717e-02,-8.194379806518554688e-01,-1.084523797035217285e+00,-9.096507430076599121e-01,-6.094228625297546387e-01,-1.671894907951354980e+00,-1.256682753562927246e+00,-8.426420092582702637e-01,-7.634422183036804199e-01,-1.321218371391296387e+00,-6.420728564262390137e-01
-1.292767643928527832e+00,-6.837115287780761719e-01,-4.342184960842132568e-01,-1.749286651611328125e-01,-7.074633836746215820e-01,4.677776992321014404e-02,-2.966722846031188965e-01,-1.706815361976623535e+00,2.828385531902313232e-01,-9.786455631256103516e-01,-1.513128876686096191e+00,-1.725828200578689575e-01,-1.803643822669982910e+00,1.108722463250160217e-01,-4.382725954055786133e-01,-9.155216813087463379e-01,-2.118466347455978394e-01,-1.243419289588928223e+00,-8.018531799316406250e-01,-7.061923146247863770e-01,-1.253595590591430664e+00,-1.079262256622314453e+00,-1.146040916442871094e+00,-1.447914958000183105e+00,-1.545724153518676758e+00,-1.909952998161315918e+00,-1.673724889755249023e+00,-1.098210096359252930e+00,-5.573002099990844727e-01,-5.536255240440368652e-01,-1.124901890754699707e+00,-8.130809068679809570e-01
-3.101308345794677734e-01,2.208107262849807739e-01,-4.826523959636688232e-01,-2.558411061763763428e-01,-8.721241950988769531e-01,-5.271890759468078613e-01,-4.095480144023895264e-01,-1.640017271041870117e+00,-1.895237684249877930e+00,-1.057266950607299805e+00,-1.645768880844116211e+00,-1.552864432334899902e+00,-1.323161005973815918e+00,-4.980222880840301514e-01,-7.130802869796752930e-01,-1.264051318168640137e+00,-4.975397586822509766e-01,-1.664494395256042480e+00,-8.103134036064147949e-01,-9.842849373817443848e-01,-2.101038217544555664e+00,-1.191993117332458496e+00,-1.328020691871643066e+00,-1.023851871490478516e+00,-1.356306910514831543e+00,-2.751895487308502197e-01,-2.051304429769515991e-01,-5.346576571464538574e-01,3.268097639083862305e-01,2.076138854026794434e-01,-3.287587761878967285e-01,-3.092271834611892700e-02
1.239403963088989258e+00,1.384956002235412598e+00,1.115959525108337402e+00,7.539263367652893066e-01,-6.564604043960571289e-01,-9.630717337131500244e-02,-4.308835268020629883e-01,-1.942451834678649902e+00,-8.882212638854980469e-02,-2.147705078125000000e+00,-1.108670115470886230e+00,3.068314194679260254e-01,-2.066283702850341797e+00,-4.813095629215240479e-01,-1.254326343536376953e+00,-2.053727388381958008e+00,-8.057274222373962402e-01,-9.489189386367797852e-01,-1.944430112838745117e+00,-1.141228675842285156e+00,-7.312766909599304199e-01,-1.438402771949768066e+00,-2.075627326965332031e+00,-4.684911370277404785e-01,-1.498834371566772461e+00,-2.303353071212768555e+00,-1.002615928649902344e+00,-1.566852807998657227e+00,-6.177279353141784668e-01,6.419096142053604126e-02,9.279119223356246948e-02,3.681228160858154297e-01
-1.084132909774780273e+00,-1.104303359985351562e+00,-7.951078414916992188e-01,-1.814312458038330078e+00,-6.564899086952209473e-01,3.702741563320159912e-01,-1.012177467346191406e+00,-1.308295130729675293e+00,1.054912805557250977e+00,-1.366781830787658691e+00,-8.163879513740539551e-01,-2.177877724170684814e-01,-2.170972824096679688e+00,6.671091318130493164e-01,1.504550874233245850e-01,-4.878532588481903076e-01,8.385849595069885254e-01,-1.753911525011062622e-01,-1.983991414308547974e-01,5.349829196929931641e-01,-1.614224016666412354e-01,6.410738825798034668e-01,-1.376309394836425781e-01,-7.035201787948608398e-01,4.792691767215728760e-01,8.545068502426147461e-01,-1.063522100448608398e+00,-2.431796044111251831e-01,-2.357018232345581055e+00,-1.889554858207702637e+00,-9.026479125022888184e-01,-8.124788999557495117e-01
-9.157494306564331055e-01,-7.478742599487304688e-01,2.781007587909698486e-01,4.006873965263366699e-01,-2.509735524654388428e-01,7.982130348682403564e-02,-3.894718885421752930e-01,-1.523353457450866699e+00,1.455146819353103638e-01,-5.277599096298217773e-01,1.241022124886512756e-01,-1.767341643571853638e-01,-1.085303068161010742e+00,9.109552502632141113e-01,-1.015592575073242188e+00,2.704418599605560303e-01,1.425916314125061035e+00,-1.100157618522644043e+00,9.198707342147827148e-01,7.244238257408142090e-01,4.696564376354217529e-02,5.794957876205444336e-01,2.741796076297760010e-01,-4.220326542854309082e-01,4.946785569190979004e-01,-8.630777001380920410e-01,-1.149832844734191895e+00,-4.955074489116668701e-01,-9.736700654029846191e-01,-7.471966147422790527e-01,-1.724667191505432129e+00,-1.208855628967285156e+00
-6.016665697097778320e-01,-2.153410315513610840e-01,1.557144224643707275e-01,2.403419762849807739e-01,4.520060420036315918e-01,-4.426540806889533997e-02,6.392751932144165039e-01,-1.622963190078735352e+00,-6.202888488769531250e-01,-1.302629709243774414e+00,-1.219813346862792969e+00,-1.016487479209899902e+00,-2.159574985504150391e+00,4.574722349643707275e-01,-3.261839747428894043e-01,4.097655415534973145e-02,7.999517917633056641e-01,-5.599392056465148926e-01,3.321894407272338867e-01,4.759302139282226562e-01,-4.644789695739746094e-01,1.407056152820587158e-01,-6.162748336791992188e-01,-1.432487726211547852e+00,-5.102279186248779297e-01,-7.043168544769287109e-01,-1.756784677505493164e+00,-6.248218417167663574e-01,-1.309604793787002563e-01,1.386387199163436890e-01,-6.990664005279541016e-01,-6.177921891212463379e-01
-2.890914678573608398e-01,-4.812080264091491699e-01,-3.100722730159759521e-01,-5.162614583969116211e-01,-5.040709972381591797e-01,-2.269738763570785522e-01,-1.010201930999755859e+00,-1.249639153480529785e+00,-9.119897484779357910e-01,-7.034584283828735352e-01,-7.422247529029846191e-01,4.611141514033079147e-03,-1.300090312957763672e+00,-1.443956643342971802e-01,4.554532468318939209e-01,-1.153311133384704590e+00,-4.291165769100189209e-01,-1.035574793815612793e+00,-1.050273299217224121e+00,-8.364497423171997070e-01,-1.729552149772644043e+00,-1.382621407508850098e+00,-8.670943975448608398e-01,-6.381252408027648926e-01,-1.715023994445800781e+00,-1.026323676109313965e+00,-7.885078191757202148e-01,-1.526094436645507812e+00,9.482553005218505859e-01,1.146144270896911621e+00,-2.043365240097045898e-01,3.154478669166564941e-01
1.207079589366912842e-01,9.007508754730224609e-01,1.930022984743118286e-01,2.342832386493682861e-01,-5.421240925788879395e-01,2.455414235591888428e-01,-4.878275990486145020e-01,-3.150732219219207764e-01,4.316730499267578125e-01,-2.452888935804367065e-01,-7.753254771232604980e-01,-1.073055982589721680e+00,-9.402782320976257324e-01,-5.177584290504455566e-02,-8.768213987350463867e-01,-1.128033518791198730e+00,-3.157526254653930664e-01,-6.168007254600524902e-01,-7.416318058967590332e-01,-7.387112379074096680e-01,-1.034417033195495605e+00,-1.131211519241333008e+00,-1.338271856307983398e+00,1.271262466907501221e-01,-1.484671950340270996e+00,-4.766818583011627197e-01,-5.723974704742431641e-01,7.764663696289062500e-01,-8.790405839681625366e-02,7.706701755523681641e-01,1.134105443954467773e+00,1.917910933494567871e+00
9.774969518184661865e-02,-2.558517158031463623e-01,-8.982452750205993652e-01,-5.597646832466125488e-01,-8.957819938659667969e-01,2.423351705074310303e-01,-9.317000955343246460e-02,-1.536073088645935059e-01,7.853441834449768066e-01,-6.647014021873474121e-01,4.741497337818145752e-01,-5.624279379844665527e-01,-7.839776873588562012e-01,4.659685790538787842e-01,-9.893795847892761230e-01,-5.419009327888488770e-01,3.436704576015472412e-01,7.128993868827819824e-01,-4.802899360656738281e-01,-1.539729386568069458e-01,6.023934483528137207e-01,-2.711187303066253662e-01,-5.171800777316093445e-02,1.003149747848510742e+00,9.799155592918395996e-02,4.312777221202850342e-01,-2.508369982242584229e-01,-1.172160506248474121e+00,-3.061940670013427734e-01,2.127078622579574585e-01,3.652670979499816895e-01,8.284921050071716309e-01
-1.188987135887145996e+00,-1.048482507467269897e-01,-8.883091807365417480e-01,4.388715624809265137e-01,-7.416226863861083984e-01,3.676421642303466797e-01,3.239096403121948242e-01,1.795325875282287598e-01,7.844456434249877930e-01,9.001472592353820801e-02,1.794281601905822754e-01,-2.280084788799285889e-01,-5.979143977165222168e-01,-1.081847772002220154e-01,-9.717293828725814819e-02,-1.408155858516693115e-01,-5.625086426734924316e-01,-4.127402007579803467e-01,-8.979148268699645996e-01,-9.584194421768188477e-01,-1.517712473869323730e-01,-1.231083393096923828e+00,-8.408036828041076660e-01,-5.212617516517639160e-01,-9.220698475837707520e-01,2.158078253269195557e-01,-7.685286998748779297e-01,-9.510210156440734863e-01,-9.188863635063171387e-01,-3.604675531387329102e-01,-1.223692774772644043e+00,-9.700824022293090820e-01
-8.501641750335693359e-01,-5.307099819183349609e-01,-5.861564874649047852e-01,7.700595259666442871e-01,3.023599833250045776e-02,4.860820472240447998e-01,3.400347381830215454e-02,5.394484400749206543e-01,3.521010875701904297e-01,1.090511918067932129e+00,3.726962506771087646e-01,-1.667105108499526978e-01,-2.237098813056945801e-01,-6.731279194355010986e-02,-2.171337306499481201e-01,-1.026397466659545898e+00,-2.910887897014617920e-01,-4.243988394737243652e-01,-8.913798928260803223e-01,-8.240363001823425293e-01,-1.613218784332275391e-01,-1.101121664047241211e+00,-7.151628732681274414e-01,-1.149896621704101562e+00,-8.340288996696472168e-01,-7.252678871154785156e-01,-8.524711728096008301e-01,-3.133600056171417236e-01,-9.826936721801757812e-01,-7.682608366012573242e-01,-1.202224493026733398e+00,-7.452756762504577637e-01
-7.492848485708236694e-02,7.464756369590759277e-01,-5.551382303237915039e-01,1.724065423011779785e+00,4.013570845127105713e-01,-4.163819849491119385e-01,8.163055777549743652e-01,-3.180708289146423340e-01,-6.209982037544250488e-01,-2.512439340353012085e-02,4.688644707202911377e-01,-1.478718221187591553e-01,-9.564124941825866699e-01,1.041381716728210449e+00,1.254685401916503906e+00,3.701452612876892090e-01,6.403068900108337402e-01,-5.342356562614440918e-01,5.035232305526733398e-01,5.710755586624145508e-01,-3.074297606945037842e-01,3.782829642295837402e-01,8.539003878831863403e-02,3.415855765342712402e-01,-1.403642147779464722e-01,-3.255702853202819824e-01,-3.881288468837738037e-01,-5.644487738609313965e-01,1.577947139739990234e-01,3.650452196598052979e-01,2.920463383197784424e-01,3.087054491043090820e-01
5.471378564834594727e-01,8.632373213768005371e-01,-6.522260308265686035e-01,1.474881768226623535e-01,-2.528614401817321777e-01,7.821099758148193359e-01,-3.859159648418426514e-01,-4.968742728233337402e-01,-1.368793249130249023e-01,-4.667083621025085449e-01,-9.020702838897705078e-01,-9.316871166229248047e-01,-2.073434114456176758e+00,1.613603383302688599e-01,1.093319773674011230e+00,-1.350819110870361328e+00,5.379069596529006958e-02,-1.011950671672821045e-01,-9.248506426811218262e-01,-6.068776845932006836e-01,-1.050569295883178711e+00,-1.108564496040344238e+00,-1.161277770996093750e+00,-8.568000197410583496e-01,-1.328491091728210449e+00,-5.621141195297241211e-01,-1.281419396400451660e-01,-2.907926142215728760e-01,-1.145253658294677734e+00,-3.560963571071624756e-01,1.054966688156127930e+00,1.107900261878967285e+00
1.101540088653564453e+00,1.089942336082458496e+00,1.415619015693664551e+00,1.782116651535034180e+00,4.357818663120269775e-01,1.827850341796875000e+00,5.730462074279785156e-01,-4.415805041790008545e-01,1.791689157485961914e+00,-4.529280960559844971e-01,2.169332504272460938e-01,1.569574832916259766e+00,-9.258552193641662598e-01,5.735374689102172852e-01,1.017166972160339355e+00,-1.165721118450164795e-01,5.490368008613586426e-01,2.001385211944580078e+00,3.440744876861572266e-01,-1.463316679000854492e-01,1.981303334236145020e+00,-7.992404699325561523e-02,7.058966755867004395e-01,1.957324862480163574e+00,1.038333773612976074e+00,7.555885314941406250e-01,1.419787764549255371e+00,-1.224070787429809570e-01,-5.263090729713439941e-01,3.663875758647918701e-01,6.859854459762573242e-01,1.160836100578308105e+00
-8.930424451828002930e-01,-8.646858930587768555e-01,-3.386339545249938965e-01,1.499187201261520386e-01,5.061653852462768555e-01,9.423747062683105469e-01,3.473194241523742676e-01,-6.519803404808044434e-01,3.206146657466888428e-01,-4.119071662425994873e-01,-1.416012048721313477e-01,-3.741856217384338379e-01,-1.468552589416503906e+00,5.875906944274902344e-01,-5.533443689346313477e-01,3.721796870231628418e-01,2.288349866867065430e-01,-4.395176172256469727e-01,3.664746880531311035e-01,9.060563892126083374e-02,6.963247060775756836e-01,3.889117538928985596e-01,2.942563593387603760e-01,-1.441205590963363647e-01,-1.164166629314422607e-01,9.988600015640258789e-01,1.322325021028518677e-01,-3.216909766197204590e-01,-9.181090593338012695e-01,-9.881622195243835449e-01,-1.278567552566528320e+00,-1.027332544326782227e+00
-2.709532678127288818e-01,-7.111848592758178711e-01,5.754137635231018066e-01,3.790238499641418457e-02,9.917702674865722656e-01,7.749078869819641113e-01,9.003388881683349609e-01,-1.364844679832458496e+00,3.296189010143280029e-01,-4.080683887004852295e-01,-9.765892475843429565e-02,-3.875592350959777832e-01,-9.788109660148620605e-01,1.016998410224914551e+00,1.306227445602416992e-01,5.130969882011413574e-01,1.105251669883728027e+00,-8.319574594497680664e-02,4.401176869869232178e-01,5.878108143806457520e-01,-4.461987316608428955e-02,2.827918231487274170e-01,3.473971486091613770e-01,-7.022842764854431152e-02,4.476360082626342773e-01,-1.526475548744201660e-01,1.995759084820747375e-02,-5.583059787750244141e-01,-3.203209042549133301e-01,-1.759486347436904907e-01,-6.550278663635253906e-01,-2.604451477527618408e-01
1.693201065063476562e-01,-7.014193534851074219e-01,6.634820699691772461e-01,3.578534722328186035e-01,1.794867873191833496e+00,7.383709549903869629e-01,1.089987874031066895e+00,1.172227859497070312e+00,-1.446066945791244507e-01,8.136267662048339844e-01,8.300585150718688965e-01,5.368104577064514160e-01,-3.902165219187736511e-02,5.830276012420654297e-01,4.648998379707336426e-01,3.901503682136535645e-01,3.404234051704406738e-01,5.478714704513549805e-01,7.529799938201904297e-01,-2.143476344645023346e-02,8.757089972496032715e-01,2.313115745782852173e-01,4.266826808452606201e-01,8.770607709884643555e-01,-2.595802769064903259e-03,-8.189331293106079102e-01,1.327405810356140137e+00,-2.888680398464202881e-01,1.106996297836303711e+00,1.250846147537231445e+00,1.860313415527343750e-01,-4.069518297910690308e-02
-2.092743515968322754e-01,-3.309038877487182617e-01,-1.051613211631774902e+00,-4.888914525508880615e-01,1.677670240402221680e+00,2.684876620769500732e-01,1.633549571037292480e+00,1.317004442214965820e+00,-5.791266560554504395e-01,1.162366151809692383e+00,1.188050866127014160e+00,-1.052851080894470215e+00,2.616620361804962158e-01,1.249296903610229492e+00,-5.506374239921569824e-01,1.675088286399841309e+00,1.025228857994079590e+00,-4.465741664171218872e-02,1.395921349525451660e+00,6.985074877738952637e-01,9.188711643218994141e-02,1.115316987037658691e+00,6.493874788284301758e-01,8.370248079299926758e-01,9.044718146324157715e-01,-2.655741870403289795e-01,7.782384157180786133e-01,1.616100370883941650e-01,1.716714501380920410e+00,1.833624362945556641e+00,6.514770388603210449e-01,1.395234704017639160e+00
1.867044210433959961e+00,1.680594086647033691e+00,1.518023133277893066e+00,9.926479458808898926e-01,2.407434463500976562e+00,1.838043332099914551e+00,2.182790756225585938e+00,1.057427525520324707e+00,5.241554975509643555e-01,9.766523838043212891e-01,5.539369769394397736e-03,1.028547406196594238e+00,-4.854024946689605713e-01,1.007214426994323730e+00,1.796925902366638184e+00,1.173112869262695312e+00,6.373223662376403809e-01,1.013263106346130371e+00,8.947122097015380859e-01,4.188749492168426514e-01,1.141233325004577637e+00,1.077598452568054199e+00,2.450312301516532898e-02,9.140730500221252441e-01,1.412803769111633301e+00,1.171874880790710449e+00,9.647890925407409668e-01,2.229322195053100586e+00,-2.413390427827835083e-01,2.100231945514678955e-01,-6.511913239955902100e-02,7.847266793251037598e-01
-1.035063937306404114e-01,-2.757324278354644775e-01,-6.367902755737304688e-01,-9.102208614349365234e-01,1.841534614562988281e+00,1.707903027534484863e+00,1.561912655830383301e+00,2.326875209808349609e+00,2.174945592880249023e+00,1.956233024597167969e+00,1.108534693717956543e+00,2.543668746948242188e+00,5.768604278564453125e-01,9.516732692718505859e-01,1.296836137771606445e+00,1.384692192077636719e+00,9.809306263923645020e-01,1.711776733398437500e+00,1.296157121658325195e+00,5.811573863029479980e-01,2.069001674652099609e+00,9.646817445755004883e-01,8.142940998077392578e-01,1.032260775566101074e+00,1.125903964042663574e+00,7.804102301597595215e-01,4.529102742671966553e-01,1.165833234786987305e+00,1.454590708017349243e-01,1.431131511926651001e-01,4.884445071220397949e-01,2.658631503582000732e-01
-1.034744143486022949e+00,-1.168815732002258301e+00,-7.119526267051696777e-01,-1.207803845405578613e+00,7.184368371963500977e-01,2.016588449478149414e-01,6.993800997734069824e-01,1.033689618110656738e+00,1.192113757133483887e-01,1.980643749237060547e+00,1.558900713920593262e+00,-1.110707163810729980e+00,1.271366477012634277e+00,1.433724641799926758e+00,-1.066361069679260254e+00,1.734340786933898926e+00,1.543211340904235840e+00,-2.966820597648620605e-01,2.366942405700683594e+00,1.025905132293701172e+00,1.172700047492980957e+00,1.797162652015686035e+00,1.448104143142700195e+00,7.690255045890808105e-01,1.569366335868835449e+00,7.938656210899353027e-01,9.860384277999401093e-03,-4.517962932586669922e-01,-8.589993715286254883e-01,1.146144326776266098e-02,-7.303301692008972168e-01,-1.484611630439758301e+00
-7.940591871738433838e-02,-9.091177955269813538e-03,7.417609095573425293e-01,1.161024689674377441e+00,1.386814594268798828e+00,1.539694547653198242e+00,1.430294275283813477e+00,9.596810936927795410e-01,1.036601781845092773e+00,1.232719421386718750e+00,7.420215010643005371e-01,-1.297556906938552856e-01,3.129065930843353271e-01,1.031513571739196777e+00,3.866477310657501221e-01,1.075037002563476562e+00,1.094384431838989258e+00,3.909739851951599121e-01,1.023522615432739258e+00,1.056484699249267578e+00,1.040800809860229492e+00,1.171169161796569824e+00,1.051883220672607422e+00,2.339696884155273438e-01,1.010887026786804199e+00,2.628093957901000977e-01,5.420413017272949219e-01,-7.116377949714660645e-01,-1.981068849563598633e+00,-1.479145646095275879e+00,-5.502576828002929688e-01,-6.077187061309814453e-01
-4.159444570541381836e-01,-8.563939332962036133e-01,3.571129217743873596e-02,-3.865620493888854980e-01,7.286138087511062622e-02,-5.394397974014282227e-01,5.438333153724670410e-01,4.980894923210144043e-01,-3.013388216495513916e-01,1.726225495338439941e+00,3.085446059703826904e-01,-3.294273316860198975e-01,6.161876916885375977e-01,3.281096220016479492e-01,-1.060118600726127625e-01,6.745958328247070312e-01,1.963643729686737061e-01,-4.927996993064880371e-01,4.942854493856430054e-02,2.080210745334625244e-01,-2.560741901397705078e-01,1.962922513484954834e-01,5.744432210922241211e-01,-3.530843257904052734e-01,3.672806322574615479e-01,-5.821742415428161621e-01,2.610418498516082764e-01,-1.795901358127593994e-01,1.881775408983230591e-01,-3.901365101337432861e-01,-8.025917410850524902e-01,-1.394592523574829102e+00
4.201706051826477051e-01,-4.018600285053253174e-01,5.439922213554382324e-01,-3.426713645458221436e-01,2.971387505531311035e-01,-5.211833119392395020e-01,-1.645106375217437744e-01,6.632821559906005859e-01,-1.068116500973701477e-01,7.490071654319763184e-01,1.684442758560180664e+00,5.049922689795494080e-02,1.329241871833801270e+00,1.406290054321289062e+00,4.617233574390411377e-01,1.611953616142272949e+00,1.415221810340881348e+00,-2.430761158466339111e-01,1.141521692276000977e+00,1.381006002426147461e+00,1.351833045482635498e-01,1.509706854820251465e+00,1.666990637779235840e+00,5.258524417877197266e-01,1.635215759277343750e+00,-4.998140037059783936e-02,4.336631596088409424e-01,-7.447507381439208984e-01,4.853142201900482178e-01,-6.735748797655105591e-02,4.129177331924438477e-01,8.183182775974273682e-02
2.755449414253234863e-01,-2.612714469432830811e-01,4.009637236595153809e-01,-3.433054387569427490e-01,7.710031867027282715e-01,7.031261324882507324e-01,5.989253520965576172e-01,1.481873035430908203e+00,-7.356128692626953125e-01,1.190984845161437988e+00,7.113093137741088867e-01,-4.753417074680328369e-01,7.510369420051574707e-01,4.013292491436004639e-01,6.905962824821472168e-01,3.873021900653839111e-01,-7.445444911718368530e-02,-4.580453336238861084e-01,9.396976977586746216e-02,-2.428207993507385254e-01,-7.770023941993713379e-01,-1.623968780040740967e-02,5.650311112403869629e-01,3.298881947994232178e-01,-2.703070342540740967e-01,2.583242654800415039e-01,1.266801118850708008e+00,9.247626662254333496e-01,1.213048934936523438e+00,7.452691197395324707e-01,7.439824938774108887e-01,4.853923618793487549e-01
1.209226965904235840e+00,3.307040929794311523e-01,1.220710158348083496e+00,-6.000623703002929688e-01,1.407493114471435547e+00,9.430446624755859375e-01,8.918441534042358398e-01,1.350666761398315430e+00,5.230962038040161133e-01,1.672384023666381836e+00,9.184851050376892090e-01,-1.167499050498008728e-01,9.076430797576904297e-01,2.380232959985733032e-01,-1.598188132047653198e-01,5.334241986274719238e-01,-1.495375782251358032e-01,1.208426237106323242e+00,2.599719166755676270e-01,-2.900121510028839111e-01,2.419660538434982300e-01,7.531321048736572266e-02,-2.418695390224456787e-02,9.796887040138244629e-01,-2.023326456546783447e-01,-9.369592182338237762e-03,1.748474359512329102e+00,1.470624923706054688e+00,1.113045811653137207e+00,1.161839246749877930e+00,1.709770083427429199e+00,1.599292516708374023e+00
1.211191564798355103e-01,-4.107014536857604980e-01,-6.820709705352783203e-01,-1.278430581092834473e+00,1.483186334371566772e-01,6.053593754768371582e-01,4.562935233116149902e-01,1.476687908172607422e+00,1.232150435447692871e+00,1.552028059959411621e+00,1.243563175201416016e+00,7.529823780059814453e-01,4.786187708377838135e-01,6.825760602951049805e-01,-1.202646270394325256e-01,8.614909648895263672e-01,6.870645880699157715e-01,2.070501804351806641e+00,1.105218529701232910e+00,1.762793213129043579e-01,2.193293809890747070e+00,1.283475160598754883e+00,5.815448760986328125e-01,1.646682262420654297e+00,1.260007739067077637e+00,7.578924894332885742e-01,1.871729254722595215e+00,1.157897710800170898e-01,1.166173577308654785e+00,1.217735260725021362e-01,3.071272075176239014e-01,5.404753684997558594e-01
-9.546757340431213379e-01,-1.156827449798583984e+00,-5.823799967765808105e-01,-6.684346199035644531e-01,3.842479288578033447e-01,7.423907518386840820e-01,9.836066365242004395e-01,6.764878332614898682e-02,5.205708742141723633e-01,1.696622490882873535e+00,4.307156503200531006e-01,7.606413215398788452e-03,4.769992232322692871e-01,1.834340095520019531e-01,6.782494187355041504e-01,1.078427672386169434e+00,2.059259265661239624e-01,4.518750905990600586e-01,7.895607948303222656e-01,-2.374675571918487549e-01,8.632094264030456543e-01,7.345560193061828613e-01,5.739203095436096191e-01,4.469061493873596191e-01,6.942118406295776367e-01,9.721336364746093750e-01,3.485150933265686035e-01,5.756270289421081543e-01,2.039603888988494873e-01,-3.373037278652191162e-02,-8.354064226150512695e-01,-9.526444673538208008e-01
-6.303586959838867188e-01,-4.242882728576660156e-01,4.830923676490783691e-01,2.058564424514770508e-01,-8.591153621673583984e-01,-4.031741246581077576e-02,-2.995120882987976074e-01,-7.374932765960693359e-01,-6.152665019035339355e-01,9.322109818458557129e-01,-7.372952103614807129e-01,1.312664598226547241e-01,1.071643978357315063e-01,-1.144079566001892090e+00,-4.055685698986053467e-01,-6.908033490180969238e-01,-8.361116647720336914e-01,1.388470679521560669e-01,-8.359162807464599609e-01,-1.177473783493041992e+00,3.178349137306213379e-01,-1.090245008468627930e+00,-1.384979724884033203e+00,-6.788453459739685059e-01,-9.590600132942199707e-01,-1.231440901756286621e+00,-8.765193223953247070e-01,8.845052123069763184e-02,-9.284169077873229980e-01,-3.451856076717376709e-01,-1.162512183189392090e+00,-7.514562010765075684e-01
-2.097540646791458130e-01,-6.942762732505798340e-01,4.594803750514984131e-01,1.137740850448608398e+00,4.605606198310852051e-01,-6.052397489547729492e-01,4.934825003147125244e-01,-7.475798726081848145e-01,-9.852247238159179688e-01,-4.822111725807189941e-01,7.369225621223449707e-01,1.022727563977241516e-01,-3.269629478454589844e-01,6.182166934013366699e-01,-7.845927476882934570e-01,1.386455446481704712e-01,2.867570519447326660e-01,-2.589277923107147217e-01,5.209435224533081055e-01,1.440436542034149170e-01,-3.368524014949798584e-01,1.188541650772094727e+00,-6.299065798521041870e-02,-4.415871500968933105e-01,8.926507234573364258e-01,-5.697019696235656738e-01,2.388452142477035522e-01,-1.053286194801330566e+00,1.133188381791114807e-01,4.370836615562438965e-01,-3.487169444561004639e-01,-1.392826735973358154e-01
1.935804784297943115e-01,3.037302494049072266e-01,9.250837564468383789e-01,9.218804240226745605e-01,1.365575671195983887e+00,7.547371983528137207e-01,9.317494630813598633e-01,4.565280377864837646e-01,-1.620192676782608032e-01,2.220838963985443115e-01,2.800685167312622070e-01,-7.026933431625366211e-01,-8.647711947560310364e-03,2.757179141044616699e-01,5.137072801589965820e-01,9.261684864759445190e-02,-1.945957541465759277e-01,3.657646775245666504e-01,-4.751804769039154053e-01,-4.037667512893676758e-01,-1.606851629912853241e-02,-6.639244407415390015e-02,2.181203663349151611e-01,2.687307596206665039e-01,-4.353822767734527588e-01,4.953288733959197998e-01,6.501179933547973633e-01,7.958964705467224121e-01,-2.234946340322494507e-01,-1.991812884807586670e-01,-1.075659513473510742e+00,-5.059005022048950195e-01
3.395539522171020508e-01,4.734405577182769775e-01,8.384087085723876953e-01,7.201101183891296387e-01,1.120501875877380371e+00,1.071868896484375000e+00,6.932312846183776855e-01,1.721884369850158691e+00,9.698361754417419434e-01,1.506823778152465820e+00,1.741276383399963379e+00,1.863032579421997070e+00,1.310143589973449707e+00,8.855362534523010254e-01,1.440910577774047852e+00,9.797753691673278809e-01,4.566336870193481445e-01,6.965534090995788574e-01,8.186995983123779297e-01,8.924735337495803833e-02,5.132542252540588379e-01,9.391495585441589355e-01,4.860738813877105713e-01,-2.812006175518035889e-01,6.529461741447448730e-01,6.758394883945584297e-04,7.820060253143310547e-01,1.038232445716857910e+00,6.032293438911437988e-01,1.640913724899291992e+00,2.324371337890625000e-01,9.675941467285156250e-01
1.074812531471252441e+00,9.048718810081481934e-01,9.595484733581542969e-01,8.904242515563964844e-01,6.958114504814147949e-01,2.833464741706848145e-01,8.814974427223205566e-01,4.187338352203369141e-01,-1.137218236923217773e+00,1.156558752059936523e+00,7.620106339454650879e-01,-1.283776044845581055e+00,1.500362716615200043e-02,2.109946012496948242e-01,-5.033215284347534180e-01,6.278381347656250000e-01,-1.234021857380867004e-01,5.628198012709617615e-02,5.333469510078430176e-01,-1.010651662945747375e-01,-6.427406519651412964e-02,7.411669492721557617e-01,5.716584920883178711e-01,1.270445942878723145e+00,6.045548319816589355e-01,1.417112499475479126e-01,1.992701888084411621e+00,-1.918229460716247559e-01,1.736654281616210938e+00,9.548105001449584961e-01,8.668130040168762207e-01,5.669432878494262695e-01
1.233784317970275879e+00,1.608189344406127930e+00,5.072543025016784668e-01,2.969489805400371552e-02,-3.354868292808532715e-01,1.150517821311950684e+00,-2.680026888847351074e-01,-1.512983292341232300e-01,6.243558526039123535e-01,1.248123764991760254e+00,-1.272378087043762207e+00,1.084564208984375000e+00,-6.386473029851913452e-02,-1.077466607093811035e+00,1.305426359176635742e+00,-4.812583625316619873e-01,-1.354950785636901855e+00,-3.109144866466522217e-01,-1.028446912765502930e+00,-1.184991598129272461e+00,-1.356859683990478516e+00,-1.139680981636047363e+00,-9.622492194175720215e-01,3.993000090122222900e-01,-8.907802700996398926e-01,-5.344968438148498535e-01,1.088862061500549316e+00,1.033144235610961914e+00,-1.123725473880767822e-01,7.373528480529785156e-01,7.377379536628723145e-01,1.012844443321228027e+00
2.584827184677124023e+00,2.854729652404785156e+00,2.120568752288818359e+00,2.148882150650024414e+00,8.297052979469299316e-01,1.288410544395446777e+00,1.139523744583129883e+00,2.055388838052749634e-01,6.552180647850036621e-01,7.988622188568115234e-01,9.735400229692459106e-02,1.746059417724609375e+00,4.602232873439788818e-01,-5.308878421783447266e-01,2.467192649841308594e+00,4.647456705570220947e-01,-7.482889890670776367e-01,1.738400697708129883e+00,1.690567284822463989e-01,-7.811522483825683594e-01,4.667744934558868408e-01,-5.084040164947509766e-01,2.564498186111450195e-01,8.847854733467102051e-01,2.785143554210662842e-01,-1.684376299381256104e-01,2.563635349273681641e+00,1.060773491859436035e+00,1.708299279212951660e+00,1.250364303588867188e+00,2.638028860092163086e+00,3.369793653488159180e+00
1.128952980041503906e+00,9.155615568161010742e-01,1.303902149200439453e+00,8.538956642150878906e-01,1.892360568046569824e+00,2.382148981094360352e+00,2.565990447998046875e+00,5.925547480583190918e-01,3.135654449462890625e+00,8.258813619613647461e-01,8.525547981262207031e-01,2.984078645706176758e+00,1.376361250877380371e+00,2.149838209152221680e-01,2.127474069595336914e+00,1.762873411178588867e+00,3.820479847490787506e-03,2.773123264312744141e+00,1.573438286781311035e+00,-3.070306591689586639e-02,2.464230060577392578e+00,1.031428217887878418e+00,1.381793737411499023e+00,2.983383893966674805e+00,1.419026136398315430e+00,7.179872393608093262e-01,2.465698957443237305e+00,1.866740942001342773e+00,1.830810666084289551e+00,2.333419084548950195e+00,1.247487425804138184e+00,2.047481298446655273e+00
1.540739774703979492e+00,1.253108978271484375e+00,1.571150183677673340e+00,5.805827975273132324e-01,5.136874914169311523e-01,2.453930854797363281e+00,1.084481120109558105e+00,2.156254529953002930e+00,1.481393337249755859e+00,2.574499845504760742e+00,1.517194509506225586e+00,6.547821164131164551e-01,1.931251049041748047e+00,7.168693542480468750e-01,1.729722499847412109e+00,1.484344720840454102e+00,4.474520981311798096e-01,1.873037695884704590e+00,1.296971678733825684e+00,6.604028493165969849e-02,2.559133291244506836e+00,7.467690110206604004e-01,1.151549577713012695e+00,2.114599466323852539e+00,1.269538402557373047e+00,1.298349022865295410e+00,2.173267602920532227e+00,1.756777524948120117e+00,1.470745325088500977e+00,1.666383624076843262e+00,9.793378710746765137e-01,1.089539170265197754e+00
8.513063788414001465e-01,1.378886938095092773e+00,1.002885937690734863e+00,1.428208351135253906e+00,-3.669617697596549988e-02,1.077444031834602356e-01,1.602632738649845123e-02,3.743367791175842285e-01,-1.232027411460876465e-01,1.535294890403747559e+00,6.418723464012145996e-01,1.753547638654708862e-01,1.105776548385620117e+00,6.050173044204711914e-01,-3.182012960314750671e-02,8.980256915092468262e-01,1.823743730783462524e-01,3.768097162246704102e-01,8.345278501510620117e-01,3.333973698318004608e-03,8.191257119178771973e-01,6.161612272262573242e-01,3.135183751583099365e-01,-5.148392319679260254e-01,4.274549186229705811e-01,9.870328009128570557e-02,-7.962799072265625000e-01,2.896062433719635010e-01,-2.029802948236465454e-01,-1.232225537300109863e+00,-6.520076096057891846e-02,-2.696356773376464844e-01
-6.827401518821716309e-01,9.665620513260364532e-03,5.934894084930419922e-01,5.179523229598999023e-01,-1.489676069468259811e-02,3.973119556903839111e-01,1.770057380199432373e-01,-1.721884369850158691e+00,1.112097278237342834e-01,6.688354909420013428e-02,-6.342324614524841309e-01,-6.879402995109558105e-01,7.730993442237377167e-03,5.726416707038879395e-01,-6.656263470649719238e-01,1.320981025695800781e+00,1.435063332319259644e-01,-9.439589381217956543e-01,9.262760877609252930e-01,2.053263038396835327e-01,-7.324830889701843262e-01,1.199550986289978027e+00,1.066706702113151550e-01,-1.161307096481323242e+00,3.118653297424316406e-01,1.841048151254653931e-01,-2.125580310821533203e-01,8.277966380119323730e-01,-1.417617678642272949e+00,-1.771085500717163086e+00,-1.454476952552795410e+00,-7.652820944786071777e-01
-3.202278912067413330e-01,3.251844346523284912e-01,9.580451846122741699e-01,9.535831212997436523e-01,1.535693705081939697e-01,3.311052620410919189e-01,-6.988367997109889984e-03,-1.235501747578382492e-02,-1.013239979743957520e+00,4.777325987815856934e-01,-7.360925078392028809e-01,5.051499009132385254e-01,4.002393186092376709e-01,-8.469318151473999023e-01,2.359164357185363770e-01,-1.084598660469055176e+00,-5.063275694847106934e-01,-3.123292028903961182e-01,-4.950259327888488770e-01,-5.516891479492187500e-01,4.024501442909240723e-01,-6.702345013618469238e-01,-5.897166132926940918e-01,-2.302397638559341431e-01,-6.900254487991333008e-01,-1.169540166854858398e+00,-4.024673104286193848e-01,6.931831240653991699e-01,4.325920343399047852e-02,-1.752946823835372925e-01,-2.907606959342956543e-01,-4.744560420513153076e-01
-1.131465792655944824e+00,-3.279567360877990723e-01,-5.756337642669677734e-01,4.719128608703613281e-01,6.553394794464111328e-01,-2.857870459556579590e-01,8.886339664459228516e-01,-2.790208756923675537e-01,-5.104505419731140137e-01,4.988213181495666504e-01,4.930547475814819336e-01,-6.186549663543701172e-01,1.199006795883178711e+00,3.744405210018157959e-01,-7.623573392629623413e-02,9.223200082778930664e-01,3.164504170417785645e-01,1.772660762071609497e-03,8.250864148139953613e-01,2.911016643047332764e-01,8.386123180389404297e-02,1.227189421653747559e+00,7.182637453079223633e-01,5.789100006222724915e-02,7.375006675720214844e-01,1.205113887786865234e+00,4.959902763366699219e-01,3.249600827693939209e-01,-2.401899844408035278e-01,-1.166795566678047180e-02,-1.004234552383422852e-01,-6.589288115501403809e-01
7.346646487712860107e-02,2.797035872936248779e-01,9.754608869552612305e-01,8.602361679077148438e-01,-9.295873641967773438e-01,-4.189661145210266113e-02,-4.930627048015594482e-01,-7.291485667228698730e-01,-8.600830435752868652e-01,4.084374904632568359e-01,-1.620884060859680176e+00,-2.317657023668289185e-01,1.660482883453369141e-01,-1.278201222419738770e+00,4.062038660049438477e-01,-7.609568238258361816e-01,-9.501318931579589844e-01,-6.515721678733825684e-01,-8.238831162452697754e-01,-1.077120542526245117e+00,-8.086200356483459473e-01,-1.180302262306213379e+00,-1.063180208206176758e+00,-5.570380687713623047e-01,-1.093087434768676758e+00,-7.456045150756835938e-01,-1.331517934799194336e+00,-2.476614564657211304e-01,-8.870502710342407227e-01,-2.118818014860153198e-01,-4.996888339519500732e-01,-5.335122346878051758e-01
8.413235545158386230e-01,1.560985207557678223e+00,7.941912412643432617e-01,1.586017608642578125e+00,-1.010265827178955078e+00,-6.116043925285339355e-01,-5.486733317375183105e-01,-2.229898452758789062e+00,-8.611518144607543945e-01,-1.047448515892028809e+00,-1.781390190124511719e+00,-1.715712547302246094e-01,-7.231992483139038086e-01,-8.846964240074157715e-01,3.349952697753906250e-01,-6.238201260566711426e-01,-6.997350454330444336e-01,-5.268552303314208984e-01,-8.817348480224609375e-01,-4.892152547836303711e-01,-8.866503238677978516e-01,-4.115145802497863770e-01,-1.010088086128234863e+00,-1.573959827423095703e+00,-1.094779849052429199e+00,-9.571115374565124512e-01,-1.100143313407897949e+00,-1.365354299545288086e+00,-2.902084290981292725e-01,-9.442095160484313965e-01,7.190858125686645508e-01,-4.003298282623291016e-02
1.026040554046630859e+00,9.194077849388122559e-01,7.864183783531188965e-01,5.018191337585449219e-01,-8.407377600669860840e-01,-6.166291236877441406e-01,-9.269095063209533691e-01,-1.606840968132019043e+00,-1.534122943878173828e+00,-1.144476413726806641e+00,-2.721710920333862305e+00,-2.202969640493392944e-01,-4.589093029499053955e-01,-2.156066894531250000e+00,-1.270761251449584961e+00,-2.187575101852416992e+00,-2.135358095169067383e+00,-1.484467029571533203e+00,-2.278156042098999023e+00,-1.860422730445861816e+00,-1.991122126579284668e+00,-2.163126468658447266e+00,-1.255800247192382812e+00,-5.020604133605957031e-01,-1.542733907699584961e+00,-7.624390721321105957e-01,9.199437499046325684e-02,3.576511740684509277e-01,2.097395509481430054e-01,6.038769483566284180e-01,2.004591822624206543e-01,1.941850483417510986e-01
9.853096008300781250e-01,1.511558175086975098e+00,-1.649905578233301640e-03,-8.774613589048385620e-02,-1.466047763824462891e+00,-6.743416190147399902e-01,-1.046106815338134766e+00,-9.385762810707092285e-01,-8.568105101585388184e-01,-6.924588084220886230e-01,-1.331684827804565430e+00,-1.727404594421386719e-01,-2.560700476169586182e-01,-1.834885954856872559e+00,-1.458422690629959106e-01,-1.707893252372741699e+00,-1.797698140144348145e+00,-1.147797852754592896e-01,-1.594783306121826172e+00,-1.440436482429504395e+00,-1.447021007537841797e+00,-1.861670017242431641e+00,-1.371530413627624512e+00,-4.118140041828155518e-01,-1.428124189376831055e+00,-4.572975635528564453e-01,4.035868346691131592e-01,-1.986248046159744263e-01,1.328902482986450195e+00,1.552457571029663086e+00,1.504249930381774902e+00,1.398324966430664062e+00
9.014490842819213867e-01,1.473420143127441406e+00,6.217944622039794922e-01,1.202273488044738770e+00,-2.013422489166259766e+00,-4.560533463954925537e-01,-6.792298555374145508e-01,-1.369503140449523926e+00,1.765281796455383301e+00,-1.909724593162536621e+00,-2.005878686904907227e+00,1.919233322143554688e+00,-6.796857118606567383e-01,-1.679516434669494629e+00,5.412737131118774414e-01,-1.165771961212158203e+00,-1.426165103912353516e+00,1.808028817176818848e+00,-1.118936300277709961e+00,-1.321016311645507812e+00,1.010322570800781250e+00,-1.151247859001159668e+00,-1.330586433410644531e+00,2.803398668766021729e-01,-4.053651392459869385e-01,-8.441541790962219238e-01,-1.171189825981855392e-02,4.590726792812347412e-01,-3.855814635753631592e-01,-3.566814661026000977e-01,-4.678741395473480225e-01,6.451430171728134155e-02
6.635739803314208984e-01,1.044686198234558105e+00,4.697098135948181152e-01,7.152842283248901367e-01,-2.056401968002319336e+00,5.505181550979614258e-01,-1.080875873565673828e+00,-1.437232851982116699e+00,5.558878183364868164e-01,-1.124741077423095703e+00,-1.794959187507629395e+00,1.724330544471740723e+00,-2.393552213907241821e-01,-1.868073463439941406e+00,-2.585937976837158203e-01,-1.429635882377624512e+00,-1.511894464492797852e+00,6.467996239662170410e-01,-1.241322875022888184e+00,-1.544174671173095703e+00,4.400662183761596680e-01,-1.971029043197631836e+00,-1.199546456336975098e+00,6.161870956420898438e-01,-9.700794816017150879e-01,-3.412989154458045959e-02,3.399464488029479980e-02,-2.075884938240051270e-01,2.961565852165222168e-01,5.737605318427085876e-02,5.452783405780792236e-02,2.558298110961914062e-01
-8.610836267471313477e-01,-4.077043533325195312e-01,-1.522349596023559570e+00,-1.555160164833068848e+00,-4.413570761680603027e-01,-7.243256568908691406e-01,-6.424853801727294922e-01,-3.072551190853118896e-01,-4.212974011898040771e-01,-8.750474452972412109e-01,-3.410015627741813660e-02,4.660011827945709229e-01,3.821188509464263916e-01,-7.929863929748535156e-01,-1.068957522511482239e-02,-4.155806005001068115e-01,-6.880041360855102539e-01,-5.679332613945007324e-01,-2.325363010168075562e-01,-8.463862538337707520e-01,-3.647670447826385498e-01,-2.635166049003601074e-01,-6.128942370414733887e-01,-9.490327835083007812e-01,-9.167764782905578613e-01,-5.842017531394958496e-01,-5.888242721557617188e-01,-1.145954847335815430e+00,-4.052846729755401611e-01,-1.637230992317199707e+00,-2.686189711093902588e-01,-9.249926209449768066e-01
-9.037334918975830078e-01,-1.017038106918334961e+00,-1.321134448051452637e+00,-7.475505471229553223e-01,3.259588181972503662e-01,-5.968412756919860840e-01,2.133304327726364136e-01,7.011573910713195801e-01,2.449867576360702515e-01,-1.844588220119476318e-01,-8.527749776840209961e-01,-6.031137108802795410e-01,1.607313193380832672e-02,-1.002315402030944824e+00,3.204110544174909592e-03,-8.826149702072143555e-01,-1.195216059684753418e+00,-2.308038473129272461e-01,-1.108421206474304199e+00,-1.155428886413574219e+00,-6.443491578102111816e-01,-1.060730457305908203e+00,-8.440262079238891602e-01,-1.193596363067626953e+00,-1.094741582870483398e+00,-6.378695964813232422e-01,-1.798809766769409180e+00,2.889471352100372314e-01,-1.693766832351684570e+00,-1.408690452575683594e+00,-6.066017746925354004e-01,-9.313537478446960449e-01
-9.047614336013793945e-01,-3.613243699073791504e-01,-3.920175731182098389e-01,1.734492033720016479e-01,2.076696902513504028e-01,-7.299246191978454590e-01,-8.827568292617797852e-01,2.908897697925567627e-01,-2.168296426534652710e-01,-2.224283963441848755e-01,-2.713105380535125732e-01,8.019313812255859375e-01,-3.250989615917205811e-01,-1.322432518005371094e+00,-3.835265040397644043e-01,-1.562347650527954102e+00,-1.439623117446899414e+00,-1.297280937433242798e-01,-1.659429192543029785e+00,-1.180408358573913574e+00,-5.114111304283142090e-01,-1.920124053955078125e+00,-1.610359907150268555e+00,-9.579051136970520020e-01,-1.573998093605041504e+00,-9.556984305381774902e-01,-2.284272193908691406e+00,-2.338995486497879028e-01,-4.393513128161430359e-02,-5.210310220718383789e-01,-1.501148045063018799e-01,-7.515565156936645508e-01
-8.411636352539062500e-01,-8.858153820037841797e-01,-1.268887400627136230e+00,-1.721670031547546387e+00,-2.722419798374176025e-01,-2.412799835205078125e+00,-1.194714665412902832e+00,-3.476823568344116211e-01,-1.861727237701416016e+00,-1.426455259323120117e+00,1.822740770876407623e-02,-1.202562093734741211e+00,-9.238689541816711426e-01,-8.606491088867187500e-01,-1.598989248275756836e+00,-1.149242281913757324e+00,-7.867562770843505859e-01,-7.492389678955078125e-01,-8.432102203369140625e-01,-5.954447984695434570e-01,-8.576465845108032227e-01,-3.254309594631195068e-01,-8.293729424476623535e-01,-8.837260603904724121e-01,-9.100833535194396973e-01,-1.146162301301956177e-01,-1.070303797721862793e+00,-5.617333054542541504e-01,3.555703759193420410e-01,-7.162541151046752930e-01,-1.308239459991455078e+00,-1.043345808982849121e+00
-8.109638094902038574e-02,-1.046484522521495819e-02,-4.653833806514739990e-01,-2.546786703169345856e-02,3.410915732383728027e-01,-4.525599777698516846e-01,-3.211192190647125244e-01,6.785132735967636108e-02,-6.584622263908386230e-01,-1.159880757331848145e+00,-8.238754272460937500e-01,-3.320153355598449707e-01,-6.349498629570007324e-01,-1.528920054435729980e+00,-4.691535830497741699e-01,-1.565467119216918945e+00,-1.596621990203857422e+00,-2.926594913005828857e-01,-1.390126943588256836e+00,-1.487250089645385742e+00,-1.114625573158264160e+00,-1.813393473625183105e+00,-1.218638181686401367e+00,-4.018381237983703613e-01,-1.673554778099060059e+00,-1.434284925460815430e+00,3.829833567142486572e-01,-3.850167989730834961e-01,5.222197175025939941e-01,2.815453410148620605e-01,-9.609306454658508301e-01,4.468844458460807800e-02
1.708734929561614990e-01,6.800150871276855469e-01,-8.667870759963989258e-01,-7.150729000568389893e-02,2.806490659713745117e-01,-3.478782773017883301e-01,-5.574890375137329102e-01,1.078653812408447266e+00,-1.230854630470275879e+00,-6.128777265548706055e-01,-2.000949233770370483e-01,-3.951262235641479492e-01,3.083229959011077881e-01,-9.351285099983215332e-01,-2.259450219571590424e-02,-7.076042294502258301e-01,-8.222598433494567871e-01,-1.790728271007537842e-01,-5.640963315963745117e-01,-9.672737121582031250e-01,-1.084666728973388672e+00,-8.748103380203247070e-01,-1.127009868621826172e+00,-3.875584900379180908e-02,-9.382299780845642090e-01,7.868921756744384766e-01,4.429422616958618164e-01,6.226336359977722168e-01,1.775215864181518555e+00,1.152959227561950684e+00,3.835110664367675781e-01,1.119839906692504883e+00
1.348050236701965332e+00,1.710290312767028809e+00,7.031164765357971191e-01,2.286119759082794189e-01,3.818585276603698730e-01,-4.690937101840972900e-01,5.548714846372604370e-02,6.434331536293029785e-01,1.221869349479675293e+00,-9.586887955665588379e-01,-1.089663505554199219e+00,2.007593870162963867e+00,-8.094930648803710938e-01,-1.196415305137634277e+00,1.061306357383728027e+00,-8.910747766494750977e-01,-1.403490900993347168e+00,1.590758562088012695e+00,-1.429225444793701172e+00,-1.266372561454772949e+00,6.592615842819213867e-01,-1.600843787193298340e+00,-1.024084687232971191e+00,2.311005145311355591e-01,-4.142850339412689209e-01,1.759025752544403076e-01,6.420014500617980957e-01,8.814733624458312988e-01,7.121546864509582520e-01,-5.323547720909118652e-01,-2.089077234268188477e-01,1.617372594773769379e-02
3.598851561546325684e-01,2.156906872987747192e-01,-5.024512410163879395e-01,-1.160461068153381348e+00,-3.843659162521362305e-02,-6.221084622666239738e-04,-1.897033214569091797e+00,1.717712044715881348e+00,7.481734156608581543e-01,3.736422955989837646e-01,3.014636933803558350e-01,2.234774827957153320e+00,6.532230973243713379e-01,-1.297951340675354004e+00,4.993992745876312256e-01,-1.386387586593627930e+00,-1.220791816711425781e+00,1.267793297767639160e+00,-1.554370403289794922e+00,-1.159881472587585449e+00,9.893112182617187500e-01,-1.816667914390563965e+00,-9.056184291839599609e-01,9.525420069694519043e-01,-1.315932035446166992e+00,-2.267748564481735229e-01,-3.990011215209960938e-01,2.730234265327453613e-01,2.459015399217605591e-01,-2.625806331634521484e-01,4.860160648822784424e-01,6.441798210144042969e-01
-2.757733762264251709e-01,3.961405754089355469e-01,-9.916666150093078613e-01,1.740128174424171448e-02,1.093392729759216309e+00,-9.179688692092895508e-01,-1.268475294113159180e+00,8.350777029991149902e-01,-2.554097175598144531e-01,-4.348906874656677246e-01,1.329618245363235474e-01,5.206254869699478149e-02,-8.831055462360382080e-02,-5.498261451721191406e-01,6.899057626724243164e-01,-4.637793302536010742e-01,-4.252960979938507080e-01,2.601038850843906403e-02,-3.333927392959594727e-01,-5.596790313720703125e-01,1.035154238343238831e-01,2.448254674673080444e-01,-4.874601662158966064e-01,-4.975580275058746338e-01,-7.310238480567932129e-01,1.298533380031585693e-01,-1.283421635627746582e+00,-5.740979313850402832e-01,6.206682324409484863e-01,-8.856632113456726074e-01,2.871894538402557373e-01,-2.830602824687957764e-01
-8.934764862060546875e-01,-2.471601516008377075e-01,-3.054525256156921387e-01,4.453178048133850098e-01,1.738496184349060059e+00,4.138456881046295166e-01,3.057102262973785400e-01,2.602250277996063232e-01,3.065408393740653992e-02,-7.854264378547668457e-01,-7.900462746620178223e-01,3.882029652595520020e-01,-6.292050480842590332e-01,-1.258409142494201660e+00,1.140138506889343262e+00,-1.341257452964782715e+00,-1.389065623283386230e+00,3.920307457447052002e-01,-1.225883483886718750e+00,-1.130536675453186035e+00,2.812744379043579102e-01,-1.089678645133972168e+00,-5.519708395004272461e-01,6.231834888458251953e-01,-9.217135906219482422e-01,-1.870539337396621704e-01,4.636749029159545898e-01,3.392492532730102539e-01,5.582465529441833496e-01,-3.602954447269439697e-01,1.184225380420684814e-01,-2.819365262985229492e-01
-1.378547072410583496e+00,-1.076680183410644531e+00,-3.221715688705444336e-01,2.991329431533813477e-01,9.940416216850280762e-01,4.894318580627441406e-01,-2.969932854175567627e-01,4.064193367958068848e-01,-2.502455115318298340e-01,1.738529354333877563e-01,-7.381252646446228027e-01,-1.255386620759963989e-01,-2.629454433917999268e-01,-1.486284375190734863e+00,-7.055119872093200684e-01,-1.536205410957336426e+00,-1.535169601440429688e+00,9.539983421564102173e-02,-1.413748860359191895e+00,-1.489494562149047852e+00,-7.390344738960266113e-01,-1.803348779678344727e+00,-1.404059410095214844e+00,-1.130849838256835938e+00,-1.483157753944396973e+00,-7.778297662734985352e-01,-4.264939203858375549e-02,7.685045152902603149e-02,-6.420612335205078125e-01,-3.870388269424438477e-01,-4.067547917366027832e-01,-1.155036762356758118e-01
-7.457440495491027832e-01,-7.613611817359924316e-01,-6.678817868232727051e-01,-5.003396868705749512e-01,5.879057943820953369e-02,-1.193586826324462891e+00,-8.956717252731323242e-01,3.157213330268859863e-01,-1.175230860710144043e+00,-3.724365234375000000e-01,1.674854755401611328e-01,-7.457963377237319946e-02,4.582675993442535400e-01,-5.656850337982177734e-01,-9.063489437103271484e-01,-3.044844605028629303e-02,-2.295258641242980957e-01,4.628860354423522949e-01,3.900782167911529541e-01,-2.768941521644592285e-01,2.718578577041625977e-01,2.064785659313201904e-01,-2.909122705459594727e-01,3.345671594142913818e-01,-2.237098366022109985e-01,3.198256492614746094e-01,-5.427302122116088867e-01,1.028214216232299805e+00,1.780386716127395630e-01,3.379920870065689087e-02,-7.146778702735900879e-01,-8.348732590675354004e-01
1.259232640266418457e+00,1.763263940811157227e+00,9.016550779342651367e-01,1.369769692420959473e+00,1.106313109397888184e+00,-2.907399833202362061e-01,5.600324869155883789e-01,5.591354370117187500e-01,-5.084170103073120117e-01,-3.606986999511718750e-01,-4.490616321563720703e-01,-3.080663084983825684e-02,-2.395691163837909698e-02,-5.967448949813842773e-01,1.460439085960388184e+00,-5.838777497410774231e-02,-8.420945405960083008e-01,5.060093998908996582e-01,-4.274550974369049072e-01,-6.831377744674682617e-01,-8.868681639432907104e-02,-4.082931876182556152e-01,-4.530706703662872314e-01,-7.625367641448974609e-01,-6.238706707954406738e-01,-7.206906080245971680e-01,4.640193581581115723e-01,7.102932333946228027e-01,2.608732879161834717e-01,-1.183523058891296387e+00,8.281210809946060181e-02,-1.683191210031509399e-01
4.731231331825256348e-01,7.925558686256408691e-01,1.716855168342590332e+00,1.626209616661071777e+00,2.163747072219848633e+00,1.421111106872558594e+00,1.935407519340515137e+00,1.947839498519897461e+00,1.517949402332305908e-01,8.531958460807800293e-01,5.541911125183105469e-01,1.257606744766235352e+00,1.166463255882263184e+00,-1.153611660003662109e+00,1.842335939407348633e+00,-5.413414835929870605e-01,-1.133355975151062012e+00,2.277613401412963867e+00,-4.634250104427337646e-01,-9.021413326263427734e-01,1.525084853172302246e+00,-6.593933105468750000e-01,-5.491861104965209961e-01,1.594021916389465332e+00,-3.619363307952880859e-01,-9.154859781265258789e-01,1.537897109985351562e+00,9.213617444038391113e-01,1.489299535751342773e+00,1.524268627166748047e+00,1.413009643554687500e+00,1.086569309234619141e+00
5.118894577026367188e-01,6.197485923767089844e-01,4.634034931659698486e-01,1.002299666404724121e+00,8.536581397056579590e-01,-6.928374171257019043e-01,1.685357332229614258e+00,9.661623835563659668e-01,-1.309963107109069824e+00,1.166352629661560059e+00,7.691423892974853516e-01,-2.180767944082617760e-03,1.917072415351867676e+00,-6.758434176445007324e-01,-1.629925489425659180e+00,7.580577731132507324e-01,-2.977556288242340088e-01,8.899950385093688965e-01,1.048607110977172852e+00,-3.755187690258026123e-01,9.859601259231567383e-01,5.231922864913940430e-01,1.416681855916976929e-01,2.268629670143127441e-01,2.503295540809631348e-01,-9.917637109756469727e-01,1.022207587957382202e-01,3.580729961395263672e-01,-8.438924700021743774e-02,-2.592419981956481934e-01,9.309729933738708496e-02,3.133207857608795166e-01
9.199070930480957031e-01,6.128802299499511719e-01,-1.192698478698730469e-01,-5.340854525566101074e-01,-4.543069303035736084e-01,-1.364475250244140625e+00,7.828947901725769043e-01,-3.634805679321289062e-01,-4.596315622329711914e-01,1.309987306594848633e+00,-1.865564942359924316e+00,-2.979112863540649414e-01,1.155829310417175293e+00,-1.257037401199340820e+00,1.236952304840087891e+00,2.751888334751129150e-01,-1.481282234191894531e+00,5.500361919403076172e-01,7.986319810152053833e-02,-1.062702298164367676e+00,-9.875686466693878174e-02,3.424494564533233643e-01,-8.687725067138671875e-01,1.298983097076416016e+00,-3.818629384040832520e-01,-1.119773864746093750e+00,5.962088108062744141e-01,5.623660087585449219e-01,6.916065216064453125e-01,1.884082198143005371e+00,1.346441626548767090e+00,1.108843326568603516e+00
1.409523606300354004e+00,1.555615425109863281e+00,8.795463442802429199e-01,6.553308367729187012e-01,-4.086137115955352783e-01,8.387457728385925293e-01,4.176228940486907959e-01,-1.772803306579589844e+00,8.067859336733818054e-03,5.916659235954284668e-01,-2.260418653488159180e+00,2.073884010314941406e+00,2.352911047637462616e-03,-1.696341156959533691e+00,2.518762350082397461e+00,-1.127101063728332520e+00,-1.597354292869567871e+00,3.699406683444976807e-01,-1.039073109626770020e+00,-1.406348586082458496e+00,-1.318003773689270020e+00,-1.642553687095642090e+00,-2.080211877822875977e+00,-7.626250982284545898e-01,-1.349779248237609863e+00,-1.623673558235168457e+00,6.441543698310852051e-01,7.972410321235656738e-02,-4.535457193851470947e-01,-5.425771474838256836e-01,7.114331722259521484e-01,1.851089000701904297e+00
2.350858449935913086e+00,2.325393438339233398e+00,2.607364177703857422e+00,2.013757944107055664e+00,1.228525519371032715e+00,1.433098673820495605e+00,1.435257673263549805e+00,2.851781249046325684e-02,-2.209439687430858612e-02,1.684392541646957397e-01,-4.967815279960632324e-01,4.161062836647033691e-01,1.190542459487915039e+00,-9.327210187911987305e-01,1.675749778747558594e+00,3.128255605697631836e-01,-8.596563339233398438e-01,1.027001261711120605e+00,2.988112866878509521e-01,-6.572867631912231445e-01,-6.477673351764678955e-02,2.096291482448577881e-01,-7.688508629798889160e-01,1.335046291351318359e-01,-6.738653182983398438e-01,-2.363594919443130493e-01,7.018957734107971191e-01,1.203981637954711914e+00,4.793660640716552734e-01,7.454756498336791992e-01,2.264251947402954102e+00,2.419035434722900391e+00
1.819985508918762207e+00,1.192767500877380371e+00,9.141944050788879395e-01,-1.003567799925804138e-01,-2.923304773867130280e-02,7.340879738330841064e-02,5.891466140747070312e-01,5.392053723335266113e-01,1.845468521118164062e+00,7.600313425064086914e-01,-1.065998435020446777e+00,6.773517727851867676e-01,8.568263053894042969e-01,-1.360952973365783691e+00,4.894002377986907959e-01,9.061633795499801636e-02,-1.325126171112060547e+00,2.804451704025268555e+00,-7.337639331817626953e-01,-8.761959075927734375e-01,1.668411254882812500e+00,-2.860751450061798096e-01,-2.604748867452144623e-02,1.457405328750610352e+00,3.765186294913291931e-02,-8.283334374427795410e-01,8.101446926593780518e-02,5.863307118415832520e-01,9.152701497077941895e-01,1.703073978424072266e+00,1.330626130104064941e+00,1.137759447097778320e+00
-8.611064553260803223e-01,-7.013943791389465332e-01,-1.269327402114868164e-01,-2.941661775112152100e-01,-1.702744007110595703e+00,-3.869275450706481934e-01,-7.659547924995422363e-01,-1.108265399932861328e+00,1.134588837623596191e+00,1.173907160758972168e+00,1.144125536084175110e-01,7.139256000518798828e-01,2.008010864257812500e+00,-8.935706615447998047e-01,-1.527145385742187500e+00,1.890312694013118744e-02,-1.133832693099975586e+00,-6.647477857768535614e-03,-7.234154343605041504e-01,-1.057537913322448730e+00,-8.193435147404670715e-03,-7.723631262779235840e-01,-1.251106381416320801e+00,-1.610641002655029297e+00,-6.908143758773803711e-01,-9.239954352378845215e-01,-1.353047132492065430e+00,1.369519829750061035e+00,-1.710428357124328613e+00,-1.860574245452880859e+00,-7.621244192123413086e-01,-1.370472431182861328e+00
-1.927580982446670532e-01,-1.757544428110122681e-01,6.533259749412536621e-01,4.845235049724578857e-01,-2.917405217885971069e-02,-4.279149174690246582e-01,-7.565464377403259277e-01,1.320569068193435669e-01,-7.012889981269836426e-01,-3.691144986078143120e-03,2.969068288803100586e-01,1.563190221786499023e-01,1.028558254241943359e+00,-7.016543149948120117e-01,-3.436960875988006592e-01,5.421891808509826660e-01,-3.847423493862152100e-01,3.517197668552398682e-01,3.494061231613159180e-01,-3.247319459915161133e-01,2.647702693939208984e-01,4.620036482810974121e-01,6.694277375936508179e-02,5.596203207969665527e-01,-5.836738646030426025e-02,1.551973223686218262e-01,3.741133213043212891e-01,1.176853299140930176e+00,1.184829115867614746e+00,4.238324463367462158e-01,-1.138513460755348206e-01,3.295547068119049072e-01
-1.213270306587219238e+00,-1.017487645149230957e+00,-3.142153471708297729e-02,2.815555334091186523e-01,9.681419134140014648e-01,-8.858585357666015625e-01,-1.538181751966476440e-01,6.443243026733398438e-01,-5.237582921981811523e-01,-5.598482489585876465e-01,2.029916495084762573e-01,6.176039576530456543e-01,2.623954117298126221e-01,-1.205205559730529785e+00,5.181543827056884766e-01,-1.166517972946166992e+00,-1.228121876716613770e+00,4.866635501384735107e-01,-1.534358263015747070e+00,-9.089763760566711426e-01,2.203347161412239075e-02,-1.147318482398986816e+00,-7.145913243293762207e-01,-5.718915462493896484e-01,-1.158071637153625488e+00,-1.203209280967712402e+00,-4.069454073905944824e-01,7.754645347595214844e-01,2.320788800716400146e-01,-1.030944705009460449e+00,-5.301158428192138672e-01,-4.051056802272796631e-01
-1.925570726394653320e+00,-2.530444383621215820e+00,-2.277603149414062500e+00,-2.232330799102783203e+00,-8.477584123611450195e-01,-1.755087614059448242e+00,-1.398933053016662598e+00,7.957441806793212891e-01,-6.610348224639892578e-01,-3.575243055820465088e-01,2.717001736164093018e-01,2.488177269697189331e-02,6.025896668434143066e-01,-1.073211431503295898e+00,-6.484732627868652344e-01,-1.895737797021865845e-01,-1.149985194206237793e+00,-7.767322659492492676e-02,-2.490495145320892334e-01,-9.395995140075683594e-01,-5.131704211235046387e-01,-2.135054320096969604e-01,-1.155258417129516602e+00,-7.888227701187133789e-01,-8.639696836471557617e-01,-6.977120637893676758e-01,-5.202967524528503418e-01,5.758115649223327637e-01,9.943534135818481445e-01,3.617754578590393066e-01,-8.577522039413452148e-01,-1.036743879318237305e+00
4.952361583709716797e-01,3.376723080873489380e-02,-2.719411253929138184e-01,-5.379602313041687012e-01,-3.138054311275482178e-01,-1.842852711677551270e+00,-1.018079280853271484e+00,1.988955289125442505e-01,-7.550495266914367676e-01,-1.069447755813598633e+00,-1.283405900001525879e+00,-1.709538102149963379e-01,-5.527507662773132324e-01,-1.083919286727905273e+00,-3.093623928725719452e-02,-5.448338985443115234e-01,-1.068953633308410645e+00,1.056437641382217407e-01,-5.827940106391906738e-01,-6.394910216331481934e-01,-3.277876675128936768e-01,2.150453329086303711e-01,-9.096313118934631348e-01,-9.233647584915161133e-01,-8.089106678962707520e-01,-2.169598340988159180e+00,-1.183461427688598633e+00,-8.032783269882202148e-01,5.262076854705810547e-01,3.532740175724029541e-01,9.854599833488464355e-02,-1.607339270412921906e-02
-6.759554147720336914e-02,-5.059840083122253418e-01,-2.363764792680740356e-01,-2.020521163940429688e-01,-6.578173637390136719e-01,-5.915772914886474609e-01,-1.886958122253417969e+00,-8.842142224311828613e-01,-7.611311674118041992e-01,-1.243694424629211426e+00,-6.092967987060546875e-01,-6.274437308311462402e-01,3.957168385386466980e-02,-1.253440022468566895e+00,-9.849048852920532227e-01,-1.980233907699584961e+00,-1.216529130935668945e+00,1.680959612131118774e-01,-1.887226223945617676e+00,-1.072965741157531738e+00,-1.114474773406982422e+00,-1.612623095512390137e+00,-1.139425635337829590e+00,-1.103526502847671509e-01,-1.012757539749145508e+00,-1.092156529426574707e+00,8.204572200775146484e-01,-1.431290209293365479e-01,3.758481442928314209e-01,-1.138400077819824219e+00,-2.418652325868606567e-01,-9.297083020210266113e-01
9.525740742683410645e-01,4.872521758079528809e-01,1.330007314682006836e+00,8.091595768928527832e-01,7.130386233329772949e-01,-4.189900457859039307e-01,-6.653025150299072266e-01,-3.641692101955413818e-01,-1.741702437400817871e+00,-1.924809098243713379e+00,-1.236787140369415283e-01,6.114426255226135254e-01,3.000114262104034424e-01,-8.931367397308349609e-01,9.906501770019531250e-01,-1.199119448661804199e+00,-6.881768703460693359e-01,1.725105792284011841e-01,-7.066985964775085449e-01,-8.001537322998046875e-01,-7.717244029045104980e-01,-4.087268412113189697e-01,-6.784872412681579590e-01,1.414500176906585693e-01,-7.118225693702697754e-01,-2.767869830131530762e-01,3.916165977716445923e-02,5.887034535408020020e-02,1.313423871994018555e+00,7.955893278121948242e-01,1.105902791023254395e+00,8.969193696975708008e-01
1.759014725685119629e+00,1.662611603736877441e+00,5.516184568405151367e-01,1.013113856315612793e+00,9.397348165512084961e-01,-4.186072051525115967e-01,2.521492242813110352e-01,1.187985658645629883e+00,-6.417400389909744263e-02,-1.134165763854980469e+00,-9.359502196311950684e-01,-2.271151542663574219e-01,-3.103092312812805176e-01,-8.228005766868591309e-01,1.995829343795776367e+00,-1.069984793663024902e+00,-9.804124832153320312e-01,1.137264132499694824e+00,-1.106384873390197754e+00,-7.024951577186584473e-01,3.156734630465507507e-02,-3.813185095787048340e-01,-5.629760026931762695e-01,2.010691404342651367e+00,-5.115512609481811523e-01,5.578440427780151367e-01,1.118034124374389648e+00,1.159321308135986328e+00,2.308588266372680664e+00,2.436021327972412109e+00,1.493679046630859375e+00,1.538751363754272461e+00
6.696047782897949219e-01,6.722975969314575195e-01,-9.620782732963562012e-02,3.301663994789123535e-01,-1.164602190256118774e-01,-1.137573122978210449e+00,-1.056157231330871582e+00,1.322837591171264648e+00,-4.804774653166532516e-03,-3.104006946086883545e-01,-1.643177005462348461e-03,1.892328500747680664e+00,7.770411968231201172e-01,-1.293668150901794434e+00,1.080613851547241211e+00,-1.082818627357482910e+00,-1.149142265319824219e+00,1.887662172317504883e+00,-9.827949404716491699e-01,-8.905995488166809082e-01,1.345248103141784668e+00,-1.043897747993469238e+00,-2.996312379837036133e-01,2.054942846298217773e+00,2.138483375310897827e-01,1.578853130340576172e+00,1.482136368751525879e+00,2.604215145111083984e+00,9.829302430152893066e-01,8.517607450485229492e-01,1.199265480041503906e+00,1.014530062675476074e+00
1.043013691902160645e+00,8.767741918563842773e-01,1.145511150360107422e+00,9.960296154022216797e-01,5.759589076042175293e-01,1.700270324945449829e-01,-5.021006464958190918e-01,7.512661218643188477e-01,2.182143211364746094e+00,-1.463858842849731445e+00,5.304751396179199219e-01,1.478127121925354004e+00,3.900331854820251465e-01,-1.110262200236320496e-01,3.774221241474151611e-01,1.485124677419662476e-01,-8.159798383712768555e-02,1.162712097167968750e+00,-1.501924246549606323e-01,1.559849381446838379e-01,1.758957982063293457e+00,1.231906414031982422e+00,6.810408830642700195e-01,1.822584271430969238e+00,7.085396051406860352e-01,1.358498811721801758e+00,-4.416074454784393311e-01,1.860756397247314453e+00,1.872481465339660645e+00,1.142254948616027832e+00,1.554165720939636230e+00,1.543447017669677734e+00
1.523241281509399414e+00,9.966078996658325195e-01,2.173145771026611328e+00,1.093744516372680664e+00,4.189971983432769775e-01,1.317721486091613770e+00,-6.824647784233093262e-01,8.016584068536758423e-02,6.767070889472961426e-01,-1.391856908798217773e+00,-2.879794687032699585e-02,1.159235715866088867e+00,4.817050397396087646e-01,-1.119528293609619141e+00,1.896363854408264160e+00,-1.422854542732238770e+00,-5.369535684585571289e-01,1.033785104751586914e+00,-8.025566339492797852e-01,-3.870968818664550781e-01,8.655551671981811523e-01,-5.269004106521606445e-01,2.128062769770622253e-03,2.105638980865478516e+00,-1.223717406392097473e-01,1.260778546333312988e+00,1.880491614341735840e+00,1.643518686294555664e+00,1.485886096954345703e+00,1.280824899673461914e+00,1.837906360626220703e+00,1.480477809906005859e+00
8.375085592269897461e-01,7.012195587158203125e-01,4.064634144306182861e-01,-1.996920257806777954e-01,-2.036283910274505615e-01,-6.835536360740661621e-01,-4.625657796859741211e-01,-6.333060860633850098e-01,-1.281408786773681641e+00,-1.639877319335937500e+00,-8.079518079757690430e-01,-7.619550451636314392e-04,5.645458698272705078e-01,-1.518282055854797363e+00,2.013617753982543945e-02,-8.929396271705627441e-01,-8.945449590682983398e-01,1.000019311904907227e-01,-8.394151329994201660e-01,-4.378110468387603760e-01,3.263466954231262207e-01,-5.891245603561401367e-01,2.151410728693008423e-01,2.060504704713821411e-01,-4.550925791263580322e-01,8.165676593780517578e-01,3.036051094532012939e-01,-1.926138550043106079e-01,9.097275733947753906e-01,1.070423051714897156e-02,1.689873099327087402e+00,2.125059068202972412e-02
-1.109604001045227051e+00,-1.150208830833435059e+00,-1.197574853897094727e+00,-1.272618412971496582e+00,-4.762833416461944580e-01,-1.392230868339538574e+00,-1.043810322880744934e-01,9.389813244342803955e-02,-7.198460102081298828e-01,-3.765214085578918457e-01,1.539843250066041946e-02,-5.506176352500915527e-01,7.169350385665893555e-01,-8.860541582107543945e-01,3.607386350631713867e-01,-3.288805186748504639e-01,-7.716263532638549805e-01,-1.491591781377792358e-01,-6.856312751770019531e-01,-3.576940000057220459e-01,-1.915152668952941895e-01,-2.256829887628555298e-01,1.444407403469085693e-01,-1.025617495179176331e-01,-7.058165669441223145e-01,3.189040720462799072e-01,2.394910901784896851e-01,4.328934550285339355e-01,6.439875960350036621e-01,-2.388660982251167297e-02,-4.314066097140312195e-02,9.419289231300354004e-02
-2.148323059082031250e+00,-2.296521425247192383e+00,-1.763749122619628906e+00,-2.104709625244140625e+00,-9.741006493568420410e-01,-1.156571388244628906e+00,-8.509017229080200195e-01,-1.097773686051368713e-01,-5.660175681114196777e-01,-2.031606137752532959e-01,1.481569707393646240e-01,-8.904364109039306641e-01,4.737601578235626221e-01,-8.910091519355773926e-01,-9.604597091674804688e-01,-8.906679153442382812e-01,-6.501240730285644531e-01,-6.782472729682922363e-01,-6.161166429519653320e-01,-3.935541808605194092e-01,-9.316555857658386230e-01,-6.553400158882141113e-01,-1.261333227157592773e+00,-9.826682806015014648e-01,-1.095365166664123535e+00,-4.271919727325439453e-01,-1.494106650352478027e+00,3.239055275917053223e-01,-7.618351578712463379e-01,-1.527504026889801025e-01,-6.080914735794067383e-01,-1.053619861602783203e+00
-7.537623047828674316e-01,-1.351813197135925293e+00,-1.272370576858520508e+00,-1.973107933998107910e+00,-1.142271757125854492e+00,-1.687469244003295898e+00,-1.523859381675720215e+00,-1.574150770902633667e-01,-1.105523824691772461e+00,-4.909960925579071045e-01,9.113703668117523193e-02,-2.919338643550872803e-01,4.762047231197357178e-01,-1.129018515348434448e-01,-1.537696868181228638e-01,-6.567099094390869141e-01,-1.828579753637313843e-01,-5.985457301139831543e-01,-3.879122436046600342e-01,9.002455323934555054e-02,-1.239252924919128418e+00,1.099431291222572327e-01,-7.914447784423828125e-01,-1.507086157798767090e+00,-1.008329391479492188e+00,-8.146937191486358643e-02,-1.753404617309570312e+00,-3.127272725105285645e-01,5.224562883377075195e-01,-1.041855514049530029e-01,-8.375491499900817871e-01,-9.728315472602844238e-01
3.655048087239265442e-02,2.423148602247238159e-01,-8.941388726234436035e-01,-9.205418229103088379e-01,-2.471003770828247070e+00,-1.639686465263366699e+00,-1.742424845695495605e+00,-1.274227619171142578e+00,-1.220838427543640137e+00,-1.744755029678344727e+00,-1.644295096397399902e+00,-1.015173673629760742e+00,-3.460612595081329346e-01,-1.636264920234680176e+00,2.294529825448989868e-01,-1.157939434051513672e+00,-1.408561825752258301e+00,-6.530891656875610352e-01,-1.541207909584045410e+00,-1.015634417533874512e+00,-1.542745113372802734e+00,-1.266819596290588379e+00,-1.489789962768554688e+00,-1.952469348907470703e+00,-1.616497993469238281e+00,-2.452682733535766602e+00,-1.034802198410034180e+00,-1.579744696617126465e+00,-1.182192936539649963e-01,-1.768091022968292236e-01,-2.348451763391494751e-01,-5.140475630760192871e-01
-5.099934339523315430e-01,-8.804955482482910156e-01,-2.632149457931518555e-01,-7.123957276344299316e-01,-2.128319263458251953e+00,-1.312481403350830078e+00,-1.385055065155029297e+00,-9.527136683464050293e-01,-1.554637789726257324e+00,-1.656487464904785156e+00,-6.726014614105224609e-01,-7.022729516029357910e-01,9.621572494506835938e-01,-1.912486791610717773e+00,-1.501319050788879395e+00,-1.800154089927673340e+00,-1.591281652450561523e+00,-9.832301735877990723e-01,-1.588581562042236328e+00,-1.191579699516296387e+00,-1.428774237632751465e+00,-1.419755816459655762e+00,-1.389783143997192383e+00,-5.972947478294372559e-01,-1.337512850761413574e+00,-1.709413051605224609e+00,7.223054766654968262e-02,-2.096343278884887695e+00,-2.546885609626770020e-01,-1.255251765251159668e-01,-3.729605972766876221e-01,7.159783691167831421e-02
3.182404637336730957e-01,-2.983354926109313965e-01,1.216163784265518188e-01,-6.217963695526123047e-01,-2.200295776128768921e-01,-1.893243551254272461e+00,1.840681880712509155e-01,1.000634908676147461e+00,-1.747680068016052246e+00,-5.491931438446044922e-01,1.681376695632934570e+00,-1.119601011276245117e+00,2.759903430938720703e+00,5.948132872581481934e-01,-1.593050599098205566e+00,4.530647397041320801e-01,5.944611430168151855e-01,5.017993450164794922e-01,7.666052579879760742e-01,1.631395459175109863e+00,8.071455359458923340e-01,1.037348747253417969e+00,1.531816124916076660e+00,1.443236112594604492e+00,8.410146236419677734e-01,2.375237703323364258e+00,1.616155743598937988e+00,5.979307740926742554e-02,1.627796530723571777e+00,1.128625154495239258e+00,9.273813366889953613e-01,4.078949391841888428e-01
1.628598093986511230e+00,1.621401548385620117e+00,7.096061110496520996e-01,-5.378897860646247864e-02,3.161357939243316650e-01,2.569786459207534790e-02,2.722253501415252686e-01,1.409322738647460938e+00,6.403970122337341309e-01,9.185537099838256836e-01,6.618446111679077148e-01,6.908830255270004272e-02,7.741993665695190430e-01,3.658882081508636475e-01,1.853937029838562012e+00,-3.541750907897949219e-01,-2.335121389478445053e-03,4.056154787540435791e-01,-8.741817474365234375e-01,5.367044210433959961e-01,-6.261359453201293945e-01,-6.009127199649810791e-02,-4.609384238719940186e-01,-1.265148997306823730e+00,-3.006932139396667480e-01,4.631343483924865723e-01,-1.747742444276809692e-01,1.004618644714355469e+00,5.926511287689208984e-01,4.449311494827270508e-01,1.166287541389465332e+00,9.463636279106140137e-01
1.056011915206909180e+00,2.444627732038497925e-01,1.217117071151733398e+00,-3.411214649677276611e-01,-5.394692420959472656e-01,4.299247860908508301e-01,-6.265084147453308105e-01,8.283532857894897461e-01,9.924886226654052734e-01,2.534832358360290527e-01,1.290656208992004395e+00,1.931135654449462891e+00,1.923306107521057129e+00,-5.521916598081588745e-02,-1.257337182760238647e-01,-1.660254001617431641e-01,2.267969399690628052e-01,1.118719458580017090e+00,1.300877779722213745e-01,1.272059917449951172e+00,4.211827814579010010e-01,2.115584462881088257e-01,6.689413636922836304e-02,-9.592072963714599609e-01,2.444635331630706787e-01,2.238134622573852539e+00,-5.435267686843872070e-01,1.274399280548095703e+00,-3.846351802349090576e-01,-2.421703040599822998e-01,1.632365882396697998e-01,8.184989094734191895e-01
1.533361196517944336e+00,4.524109661579132080e-01,6.954168677330017090e-01,-9.931058883666992188e-01,-2.836874127388000488e-01,-4.504783153533935547e-01,8.195898681879043579e-02,5.369774103164672852e-01,5.962082147598266602e-01,-1.366584897041320801e+00,1.760503292083740234e+00,1.372977256774902344e+00,1.596740365028381348e+00,9.082257747650146484e-01,4.921624064445495605e-01,1.516624212265014648e+00,1.306686997413635254e+00,1.183233976364135742e+00,9.680404663085937500e-01,2.309579372406005859e+00,1.608627676963806152e+00,1.630092978477478027e+00,2.187940359115600586e+00,1.934305310249328613e+00,1.674000144004821777e+00,3.405278444290161133e+00,3.787420988082885742e-01,2.473371744155883789e+00,1.984853982925415039e+00,2.193437814712524414e+00,2.420039892196655273e+00,1.724929809570312500e+00
1.322442144155502319e-01,-1.640408188104629517e-01,-3.489000499248504639e-01,-1.121325850486755371e+00,-1.112537264823913574e+00,-1.239264011383056641e+00,-7.458292841911315918e-01,1.023036003112792969e+00,4.135984182357788086e-01,1.845572441816329956e-01,1.741716861724853516e+00,4.686811864376068115e-01,1.610796689987182617e+00,6.680889129638671875e-01,2.233209758996963501e-01,7.749264836311340332e-01,5.276752710342407227e-01,5.042367577552795410e-01,1.662983596324920654e-01,1.654195785522460938e+00,8.522177934646606445e-01,6.745975017547607422e-01,9.174139499664306641e-01,-2.577396333217620850e-01,3.319446444511413574e-01,6.454881429672241211e-01,-5.367235466837882996e-02,6.921813488006591797e-01,4.630086943507194519e-02,-1.101262211799621582e+00,-4.436916708946228027e-01,-9.150395989418029785e-01
-8.656981587409973145e-01,-1.385680317878723145e+00,-1.232296153903007507e-01,-5.783988237380981445e-01,-1.369853019714355469e+00,-2.254999637603759766e+00,-1.598212599754333496e+00,1.410902589559555054e-01,-8.601303100585937500e-01,-2.243970036506652832e-01,1.133826017379760742e+00,-3.921440988779067993e-02,1.838601350784301758e+00,7.010664343833923340e-01,-1.079177498817443848e+00,1.160770654678344727e+00,7.126749157905578613e-01,4.431140720844268799e-01,6.972756981849670410e-01,1.869654774665832520e+00,8.090221285820007324e-01,1.112299203872680664e+00,5.933768749237060547e-01,-6.736366748809814453e-01,4.234466850757598877e-01,6.436142325401306152e-01,-1.578587293624877930e+00,6.142235994338989258e-01,-1.035618662834167480e+00,-1.276935577392578125e+00,-6.383348107337951660e-01,-1.275135755538940430e+00
9.447385668754577637e-01,3.958658501505851746e-02,2.383857011795043945e+00,2.019816637039184570e+00,1.121799826622009277e+00,-4.799088239669799805e-01,-3.308980027213692665e-03,1.059493422508239746e+00,-1.225595846772193909e-01,-1.502049863338470459e-01,7.626204490661621094e-01,-7.257884740829467773e-01,1.271672010421752930e+00,1.200488448143005371e+00,1.517312049865722656e+00,7.808093428611755371e-01,1.149874567985534668e+00,9.625377655029296875e-01,6.312969326972961426e-01,2.243967771530151367e+00,1.122651457786560059e+00,1.532725691795349121e+00,8.971426486968994141e-01,-2.770513594150543213e-01,7.398292422294616699e-01,2.431486129760742188e+00,-1.030948400497436523e+00,1.396120905876159668e+00,-1.374831646680831909e-01,-2.665387690067291260e-01,2.411713898181915283e-01,-2.559903562068939209e-01
3.707589209079742432e-02,-9.616417884826660156e-01,1.376901268959045410e+00,-1.451280899345874786e-02,1.022419214248657227e+00,-9.179928302764892578e-01,-2.639034986495971680e-01,1.410375952720642090e+00,-1.195452570915222168e+00,6.059875488281250000e-01,2.471998929977416992e+00,-4.117841422557830811e-01,1.414771795272827148e+00,9.683440327644348145e-01,-3.346638083457946777e-01,2.127661369740962982e-02,6.525421142578125000e-01,6.004888415336608887e-01,2.126167863607406616e-01,1.672717809677124023e+00,1.965921819210052490e-01,7.108116149902343750e-01,3.982031047344207764e-01,-1.022770404815673828e+00,3.854767084121704102e-01,1.598421812057495117e+00,-7.090434432029724121e-01,3.408047258853912354e-01,-2.181210219860076904e-01,-7.198336720466613770e-01,-1.450334340333938599e-01,-1.119318127632141113e+00
2.550309896469116211e-01,-9.495285749435424805e-01,4.608369767665863037e-01,-1.293225169181823730e+00,2.565782666206359863e-01,-1.853332877159118652e+00,-2.850661575794219971e-01,6.629176139831542969e-01,-1.070821523666381836e+00,-6.289710849523544312e-02,1.410946965217590332e+00,-9.645168781280517578e-01,9.181241989135742188e-01,1.032563447952270508e+00,4.491831362247467041e-01,1.205629587173461914e+00,7.319569587707519531e-01,-4.713573157787322998e-01,6.824841499328613281e-01,2.016552925109863281e+00,-9.793417453765869141e-01,1.407498598098754883e+00,4.575578272342681885e-01,-1.528869748115539551e+00,3.810104131698608398e-01,9.528414607048034668e-01,-5.616974830627441406e-01,-3.036054074764251709e-01,-1.225452199578285217e-01,-3.069808185100555420e-01,3.535942435264587402e-01,-6.973564624786376953e-01
-3.000109195709228516e-01,-1.348266601562500000e+00,-8.613607287406921387e-01,-2.191117048263549805e+00,-1.062832236289978027e+00,-1.744511723518371582e+00,-9.854093194007873535e-01,2.894314825534820557e-01,-1.444846749305725098e+00,2.193032205104827881e-01,5.682851672172546387e-01,-1.136390209197998047e+00,1.100490093231201172e+00,5.681485310196876526e-02,-9.657906889915466309e-01,-5.771133303642272949e-01,-2.391703277826309204e-01,-3.064487278461456299e-01,-5.954566001892089844e-01,9.043349623680114746e-01,-7.872735261917114258e-01,6.338346004486083984e-02,-1.544365566223859787e-02,-9.952263832092285156e-01,-4.607295393943786621e-01,-4.984623193740844727e-01,-5.797820165753364563e-02,2.193994671106338501e-01,1.487711071968078613e-01,-2.394856512546539307e-01,-4.454058706760406494e-01,-8.035291433334350586e-01
