2.392051696777343750e+00,2.455170869827270508e+00,3.267469882965087891e+00,3.449169635772705078e+00,3.203095197677612305e+00,3.724762916564941406e+00,1.781842231750488281e+00,2.715555667877197266e+00,3.677676677703857422e+00,1.954073667526245117e+00,2.701412200927734375e+00,3.043360710144042969e+00,3.078525543212890625e+00,2.824428796768188477e+00,2.299642324447631836e+00,1.396070599555969238e+00,1.897667407989501953e+00,5.375375747680664062e+00,1.920547127723693848e+00,1.617092370986938477e+00,4.557022571563720703e+00,9.766894578933715820e-01,3.016816377639770508e+00,3.552675247192382812e+00,1.423648834228515625e+00,1.326080441474914551e+00,3.286440610885620117e+00,-2.750829458236694336e-01,2.057590007781982422e+00,2.095579147338867188e+00,1.778782844543457031e+00,2.684514522552490234e+00
1.496196389198303223e+00,1.615472793579101562e+00,1.547812461853027344e+00,1.437652468681335449e+00,2.289375782012939453e+00,1.326221823692321777e+00,1.113109946250915527e+00,2.268470048904418945e+00,1.009198904037475586e+00,9.741348028182983398e-01,1.843335151672363281e+00,1.353196382522583008e+00,1.234307885169982910e+00,1.747823834419250488e+00,2.349661588668823242e+00,1.150119066238403320e+00,1.899175405502319336e+00,2.556837797164916992e+00,1.013369917869567871e+00,2.184378385543823242e+00,2.616017341613769531e+00,1.357841253280639648e+00,1.017978668212890625e+00,1.810818791389465332e+00,2.369421720504760742e-01,2.262436628341674805e+00,1.094927310943603516e+00,8.047251105308532715e-01,2.103860616683959961e+00,1.599839806556701660e+00,1.439956784248352051e+00,2.259015083312988281e+00
-3.877291828393936157e-02,-1.186046451330184937e-01,7.351742982864379883e-01,1.142361044883728027e+00,1.922066450119018555e+00,8.748417496681213379e-01,6.400761604309082031e-01,1.692934393882751465e+00,9.954994916915893555e-01,5.673816204071044922e-01,1.828537106513977051e+00,1.650148391723632812e+00,1.183759689331054688e+00,1.420348405838012695e+00,1.178311824798583984e+00,1.362988948822021484e+00,1.884231209754943848e+00,1.427729487419128418e+00,1.571771144866943359e+00,2.143434762954711914e+00,1.726777672767639160e+00,1.525174975395202637e+00,2.651987373828887939e-01,4.714733064174652100e-01,4.809936583042144775e-01,1.960967779159545898e+00,-7.579935193061828613e-01,6.776621341705322266e-01,8.706263303756713867e-01,8.685737252235412598e-01,6.784331798553466797e-01,1.599514007568359375e+00
-7.453895211219787598e-01,-8.245680928230285645e-01,-5.138635635375976562e-01,-1.172567978501319885e-01,1.386001557111740112e-01,-2.183974832296371460e-01,-9.519407525658607483e-03,5.044748187065124512e-01,8.169642686843872070e-01,4.326575696468353271e-01,1.580707073211669922e+00,1.594273209571838379e+00,1.271157622337341309e+00,1.834987640380859375e+00,1.028629660606384277e+00,1.418303012847900391e+00,1.246202111244201660e+00,8.804403543472290039e-01,1.186684131622314453e+00,1.814444184303283691e+00,1.227832436561584473e+00,1.015238404273986816e+00,-8.202589303255081177e-02,6.298826932907104492e-01,2.254890054464340210e-01,1.375944733619689941e+00,-3.108428716659545898e-01,1.371277570724487305e+00,1.210378333926200867e-01,7.903689146041870117e-01,4.766065776348114014e-01,6.165610551834106445e-01
-1.188082575798034668e+00,-1.661558151245117188e+00,-1.555859684944152832e+00,-1.395071625709533691e+00,-1.642440319061279297e+00,-3.957897424697875977e-01,-1.447928786277770996e+00,-6.847392916679382324e-01,1.368369817733764648e+00,-7.508251070976257324e-01,7.818039655685424805e-01,1.885929107666015625e-01,6.362082362174987793e-01,4.128465652465820312e-01,-1.579890251159667969e+00,1.116522192955017090e+00,7.197740077972412109e-01,-1.133625507354736328e+00,8.701151013374328613e-01,6.674364209175109863e-01,-4.327262639999389648e-01,3.276972472667694092e-01,-2.529904127120971680e+00,-1.796237826347351074e+00,-9.655093550682067871e-01,-2.717027366161346436e-01,-2.432790994644165039e+00,2.585014998912811279e-01,-2.152153253555297852e+00,-1.598927617073059082e+00,-1.127536773681640625e+00,-1.325290799140930176e+00
-1.068050861358642578e+00,-1.538928747177124023e+00,-1.816660761833190918e+00,-2.092038631439208984e+00,-1.441199064254760742e+00,-1.977317571640014648e+00,-1.576257348060607910e+00,-7.022511363029479980e-01,9.721323251724243164e-01,-1.463402152061462402e+00,4.582760035991668701e-01,6.996077299118041992e-01,-2.620951235294342041e-01,3.078397512435913086e-01,3.464366495609283447e-01,9.588911533355712891e-01,2.079549059271812439e-02,-5.928328633308410645e-01,2.913317382335662842e-01,7.234497666358947754e-01,-3.184351027011871338e-01,3.116284310817718506e-01,-2.167153358459472656e+00,-1.113600730895996094e+00,-2.040267229080200195e+00,-6.279860734939575195e-01,-1.298025369644165039e+00,-3.407588899135589600e-01,3.941645324230194092e-01,1.877717077732086182e-01,6.667672991752624512e-01,3.405323028564453125e-01
-1.551018118858337402e+00,-1.366313576698303223e+00,-1.783366441726684570e+00,-1.800955176353454590e+00,-1.249303936958312988e+00,-1.332803130149841309e+00,-7.246985435485839844e-01,-4.552052915096282959e-01,1.203573107719421387e+00,-6.330184340476989746e-01,1.110589146614074707e+00,6.429100632667541504e-01,1.068236947059631348e+00,2.909603118896484375e-01,3.091347590088844299e-02,1.207104206085205078e+00,5.891561508178710938e-01,4.532816633582115173e-02,1.285386681556701660e+00,7.302001118659973145e-01,2.600111365318298340e-01,3.931176662445068359e-01,-1.548698544502258301e+00,-9.568184018135070801e-01,-7.165139913558959961e-01,-2.839504182338714600e-01,-9.528783559799194336e-01,-1.276088595390319824e+00,4.045148789882659912e-01,8.879521489143371582e-01,4.376537799835205078e-01,3.122860491275787354e-01
-9.643114805221557617e-01,-1.159140467643737793e+00,-1.074724793434143066e+00,-9.008415341377258301e-01,-1.845227479934692383e-01,-1.072603821754455566e+00,4.185357987880706787e-01,-1.690704673528671265e-01,6.368764638900756836e-01,-7.249742150306701660e-01,9.298188090324401855e-01,9.238729476928710938e-01,9.738787412643432617e-01,7.238570451736450195e-01,-2.399107366800308228e-01,1.393645644187927246e+00,9.526035785675048828e-01,-9.292960166931152344e-02,1.425262093544006348e+00,1.203029036521911621e+00,3.076236546039581299e-01,1.177865147590637207e+00,-1.866124987602233887e+00,-4.556615948677062988e-01,-6.384550333023071289e-01,2.512608170509338379e-01,-4.908960461616516113e-01,-1.100559234619140625e+00,4.542178213596343994e-01,1.146257519721984863e+00,-9.299478679895401001e-02,5.028704181313514709e-02
4.000042080879211426e-01,-1.397716253995895386e-01,4.587158560752868652e-01,3.991280496120452881e-01,1.290779352188110352e+00,-1.498151719570159912e-01,1.044222712516784668e+00,1.305197358131408691e+00,1.637646913528442383e+00,3.256433010101318359e-01,1.204660534858703613e+00,1.999122500419616699e+00,1.000880599021911621e+00,1.914328217506408691e+00,9.814583659172058105e-01,1.918617844581604004e+00,7.490500807762145996e-01,-1.453911215066909790e-01,1.055366158485412598e+00,1.521807432174682617e+00,3.283655643463134766e-01,1.581551074981689453e+00,-1.378961801528930664e+00,-5.973204970359802246e-01,-7.426422834396362305e-01,2.802172899246215820e-01,-9.303118586540222168e-01,5.935960412025451660e-01,-1.997696310281753540e-01,-7.150114327669143677e-02,8.510618209838867188e-01,3.778065741062164307e-01
-7.066369056701660156e-01,-9.210368394851684570e-01,-2.548878490924835205e-01,-3.553870320320129395e-01,1.009940385818481445e+00,-5.951639637351036072e-02,8.599035143852233887e-01,1.744107127189636230e+00,1.080565929412841797e+00,1.117431282997131348e+00,2.025689601898193359e+00,1.560375809669494629e+00,2.011201858520507812e+00,1.368114471435546875e+00,1.079855442047119141e+00,1.657212257385253906e+00,1.199616909027099609e+00,8.321138024330139160e-01,1.536896228790283203e+00,1.678223729133605957e+00,6.075481176376342773e-01,1.088981747627258301e+00,4.625242948532104492e-01,8.160772919654846191e-01,5.631877183914184570e-01,1.051203608512878418e+00,-4.223036020994186401e-02,-4.153374731540679932e-01,1.670582890510559082e+00,2.054389715194702148e+00,8.262011408805847168e-01,1.049490332603454590e+00
-1.038367509841918945e+00,-8.918452858924865723e-01,-7.333489060401916504e-01,-6.619834303855895996e-01,6.759729981422424316e-01,-5.258799195289611816e-01,1.147027492523193359e+00,7.107085585594177246e-01,1.346985816955566406e+00,6.214236617088317871e-01,1.503973722457885742e+00,1.569279551506042480e+00,1.805788278579711914e+00,1.374455928802490234e+00,8.044624328613281250e-01,1.947967886924743652e+00,1.164147973060607910e+00,1.339934349060058594e+00,1.775731086730957031e+00,1.455944657325744629e+00,5.295792222023010254e-01,1.580892801284790039e+00,-8.475969433784484863e-01,-3.041359595954418182e-02,-5.060262680053710938e-01,1.234167456626892090e+00,-2.493313699960708618e-01,-1.578540056943893433e-01,1.700862288475036621e+00,2.146250724792480469e+00,7.884781360626220703e-01,1.355550169944763184e+00
-1.548725485801696777e+00,-1.101428270339965820e+00,-1.367534756660461426e+00,-8.647660613059997559e-01,2.787223458290100098e-02,-1.079924821853637695e+00,3.377309739589691162e-01,6.534770727157592773e-01,1.201472520828247070e+00,1.794983297586441040e-01,3.395472764968872070e-01,1.328303694725036621e+00,3.332154750823974609e-01,9.478487968444824219e-01,2.757094502449035645e-01,1.625229954719543457e+00,1.678203195333480835e-01,-3.759513795375823975e-01,8.368080258369445801e-01,5.250018239021301270e-01,-2.846313714981079102e-01,1.089739203453063965e+00,-1.279761672019958496e+00,-4.933135509490966797e-01,-1.474014043807983398e+00,5.035408735275268555e-01,-8.224872946739196777e-01,-4.412980675697326660e-01,5.836370587348937988e-01,1.039081811904907227e+00,5.290864706039428711e-01,-1.455688476562500000e-01
-4.275571405887603760e-01,-9.280676841735839844e-01,-9.482064247131347656e-01,-8.206155896186828613e-01,-4.602723717689514160e-01,-2.611476480960845947e-01,-5.303949713706970215e-01,1.360322952270507812e+00,1.591617107391357422e+00,8.152984380722045898e-01,1.780700564384460449e+00,1.373399138450622559e+00,1.649553060531616211e+00,1.270972251892089844e+00,5.248368382453918457e-01,1.613319039344787598e+00,8.765295743942260742e-01,2.185668200254440308e-01,1.480347871780395508e+00,9.144061207771301270e-01,7.554802298545837402e-01,1.037799596786499023e+00,3.737385571002960205e-01,-6.408132314682006836e-01,2.157055586576461792e-01,4.085471034049987793e-01,-7.411842942237854004e-01,-6.176613569259643555e-01,-1.414990574121475220e-01,5.260372161865234375e-01,-3.820330798625946045e-01,-1.185927391052246094e+00
5.912514925003051758e-01,-5.406026542186737061e-02,2.412358969449996948e-01,-4.343619346618652344e-01,7.250348329544067383e-01,-4.112283587455749512e-01,2.618204057216644287e-01,1.416056632995605469e+00,1.157412767410278320e+00,-1.876561194658279419e-01,1.351728320121765137e+00,1.294276475906372070e+00,1.085563540458679199e+00,1.498248696327209473e+00,2.658005356788635254e-01,1.470438361167907715e+00,1.431763410568237305e+00,5.128373503684997559e-01,1.762904882431030273e+00,1.342435479164123535e+00,1.025383472442626953e+00,1.194754481315612793e+00,-6.667888164520263672e-01,-3.793355524539947510e-01,-8.801063299179077148e-01,1.719042658805847168e+00,-4.266414642333984375e-01,-1.106461882591247559e+00,1.457429647445678711e+00,2.189237117767333984e+00,1.120872974395751953e+00,1.001340985298156738e+00
-3.754946887493133545e-01,-5.902158617973327637e-01,2.216449528932571411e-01,-1.127303019165992737e-01,1.276534080505371094e+00,-9.104036688804626465e-01,7.879818081855773926e-01,2.284709215164184570e+00,1.261645317077636719e+00,7.125101685523986816e-01,1.153850078582763672e+00,1.807022929191589355e+00,9.385098218917846680e-01,5.480374097824096680e-01,1.097319602966308594e+00,1.827765703201293945e+00,1.957044452428817749e-01,1.250297017395496368e-02,1.129068613052368164e+00,1.440622448921203613e+00,7.899638414382934570e-01,1.781437277793884277e+00,-9.099762439727783203e-01,3.875543177127838135e-01,-7.377375364303588867e-01,1.230207204818725586e+00,3.000141680240631104e-01,-1.089436337351799011e-01,1.041234016418457031e+00,1.285279035568237305e+00,1.511480927467346191e+00,1.090375781059265137e+00
2.126930803060531616e-01,-1.150271296501159668e-02,4.370166957378387451e-01,-5.588747933506965637e-02,1.055268406867980957e+00,4.104696810245513916e-01,8.809490203857421875e-01,2.940179586410522461e+00,1.675796389579772949e+00,1.860941052436828613e+00,2.223603248596191406e+00,2.063785791397094727e+00,2.610955238342285156e+00,2.066460698843002319e-01,1.597038030624389648e+00,1.445253372192382812e+00,6.241289377212524414e-01,8.693287968635559082e-01,1.485921025276184082e+00,1.434637069702148438e+00,9.374650120735168457e-01,1.378671169281005859e+00,4.013631641864776611e-01,3.044071495532989502e-01,1.135284900665283203e+00,2.429571151733398438e+00,1.305026561021804810e-01,-6.987923383712768555e-01,1.686281323432922363e+00,1.992577791213989258e+00,2.901683151721954346e-01,8.359935283660888672e-01
-1.211496353149414062e+00,-9.116955399513244629e-01,-1.291947603225708008e+00,-1.164379358291625977e+00,-5.830338597297668457e-01,-1.265586376190185547e+00,-8.724084496498107910e-01,8.779771924018859863e-01,7.883521914482116699e-01,-1.276227533817291260e-01,5.850763320922851562e-01,1.063127756118774414e+00,7.592218518257141113e-01,9.118414670228958130e-02,-2.423039078712463379e-01,1.538787961006164551e+00,1.208355277776718140e-01,-5.131117105484008789e-01,7.498643398284912109e-01,7.654972672462463379e-01,-8.064156770706176758e-01,9.994941949844360352e-01,-1.142211794853210449e+00,-1.301109552383422852e+00,-1.289902567863464355e+00,1.633046865463256836e+00,-1.502207875251770020e+00,-1.011132121086120605e+00,5.531713739037513733e-02,4.591940939426422119e-01,-2.625158429145812988e-01,5.254923179745674133e-02
-2.275854647159576416e-01,-1.144060268998146057e-01,-7.531197667121887207e-01,-3.203123509883880615e-01,-3.273560702800750732e-01,-1.051209807395935059e+00,-1.002082824707031250e+00,6.311340928077697754e-01,1.298202991485595703e+00,-3.664723932743072510e-01,1.160939335823059082e+00,7.609519958496093750e-01,6.398734450340270996e-01,2.284059226512908936e-01,7.755070179700851440e-02,1.249998569488525391e+00,5.371577739715576172e-01,-4.800317585468292236e-01,8.706948161125183105e-01,8.551517128944396973e-01,-9.754247963428497314e-02,1.043624758720397949e+00,-5.368707180023193359e-01,-7.947794198989868164e-01,-8.328196406364440918e-01,9.590344429016113281e-01,-1.090812802314758301e+00,-5.174145698547363281e-01,-3.102442622184753418e-02,2.743664681911468506e-01,2.446181625127792358e-01,-1.096020936965942383e-01
-9.292514622211456299e-02,-2.814313769340515137e-01,-5.311148762702941895e-01,-4.004018306732177734e-01,-3.552520871162414551e-01,-1.061508536338806152e+00,-4.560261368751525879e-01,5.254664421081542969e-01,9.275637269020080566e-01,-8.993639349937438965e-01,1.425603032112121582e+00,8.302907943725585938e-01,1.095497846603393555e+00,7.104384303092956543e-01,9.380845725536346436e-02,1.437595367431640625e+00,1.026151418685913086e+00,2.311873584985733032e-01,1.432976126670837402e+00,1.294063448905944824e+00,5.635457634925842285e-01,1.232852578163146973e+00,-8.099042177200317383e-01,-4.576015472412109375e-01,-9.167225360870361328e-01,1.029492139816284180e+00,-8.770933151245117188e-01,-1.212221384048461914e+00,6.257036328315734863e-01,1.786740779876708984e+00,5.989156365394592285e-01,8.405594229698181152e-01
-1.179013133049011230e+00,-1.017108082771301270e+00,-7.733020186424255371e-01,-6.322541236877441406e-01,2.901138067245483398e-01,-1.116719603538513184e+00,7.334104180335998535e-02,3.788065910339355469e-01,6.513847708702087402e-01,-1.409828186035156250e+00,7.313122153282165527e-01,6.657969355583190918e-01,3.431498706340789795e-01,3.578977659344673157e-02,-8.476977795362472534e-02,1.594786763191223145e+00,-1.894922256469726562e-01,-7.687367200851440430e-01,7.279341220855712891e-01,8.229221701622009277e-01,-8.126305788755416870e-02,1.146259546279907227e+00,-1.057510614395141602e+00,-4.095822870731353760e-01,-1.180732250213623047e+00,8.353113532066345215e-01,-7.753608822822570801e-01,-2.010459005832672119e-01,7.140939831733703613e-01,4.322135746479034424e-01,6.578101515769958496e-01,8.534476757049560547e-01
-5.894660353660583496e-01,-4.000857174396514893e-01,-7.902962565422058105e-01,-1.765107214450836182e-01,-6.744509935379028320e-02,-8.428644537925720215e-01,-5.104017853736877441e-01,9.781716465950012207e-01,4.762808978557586670e-01,-7.321156859397888184e-01,1.220803737640380859e+00,3.597104251384735107e-01,2.830622494220733643e-01,-1.146433353424072266e-01,3.617450296878814697e-01,1.030344009399414062e+00,1.477014720439910889e-01,4.262180328369140625e-01,1.295814990997314453e+00,7.125120759010314941e-01,7.544651627540588379e-01,1.494876861572265625e+00,-9.485289454460144043e-02,-2.425369620323181152e-01,-4.054262638092041016e-01,1.068069696426391602e+00,7.511517964303493500e-03,-2.109232842922210693e-01,3.127453923225402832e-01,6.092455983161926270e-01,2.027405984699726105e-02,-4.536833614110946655e-02
-5.462091565132141113e-01,-8.888888955116271973e-01,-3.729990720748901367e-01,-9.365304112434387207e-01,-2.047610431909561157e-01,-1.301375985145568848e+00,-5.314961671829223633e-01,-2.042291909456253052e-01,6.063595414161682129e-01,-1.321135520935058594e+00,2.806564271450042725e-01,5.733836293220520020e-01,8.599109202623367310e-02,-2.945869565010070801e-01,5.876131728291511536e-02,8.194593787193298340e-01,5.172837972640991211e-01,-2.384970933198928833e-01,1.156664252281188965e+00,1.017143249511718750e+00,7.785395253449678421e-03,1.009232878684997559e+00,-1.671641826629638672e+00,-1.303299784660339355e+00,-1.002008199691772461e+00,2.009935140609741211e+00,-1.065551161766052246e+00,-5.599458217620849609e-01,1.266067981719970703e+00,1.195684909820556641e+00,9.365618228912353516e-01,1.428874254226684570e+00
1.706332899630069733e-02,-4.466928243637084961e-01,-2.036223262548446655e-01,-6.801804304122924805e-01,8.111961930990219116e-02,-9.753254652023315430e-01,-5.074651837348937988e-01,6.009304523468017578e-01,1.034784078598022461e+00,-4.440116286277770996e-01,4.072974249720573425e-02,8.762088418006896973e-01,-3.295378983020782471e-01,-5.567828416824340820e-01,2.538544237613677979e-01,1.196242451667785645e+00,-6.741102933883666992e-01,-1.311479210853576660e+00,4.105877876281738281e-01,3.072414100170135498e-01,-7.727268338203430176e-01,5.770703554153442383e-01,-1.877781510353088379e+00,-8.354977965354919434e-01,-1.818039417266845703e+00,2.938161194324493408e-01,-8.920366168022155762e-01,-1.026186466217041016e+00,5.102001428604125977e-01,1.276985883712768555e+00,1.413600444793701172e+00,7.155578136444091797e-01
-7.649078965187072754e-03,-3.605342805385589600e-01,-8.779927343130111694e-02,-3.711501657962799072e-01,-2.397202402353286743e-01,-1.033059000968933105e+00,-3.500890731811523438e-01,5.902319550514221191e-01,8.873659372329711914e-01,-1.935538202524185181e-01,1.234504222869873047e+00,4.480975866317749023e-01,1.288101673126220703e+00,2.333796024322509766e-01,-2.187677323818206787e-01,1.164354324340820312e+00,1.065892934799194336e+00,-9.978173971176147461e-01,1.291276097297668457e+00,1.286753296852111816e+00,-7.082602977752685547e-01,1.517095565795898438e+00,-6.103214025497436523e-01,-1.607435703277587891e+00,-4.705840647220611572e-01,5.767182111740112305e-01,-2.297456026077270508e+00,-1.138487577438354492e+00,-2.506433054804801941e-02,-1.071204096078872681e-01,2.351624667644500732e-01,-6.848833709955215454e-02
-3.487127721309661865e-01,-4.868653416633605957e-01,-7.486976981163024902e-01,-8.243005275726318359e-01,-6.976144313812255859e-01,-1.333656668663024902e+00,-5.754958987236022949e-01,1.521555334329605103e-01,4.506174325942993164e-01,-1.303442478179931641e+00,-1.095153987407684326e-01,6.585816740989685059e-01,-4.726671576499938965e-01,4.320884868502616882e-02,5.538318753242492676e-01,1.018797516822814941e+00,5.434408783912658691e-02,-4.808940291404724121e-01,6.797521114349365234e-01,8.355947732925415039e-01,-3.261822164058685303e-01,1.334883213043212891e+00,-1.498369932174682617e+00,-6.966966390609741211e-01,-1.546176791191101074e+00,4.154367744922637939e-01,-1.505078554153442383e+00,-9.745251536369323730e-01,8.221738934516906738e-01,7.834579348564147949e-01,1.345316767692565918e+00,4.070697724819183350e-01
-2.488283962011337280e-01,-9.162916541099548340e-01,-1.403502821922302246e-01,-6.751534938812255859e-01,-2.875215932726860046e-02,-9.651784300804138184e-01,-8.112787008285522461e-01,1.015289902687072754e+00,1.480195760726928711e+00,-9.365420788526535034e-02,1.241575717926025391e+00,6.016242504119873047e-01,5.580412149429321289e-01,2.127491831779479980e-01,-2.459431141614913940e-01,1.156168699264526367e+00,1.408396601676940918e+00,1.307716667652130127e-01,1.494017243385314941e+00,1.757374167442321777e+00,1.417526125907897949e+00,1.512244224548339844e+00,-4.235297441482543945e-01,1.264521330595016479e-01,-2.261281907558441162e-01,1.100846648216247559e+00,3.633118867874145508e-01,-7.025396823883056641e-01,2.094281911849975586e-01,1.057824373245239258e+00,6.133401393890380859e-01,4.330953359603881836e-01
-2.605556249618530273e+00,-2.182285785675048828e+00,-1.184377431869506836e+00,-2.097156524658203125e+00,-1.246759295463562012e+00,-1.885729074478149414e+00,-2.119303941726684570e+00,1.063906311988830566e+00,-9.307602643966674805e-01,-6.325236558914184570e-01,8.852568268775939941e-01,-3.585992753505706787e-02,-5.860672891139984131e-02,8.006381988525390625e-01,-1.599114775657653809e+00,5.859401822090148926e-01,7.154950499534606934e-01,4.705467224121093750e-01,4.782428443431854248e-01,9.489068388938903809e-01,7.634187936782836914e-01,4.722894430160522461e-01,1.073956370353698730e+00,6.992206722497940063e-02,3.946253359317779541e-01,-1.056223809719085693e-01,-8.558664917945861816e-01,-2.436367034912109375e+00,-1.292196631431579590e+00,-1.520418643951416016e+00,-1.262675046920776367e+00,-2.904341220855712891e+00
-6.711508631706237793e-01,-8.121213316917419434e-01,-1.046752452850341797e+00,-1.846993565559387207e+00,-1.237032532691955566e+00,-9.093225598335266113e-01,-3.252138137817382812e+00,4.396868050098419189e-01,-1.301686644554138184e+00,-2.314314126968383789e+00,-2.900733053684234619e-01,-1.162496566772460938e+00,-2.060466527938842773e+00,-3.399096131324768066e-01,-9.032549858093261719e-01,-6.717979907989501953e-01,-1.254702091217041016e+00,-2.816695868968963623e-01,-1.176624774932861328e+00,-1.174174666404724121e+00,-2.279693931341171265e-01,-5.706139802932739258e-01,-6.586316227912902832e-01,-1.569283157587051392e-01,-1.748068094253540039e+00,3.251545727252960205e-01,-7.404825687408447266e-01,-1.232950806617736816e+00,-5.124351978302001953e-01,-2.396110773086547852e+00,1.207968354225158691e+00,-2.737873196601867676e-01
1.282346725463867188e+00,1.304849863052368164e+00,8.939842581748962402e-01,8.692243099212646484e-01,4.817948639392852783e-01,-3.015269935131072998e-01,-8.511182665824890137e-02,1.018353104591369629e+00,-1.824623644351959229e-01,-1.224097847938537598e+00,8.735388517379760742e-01,-3.271406888961791992e-02,7.461899518966674805e-01,1.306078195571899414e+00,-1.723678559064865112e-01,3.563410341739654541e-01,1.076635479927062988e+00,1.753081083297729492e+00,1.252349734306335449e+00,1.196814894676208496e+00,3.213941335678100586e+00,1.584391474723815918e+00,1.146200776100158691e+00,1.002376198768615723e+00,1.824796557426452637e+00,1.596088409423828125e+00,-8.718783408403396606e-02,-7.705874741077423096e-02,1.544330000877380371e+00,1.019454598426818848e+00,8.736457824707031250e-01,9.891583919525146484e-01
2.021365404129028320e+00,2.515342712402343750e+00,2.495916128158569336e+00,2.838092088699340820e+00,3.633901834487915039e+00,1.740845203399658203e+00,3.227519750595092773e+00,2.691455841064453125e+00,3.177467584609985352e-01,4.265325367450714111e-01,7.292323708534240723e-01,1.758363127708435059e+00,1.354902684688568115e-01,2.078615188598632812e+00,2.167958259582519531e+00,1.283017396926879883e+00,1.534690409898757935e-01,2.491030693054199219e+00,6.053513288497924805e-01,1.085095763206481934e+00,2.557765722274780273e+00,1.884135127067565918e+00,1.757035732269287109e+00,3.254901409149169922e+00,9.140483736991882324e-01,2.381698608398437500e+00,1.816734790802001953e+00,1.635465025901794434e+00,1.962787270545959473e+00,1.815518140792846680e+00,2.441063165664672852e+00,2.615922451019287109e+00
8.938871622085571289e-01,1.894022226333618164e+00,1.160261631011962891e+00,1.791242599487304688e+00,2.575494289398193359e+00,1.809351563453674316e+00,1.982459545135498047e+00,3.318231582641601562e+00,2.325589418411254883e+00,1.721576452255249023e+00,2.077597618103027344e+00,2.149705171585083008e+00,1.871379971504211426e+00,1.685145139694213867e+00,1.639442801475524902e+00,9.811801314353942871e-01,8.568940758705139160e-01,2.358142375946044922e+00,1.443687677383422852e+00,9.200287461280822754e-01,2.111412525177001953e+00,2.023497343063354492e+00,1.690739035606384277e+00,2.151313543319702148e+00,1.910055994987487793e+00,2.856125593185424805e+00,1.652534008026123047e+00,1.323222756385803223e+00,8.380320072174072266e-01,7.102013826370239258e-01,8.781659007072448730e-01,1.373087316751480103e-01
-5.546089410781860352e-01,-5.615957379341125488e-01,-9.889051914215087891e-01,-2.892865240573883057e-01,4.380601942539215088e-01,1.841632276773452759e-02,2.705322802066802979e-01,1.223415613174438477e+00,7.847773283720016479e-02,-6.920087337493896484e-01,4.330787956714630127e-01,4.332629740238189697e-01,1.712664216756820679e-01,1.777572631835937500e-01,-5.786733627319335938e-01,3.597961962223052979e-01,-4.123654961585998535e-01,2.694605663418769836e-02,3.637035489082336426e-01,-5.407341569662094116e-02,-1.055864319205284119e-01,4.842103123664855957e-01,-1.036192029714584351e-01,-4.213680699467658997e-02,-9.513298869132995605e-01,1.450758576393127441e+00,-5.518015474081039429e-03,-9.137229323387145996e-01,1.029101014137268066e+00,6.712786555290222168e-01,1.019386410713195801e+00,1.035149335861206055e+00
-1.046036839485168457e+00,-5.505153536796569824e-01,-1.137842535972595215e+00,-5.915383696556091309e-01,-1.479226071387529373e-02,-4.179044961929321289e-01,-4.849269390106201172e-01,2.665846943855285645e-01,6.799315810203552246e-01,-1.460259437561035156e+00,-1.347834169864654541e-01,4.212278723716735840e-01,-8.254922628402709961e-01,6.015770435333251953e-01,-1.554574072360992432e-01,8.277517557144165039e-01,-9.591251611709594727e-01,-6.022198796272277832e-01,-4.780649766325950623e-02,-6.493304967880249023e-01,-8.148235082626342773e-01,7.007153630256652832e-01,-1.128035187721252441e+00,-4.174672961235046387e-01,-1.448094487190246582e+00,6.963063776493072510e-02,-5.156473517417907715e-01,-1.264781504869461060e-01,1.990512311458587646e-01,-6.318583488464355469e-01,3.911065459251403809e-01,4.238182902336120605e-01
-1.618723630905151367e+00,-1.660812854766845703e+00,-1.629287123680114746e+00,-1.596785068511962891e+00,-2.482341080904006958e-01,-2.965578138828277588e-01,-7.186785936355590820e-01,4.047420620918273926e-02,1.054484963417053223e+00,-1.942692875862121582e+00,1.519798338413238525e-01,1.881744340062141418e-02,-7.747219800949096680e-01,-3.409043699502944946e-02,-2.371813207864761353e-01,2.387207932770252228e-02,-6.919027566909790039e-01,-7.005876898765563965e-01,2.817137837409973145e-01,-8.174020648002624512e-01,-5.465193986892700195e-01,-6.682711839675903320e-02,-1.638439774513244629e+00,-7.246696352958679199e-01,-1.748850822448730469e+00,-7.129627466201782227e-02,6.269167363643646240e-02,-1.285370230674743652e+00,1.793350279331207275e-01,-3.293779790401458740e-01,5.538640618324279785e-01,-2.233549952507019043e-01
-2.915577292442321777e-01,-2.803134024143218994e-01,-1.753414422273635864e-02,-3.626203536987304688e-01,3.871434330940246582e-01,-3.795924782752990723e-01,2.632153034210205078e-01,2.091279923915863037e-01,3.242833018302917480e-01,-1.907801628112792969e+00,4.503725469112396240e-01,-7.843006402254104614e-02,-1.623933464288711548e-01,7.935507297515869141e-01,-1.074693322181701660e+00,4.184210002422332764e-01,1.150292810052633286e-02,-4.475984871387481689e-01,9.600100517272949219e-01,-1.589003019034862518e-02,-4.064972400665283203e-01,8.861288428306579590e-01,-3.953079581260681152e-01,-4.470882117748260498e-01,-3.249019384384155273e-01,1.270788192749023438e+00,-2.024601250886917114e-01,-6.447483301162719727e-01,1.024896979331970215e+00,7.583019137382507324e-01,5.426800847053527832e-01,3.735727444291114807e-02
1.618277281522750854e-01,-3.491309285163879395e-01,2.043936215341091156e-02,-2.776176929473876953e-01,7.025134563446044922e-01,2.497867867350578308e-02,3.892434537410736084e-01,8.730784058570861816e-01,8.601107597351074219e-01,-1.144860148429870605e+00,4.392475262284278870e-02,5.531231760978698730e-01,-4.049775600433349609e-01,6.162804365158081055e-01,-7.778804004192352295e-02,6.104655861854553223e-01,-8.810276389122009277e-01,-8.802247643470764160e-01,-6.962475925683975220e-02,-3.971482217311859131e-01,-8.618614673614501953e-01,5.635714530944824219e-01,-4.045161604881286621e-02,-7.494927942752838135e-02,-7.734667062759399414e-01,8.630447983741760254e-01,-2.053786218166351318e-01,-1.104046702384948730e+00,1.046050071716308594e+00,7.477971911430358887e-01,1.379683017730712891e+00,1.843789070844650269e-01
-3.360928297042846680e-01,-3.368083834648132324e-01,-5.442783832550048828e-01,-4.885889589786529541e-01,5.772548913955688477e-01,1.405595988035202026e-01,3.360913693904876709e-01,1.656762123107910156e+00,1.120685458183288574e+00,-1.195585634559392929e-02,1.019695043563842773e+00,8.813316822052001953e-01,9.889962673187255859e-01,8.569133281707763672e-01,6.323516964912414551e-01,7.007523179054260254e-01,2.330744564533233643e-01,8.158090114593505859e-01,7.205625176429748535e-01,2.468198686838150024e-01,7.959968447685241699e-01,7.445033192634582520e-01,4.412534534931182861e-01,5.776497125625610352e-01,-1.814373880624771118e-01,9.639731049537658691e-01,-5.035747289657592773e-01,-1.023251414299011230e+00,1.004914760589599609e+00,3.835048973560333252e-01,6.369710564613342285e-01,4.408780932426452637e-01
-1.159068822860717773e+00,-1.119812726974487305e+00,-9.138837456703186035e-01,-6.502009034156799316e-01,2.652142941951751709e-01,-6.429591774940490723e-02,2.871239483356475830e-01,1.027902960777282715e+00,1.010360002517700195e+00,-4.956197142601013184e-01,4.700205326080322266e-01,5.537003874778747559e-01,1.051292896270751953e+00,3.770256936550140381e-01,-2.127551287412643433e-01,4.410932064056396484e-01,1.818880438804626465e-01,1.414912939071655273e-02,8.501150608062744141e-01,6.838627159595489502e-02,5.584800243377685547e-02,5.189719796180725098e-01,-4.142498672008514404e-01,-4.355944693088531494e-01,-1.000690698623657227e+00,1.028501987457275391e+00,-3.849374055862426758e-01,-1.404754519462585449e+00,-8.274954557418823242e-02,-9.235852211713790894e-02,1.923542916774749756e-01,-4.684187099337577820e-02
-4.256499409675598145e-01,-6.011223196983337402e-01,9.358399361371994019e-02,-2.119948267936706543e-01,5.826295614242553711e-01,4.358277022838592529e-01,7.412902116775512695e-01,8.568841814994812012e-01,6.714119315147399902e-01,-6.502301096916198730e-01,6.983000319451093674e-03,9.548264741897583008e-01,3.217261433601379395e-01,4.007025063037872314e-01,8.922582864761352539e-01,8.500909805297851562e-01,-4.814217090606689453e-01,2.351263910531997681e-01,2.539337277412414551e-01,3.289985284209251404e-02,4.391518235206604004e-01,6.138338446617126465e-01,-3.923699259757995605e-01,6.610889434814453125e-01,-4.833677709102630615e-01,8.411701917648315430e-01,7.993626594543457031e-01,-7.066877931356430054e-02,1.448755621910095215e+00,8.822022080421447754e-01,1.412570118904113770e+00,6.363189220428466797e-01
-1.708158999681472778e-01,-2.418054044246673584e-01,-4.286352694034576416e-01,-5.092652440071105957e-01,3.636470437049865723e-01,-4.916077107191085815e-02,-1.047379598021507263e-01,8.876509070396423340e-01,5.085461735725402832e-01,-7.143691182136535645e-01,6.604467034339904785e-01,4.230461418628692627e-01,2.703141272068023682e-01,4.893169105052947998e-01,4.959209859371185303e-01,5.566591620445251465e-01,-2.769660353660583496e-01,6.019062995910644531e-01,5.668202042579650879e-01,-6.157287955284118652e-02,6.102294325828552246e-01,3.061369061470031738e-01,-6.630267500877380371e-01,3.298978209495544434e-01,-7.758929729461669922e-01,6.242296695709228516e-01,4.223673939704895020e-01,-1.674108147621154785e+00,5.638676285743713379e-01,7.984962314367294312e-02,1.119294285774230957e+00,3.005185164511203766e-02
-2.331244498491287231e-01,4.916602373123168945e-02,-4.122066497802734375e-01,-1.901584565639495850e-01,8.478201180696487427e-02,-2.806639969348907471e-01,-3.523894026875495911e-02,9.725408554077148438e-01,5.354751348495483398e-01,-7.271273732185363770e-01,8.742823004722595215e-01,6.328952312469482422e-01,1.130323767662048340e+00,5.048182010650634766e-01,-3.428172171115875244e-01,4.265186488628387451e-01,5.277685523033142090e-01,4.343900382518768311e-01,1.001617550849914551e+00,2.899003922939300537e-01,9.507471323013305664e-01,1.029909491539001465e+00,-1.966686695814132690e-01,-4.956289753317832947e-02,2.301198393106460571e-01,1.798108100891113281e+00,8.194093406200408936e-02,-4.563632607460021973e-01,1.276471614837646484e+00,1.381175994873046875e+00,9.508201479911804199e-01,5.740982890129089355e-01
8.921220153570175171e-02,1.806894838809967041e-01,-2.621637284755706787e-01,-4.563347995281219482e-01,-4.402005672454833984e-02,-6.737036108970642090e-01,-5.963701009750366211e-02,4.819853901863098145e-01,-2.662893570959568024e-02,-9.836032390594482422e-01,-4.942353665828704834e-01,5.548403859138488770e-01,-4.698657989501953125e-01,-4.920109808444976807e-01,-3.447554707527160645e-01,5.082428455352783203e-01,-7.439398169517517090e-01,-9.664717316627502441e-01,-8.249041438102722168e-02,-2.777245938777923584e-01,-3.957432210445404053e-01,-4.171397164463996887e-02,-1.610540509223937988e+00,-5.192214250564575195e-01,-1.384854197502136230e+00,2.126774489879608154e-01,-8.710011839866638184e-01,-9.822580814361572266e-01,2.099071145057678223e-01,6.370830535888671875e-01,9.309449195861816406e-01,4.646622240543365479e-01
-2.588919103145599365e-01,-6.685237288475036621e-01,-2.081986814737319946e-01,-4.999165534973144531e-01,4.842444062232971191e-01,-2.354672104120254517e-01,-4.165046811103820801e-01,6.239266395568847656e-01,9.168521761894226074e-01,-5.864521265029907227e-01,6.395685076713562012e-01,5.060217976570129395e-01,3.681771457195281982e-01,3.920192718505859375e-01,1.362724602222442627e-02,5.962616801261901855e-01,6.247024610638618469e-02,-7.209784537553787231e-02,8.860506415367126465e-01,5.534383058547973633e-01,3.905338048934936523e-01,9.499802589416503906e-01,1.152220129966735840e+00,5.355546474456787109e-01,2.626270055770874023e-01,6.676527261734008789e-01,-7.040732502937316895e-01,-3.067187368869781494e-01,5.191403031349182129e-01,-9.063077718019485474e-02,8.497655987739562988e-01,-3.338702619075775146e-01
-9.050868749618530273e-01,-5.533972382545471191e-01,-4.741931855678558350e-01,3.753127297386527061e-03,1.967227905988693237e-01,-5.010908842086791992e-02,1.017034947872161865e-01,2.010196261107921600e-02,2.101220041513442993e-01,-1.147708773612976074e+00,2.300053387880325317e-01,-2.881781756877899170e-02,8.989080041646957397e-02,4.217059314250946045e-01,-1.424037269316613674e-03,3.434689640998840332e-01,2.315729558467864990e-01,3.801843617111444473e-03,6.386913657188415527e-01,2.741680741310119629e-01,-2.071700394153594971e-01,3.585994839668273926e-01,9.375412017107009888e-02,-7.631142735481262207e-01,-9.179748296737670898e-01,1.068477272987365723e+00,-6.444595456123352051e-01,-1.249803066253662109e+00,8.549810647964477539e-01,-1.997277326881885529e-02,4.700922966003417969e-01,8.853259086608886719e-01
-4.317164421081542969e-01,-4.194390773773193359e-01,-2.460693567991256714e-01,-1.826976984739303589e-01,2.181739509105682373e-01,-2.025795578956604004e-01,-4.991938173770904541e-01,-2.520459592342376709e-01,8.827081322669982910e-01,-1.407848834991455078e+00,-4.762689471244812012e-01,8.995574712753295898e-01,-1.055994749069213867e+00,2.117544561624526978e-01,8.477571010589599609e-01,6.552508473396301270e-01,-4.972873926162719727e-01,-4.040928557515144348e-02,-1.181690692901611328e-01,-1.229643821716308594e-01,-7.581136226654052734e-01,4.392501115798950195e-01,-1.561800241470336914e+00,-9.671857357025146484e-01,-1.702933788299560547e+00,1.603263467550277710e-01,-1.007883071899414062e+00,-4.334135055541992188e-01,3.980492353439331055e-01,-5.744280219078063965e-01,1.272596120834350586e+00,7.748936414718627930e-01
-8.681197166442871094e-01,-6.654182672500610352e-01,-5.577760338783264160e-01,-7.277882695198059082e-01,-3.839091062545776367e-01,-4.884213805198669434e-01,-9.121745824813842773e-01,-7.806544005870819092e-02,1.284608095884323120e-01,-1.485495090484619141e+00,2.301115455338731408e-04,4.505652189254760742e-01,-5.606698393821716309e-01,-7.990010827779769897e-02,6.451086997985839844e-01,6.690464168787002563e-02,2.567763030529022217e-01,5.014122128486633301e-01,6.432631611824035645e-01,3.376098871231079102e-01,1.196892023086547852e+00,5.634091496467590332e-01,-7.681627273559570312e-01,1.229268312454223633e-01,-4.377768933773040771e-02,1.110525965690612793e+00,-7.735109329223632812e-01,-2.713356018066406250e-01,1.659301280975341797e+00,6.833314299583435059e-01,4.511476755142211914e-01,2.580557465553283691e-01
1.953862905502319336e-01,2.110735327005386353e-01,2.455551475286483765e-01,4.263780117034912109e-01,-2.065446674823760986e-01,-3.446564674377441406e-01,-4.946910738945007324e-01,-3.709009289741516113e-01,2.309189289808273315e-01,-1.517805337905883789e+00,-2.915601730346679688e-01,3.835497200489044189e-01,-6.045292019844055176e-01,7.722675055265426636e-02,-2.567222714424133301e-01,4.276054799556732178e-01,2.686787545680999756e-01,1.052170023322105408e-01,6.602131724357604980e-01,5.905649662017822266e-01,6.798287630081176758e-01,1.018520712852478027e+00,-1.310861706733703613e+00,-4.599169790744781494e-01,-3.113225102424621582e-01,5.255726575851440430e-01,-7.142161726951599121e-01,1.738722622394561768e-01,4.222621396183967590e-02,7.474931329488754272e-02,2.566662728786468506e-01,8.530948758125305176e-01
-2.711872458457946777e-01,-1.950243860483169556e-02,3.065647184848785400e-01,-1.822655200958251953e-01,1.454492956399917603e-01,-8.724519982933998108e-03,-9.419808983802795410e-01,3.098630309104919434e-01,7.486240863800048828e-01,-1.220513701438903809e+00,-4.665954038500785828e-02,1.537142634391784668e+00,-7.354780435562133789e-01,-4.866953566670417786e-02,1.132267951965332031e+00,4.660143852233886719e-01,-1.937905102968215942e-01,-1.814890354871749878e-01,3.618260622024536133e-01,6.517829895019531250e-01,1.163308545947074890e-01,9.878979325294494629e-01,2.482991218566894531e-01,-3.927901387214660645e-02,-4.228016734123229980e-01,6.010621786117553711e-01,-1.184858202934265137e+00,-9.368351101875305176e-02,1.277695447206497192e-01,-3.602424860000610352e-01,1.203514695167541504e+00,1.430160999298095703e-01
-5.106014013290405273e-01,-3.343239724636077881e-01,3.289837539196014404e-01,9.619379043579101562e-02,4.630072712898254395e-01,-1.184638068079948425e-01,3.309279084205627441e-01,1.973370909690856934e-01,5.626520514488220215e-01,-4.204609990119934082e-01,8.751938939094543457e-01,6.643971800804138184e-01,8.463976979255676270e-01,9.028577208518981934e-01,6.308287382125854492e-01,6.240035891532897949e-01,1.092687964439392090e+00,1.125972867012023926e+00,1.219187498092651367e+00,1.222783088684082031e+00,7.170703411102294922e-01,9.069407582283020020e-01,4.941857159137725830e-01,-2.599548995494842529e-01,4.043957591056823730e-01,1.337833046913146973e+00,-1.108706444501876831e-01,-4.188465178012847900e-01,8.357171416282653809e-01,4.901276901364326477e-02,2.450668513774871826e-01,-7.314139008522033691e-01
-7.779945135116577148e-01,-6.221402287483215332e-01,-4.580216705799102783e-01,-4.848585724830627441e-01,-6.926440596580505371e-01,-1.149417519569396973e+00,-1.086093425750732422e+00,-4.862760603427886963e-01,1.180362477898597717e-01,-1.139149665832519531e+00,-5.080420374870300293e-01,5.154016613960266113e-01,-8.105227947235107422e-01,-2.705578505992889404e-01,-2.131902575492858887e-01,4.141994118690490723e-01,-3.140267357230186462e-02,2.637577950954437256e-01,4.104099050164222717e-02,4.630583226680755615e-01,6.506215333938598633e-01,3.929012417793273926e-01,-1.004542469978332520e+00,-1.716344803571701050e-01,-7.310847640037536621e-01,1.091004133224487305e+00,-8.396633267402648926e-01,-2.249812334775924683e-01,1.883017718791961670e-01,-1.053926572203636169e-01,7.990139722824096680e-01,3.492490053176879883e-01
-1.282103300094604492e+00,-1.075913548469543457e+00,-1.298657894134521484e+00,-4.291075766086578369e-01,-6.054124832153320312e-01,-3.218399584293365479e-01,-1.293024301528930664e+00,-6.974311172962188721e-02,9.837441444396972656e-01,-1.291272640228271484e+00,4.522488415241241455e-01,4.865983128547668457e-01,-2.665625214576721191e-01,1.288805007934570312e-01,-9.405568838119506836e-01,4.497813582420349121e-01,4.387416839599609375e-01,-1.174309134483337402e+00,5.787899494171142578e-01,6.414919495582580566e-01,4.730321764945983887e-01,1.087701320648193359e+00,1.423151642084121704e-01,-7.976998090744018555e-01,3.285804986953735352e-01,5.449488162994384766e-01,-9.255593419075012207e-01,-1.452246069908142090e+00,-8.570032119750976562e-01,-6.162118911743164062e-01,-2.219510972499847412e-01,-8.740979433059692383e-01
-1.589080929756164551e+00,-8.491635322570800781e-01,-9.249132871627807617e-01,-6.299794912338256836e-01,-7.169489860534667969e-01,-1.539555311203002930e+00,-7.635592818260192871e-01,-5.982389450073242188e-01,-2.752918004989624023e-02,-1.576915979385375977e+00,3.292807638645172119e-01,-9.531380981206893921e-02,1.433760821819305420e-01,1.656857319176197052e-02,-1.111322641372680664e+00,2.901651263236999512e-01,7.290859222412109375e-01,-5.661415457725524902e-01,8.828753829002380371e-01,6.052721142768859863e-01,-4.404158890247344971e-01,8.242161273956298828e-01,-3.962156474590301514e-01,-1.769015789031982422e+00,-1.485258489847183228e-01,2.086414843797683716e-01,-1.415434718132019043e+00,-1.771268248558044434e+00,-4.560005366802215576e-01,-5.727279186248779297e-01,-9.560880661010742188e-01,-1.559126615524291992e+00
-8.263845443725585938e-01,-6.119542717933654785e-01,-9.431930184364318848e-01,-2.959056496620178223e-01,-9.735780954360961914e-01,-1.387596964836120605e+00,-9.829461574554443359e-01,-6.518328785896301270e-01,-3.457586765289306641e-01,-1.454749584197998047e+00,-2.872323095798492432e-01,-3.146871030330657959e-01,-5.222650766372680664e-01,-4.130745232105255127e-01,-1.174613237380981445e+00,6.482902765274047852e-01,-3.519445061683654785e-01,-1.134546518325805664e+00,2.608441412448883057e-01,4.318854808807373047e-01,-5.421335697174072266e-01,7.968306541442871094e-01,-1.024356245994567871e+00,-9.402765631675720215e-01,-9.406594038009643555e-01,-5.085260868072509766e-01,-1.618676304817199707e+00,-9.268711209297180176e-01,-1.774804711341857910e+00,-1.194634437561035156e+00,-2.845514118671417236e-01,-7.829669713973999023e-01
-5.859153866767883301e-01,-1.136954903602600098e+00,-5.563362836837768555e-01,-1.106717705726623535e+00,-2.442149966955184937e-01,-4.728499948978424072e-01,-8.893427252769470215e-01,3.946066200733184814e-01,1.047504901885986328e+00,-4.174118340015411377e-01,3.924906551837921143e-01,6.177864670753479004e-01,1.420802921056747437e-01,-3.233928605914115906e-02,-5.236699581146240234e-01,4.490212202072143555e-01,3.958038613200187683e-02,-5.005695223808288574e-01,2.781235277652740479e-01,5.054606795310974121e-01,-1.980344057083129883e-01,7.087137103080749512e-01,-4.655339717864990234e-01,-8.392525315284729004e-01,-5.487995147705078125e-01,-3.352008163928985596e-01,-7.186816334724426270e-01,-4.445039033889770508e-01,-6.937924027442932129e-01,-5.222638249397277832e-01,-4.947203025221824646e-02,-1.080061078071594238e+00
-6.201840639114379883e-01,-3.959367871284484863e-01,-4.571989476680755615e-01,-6.147395372390747070e-01,-5.108324289321899414e-01,-7.109345793724060059e-01,9.908504039049148560e-02,9.743539988994598389e-02,-4.283331707119941711e-02,-4.789697825908660889e-01,7.081240415573120117e-02,-1.858511120080947876e-01,2.664144337177276611e-01,-2.946180403232574463e-01,-9.337729215621948242e-01,2.539863586425781250e-01,3.745121657848358154e-01,-6.614227890968322754e-01,6.697916388511657715e-01,5.795247554779052734e-01,-2.671357691287994385e-01,3.451997935771942139e-01,-4.276382029056549072e-01,-5.541407465934753418e-01,4.788021743297576904e-01,3.921586275100708008e-01,-3.665014803409576416e-01,-7.105433940887451172e-01,-9.775621443986892700e-02,8.572673201560974121e-01,9.156563133001327515e-02,4.036868512630462646e-01
2.341997772455215454e-01,-1.885401457548141479e-01,1.111695617437362671e-01,-2.916066348552703857e-01,-5.403693914413452148e-01,-8.169375061988830566e-01,-1.339862704277038574e+00,1.171206869184970856e-02,1.888814866542816162e-01,-8.017913103103637695e-01,-3.184478282928466797e-01,1.501499265432357788e-01,-6.715770959854125977e-01,-7.887532114982604980e-01,-1.622591614723205566e+00,4.224541187286376953e-01,-4.975193738937377930e-01,-1.860375285148620605e+00,-6.594885140657424927e-02,2.467252314090728760e-01,-9.114370942115783691e-01,4.703327119350433350e-01,3.221797645092010498e-01,-7.343068718910217285e-01,-4.069394469261169434e-01,-9.948456883430480957e-01,-1.033926129341125488e+00,-1.936270356178283691e+00,-5.252068042755126953e-01,-9.892673492431640625e-01,-1.997825801372528076e-01,-5.764020085334777832e-01
-8.083473443984985352e-01,-6.852188110351562500e-01,-9.145007729530334473e-01,-1.319326639175415039e+00,-8.472731113433837891e-01,-1.397743940353393555e+00,-1.425464034080505371e+00,-2.312119901180267334e-01,5.812962651252746582e-01,-1.093091607093811035e+00,2.628847360610961914e-01,-5.736145377159118652e-01,-2.520990371704101562e-01,-4.652256369590759277e-01,-1.419646501541137695e+00,-2.411770969629287720e-01,-1.664863675832748413e-01,-7.689228653907775879e-01,1.649940013885498047e-01,-1.597598493099212646e-01,-7.169458270072937012e-01,1.928978115320205688e-01,-5.791257619857788086e-01,-1.058968901634216309e+00,-5.564566850662231445e-01,5.459912866353988647e-02,-1.179738879203796387e+00,-8.853687644004821777e-01,-5.312201380729675293e-01,-8.388564586639404297e-01,-6.422556042671203613e-01,-7.253745198249816895e-01
-7.407230138778686523e-01,-5.382424592971801758e-01,-2.529338896274566650e-01,-2.871028780937194824e-01,-5.856736302375793457e-01,-1.113153934478759766e+00,-1.026089340448379517e-01,-3.992914259433746338e-01,-6.671977043151855469e-01,-1.071546912193298340e+00,-2.757798433303833008e-01,-9.799645543098449707e-01,-8.378207683563232422e-02,-4.003087580204010010e-01,-1.464266419410705566e+00,2.088806964457035065e-02,-2.783644199371337891e-01,-4.877530038356781006e-01,1.223983317613601685e-01,-2.623156011104583740e-01,2.389244921505451202e-02,2.725024335086345673e-02,-3.030825853347778320e-01,-2.535509467124938965e-01,2.962168455123901367e-01,-1.016563028097152710e-01,-3.309533298015594482e-01,-1.674638867378234863e+00,9.078236818313598633e-01,7.173335552215576172e-01,-5.817824006080627441e-01,8.322992920875549316e-01
-2.432285398244857788e-01,-3.083869814872741699e-01,2.554534673690795898e-01,1.733262538909912109e-01,3.436465561389923096e-01,9.845431149005889893e-02,1.334674805402755737e-01,4.029627144336700439e-01,5.401590466499328613e-01,5.910258293151855469e-01,-2.535032629966735840e-01,6.725504398345947266e-01,-1.974907368421554565e-01,-5.667094588279724121e-01,-3.318798169493675232e-02,4.874804019927978516e-01,-5.633792877197265625e-01,-9.032121896743774414e-01,4.347841814160346985e-02,1.513298600912094116e-01,-2.125326693058013916e-01,3.003027141094207764e-01,-4.777279794216156006e-01,-6.162821054458618164e-01,-1.459169387817382812e-01,-6.154996156692504883e-01,-6.194370985031127930e-01,-4.664464294910430908e-01,-1.257660031318664551e+00,-5.352011919021606445e-01,1.716315448284149170e-01,9.292829632759094238e-01
-2.978595972061157227e+00,-2.791979074478149414e+00,-2.844490766525268555e+00,-3.204351902008056641e+00,-2.928106546401977539e+00,-2.789854764938354492e+00,-2.550565004348754883e+00,-4.430540204048156738e-01,-1.894986033439636230e+00,-1.055539011955261230e+00,2.266333252191543579e-01,-1.824079871177673340e+00,-9.123595803976058960e-02,2.949599921703338623e-01,-3.746068716049194336e+00,-6.749327778816223145e-01,8.296865820884704590e-01,-1.605426430702209473e+00,1.836238503456115723e-01,-5.459388345479965210e-02,-1.047035098075866699e+00,-3.807459473609924316e-01,-1.432109028100967407e-01,-1.962281942367553711e+00,5.557001009583473206e-02,-1.001455783843994141e+00,-1.155179023742675781e+00,-1.719303607940673828e+00,-2.368339776992797852e+00,-1.731743097305297852e+00,-3.737323522567749023e+00,-3.824409484863281250e+00
-1.005884289741516113e+00,-1.331904768943786621e+00,-1.306242346763610840e+00,-1.614618182182312012e+00,-1.590120434761047363e+00,-1.560437321662902832e+00,-2.156818866729736328e+00,-8.288428187370300293e-01,-1.811146020889282227e+00,-8.287789225578308105e-01,-1.270587444305419922e+00,-1.708130359649658203e+00,-1.567942976951599121e+00,-1.050503492355346680e+00,-1.316482901573181152e+00,-7.089630365371704102e-01,-1.624870777130126953e+00,-3.412448465824127197e-01,-1.355367183685302734e+00,-1.702078461647033691e+00,-8.311603665351867676e-01,-1.599026560783386230e+00,-2.406554669141769409e-01,4.958375543355941772e-02,-2.886770665645599365e-01,-4.426402449607849121e-01,-5.175930261611938477e-01,-4.946272820234298706e-02,-4.736945629119873047e-01,-1.390851378440856934e+00,-1.361685544252395630e-01,-1.925975084304809570e-02
4.203341305255889893e-01,6.822375655174255371e-01,2.621380388736724854e-01,3.684433698654174805e-01,1.284215599298477173e-01,8.669896721839904785e-01,-5.345306396484375000e-01,2.246577441692352295e-01,8.524521589279174805e-01,1.734267771244049072e-01,3.463267385959625244e-01,-7.001849412918090820e-01,9.251940995454788208e-02,2.910535633563995361e-01,-6.092506051063537598e-01,-3.206648230552673340e-01,5.808044672012329102e-01,-1.459006518125534058e-01,2.352972924709320068e-01,5.785074830055236816e-01,5.568616390228271484e-01,-4.855989813804626465e-01,8.349968791007995605e-01,-2.308763265609741211e-01,1.178971290588378906e+00,-2.788952589035034180e-01,-1.544087380170822144e-01,-2.483533620834350586e-01,-1.821101903915405273e+00,-1.381562948226928711e+00,-5.753678083419799805e-01,4.020265340805053711e-01
6.166131496429443359e-01,6.566731929779052734e-01,5.626609325408935547e-01,6.163772344589233398e-01,1.647838801145553589e-01,2.854624986648559570e-01,8.767154216766357422e-01,6.351544521749019623e-03,-1.783656030893325806e-01,1.751118451356887817e-01,-3.549382090568542480e-01,7.589028775691986084e-02,4.530698955059051514e-01,-2.522899508476257324e-01,-9.614229798316955566e-01,-2.571902275085449219e-01,3.294606208801269531e-01,2.973472774028778076e-01,1.006327718496322632e-01,-4.409778863191604614e-02,4.757805466651916504e-01,-1.498673260211944580e-01,-3.400706648826599121e-01,-2.478353530168533325e-01,3.388205170631408691e-01,-5.807833075523376465e-01,-6.119255721569061279e-02,-5.233821868896484375e-01,3.311046063899993896e-01,1.655321270227432251e-01,-6.517611742019653320e-01,4.482665359973907471e-01
1.101142764091491699e+00,5.260689854621887207e-01,1.213069677352905273e+00,7.879065275192260742e-01,7.349993586540222168e-01,1.060654997825622559e+00,-1.331248730421066284e-01,-7.236706465482711792e-02,1.272213459014892578e-01,3.316345810890197754e-01,-1.047972202301025391e+00,6.788710355758666992e-01,-9.058559536933898926e-01,-5.071806907653808594e-01,3.794663846492767334e-01,-1.347327530384063721e-01,-9.734441637992858887e-01,-1.019050851464271545e-01,-9.556819796562194824e-01,-5.533436536788940430e-01,-1.513028889894485474e-01,-5.950958728790283203e-01,-1.223580837249755859e-01,9.501641243696212769e-02,-3.618964254856109619e-01,-4.310739636421203613e-01,-7.500513792037963867e-01,2.711081802845001221e-01,-1.529057264328002930e+00,-1.095254302024841309e+00,1.264486432075500488e+00,4.735449552536010742e-01
1.006350964307785034e-01,1.554232686758041382e-01,-2.704937458038330078e-01,1.398210525512695312e-01,-1.014601588249206543e+00,-3.150500059127807617e-01,-6.125212907791137695e-01,-7.219926714897155762e-01,1.841454207897186279e-01,6.399860382080078125e-01,1.795401126146316528e-01,-4.846501648426055908e-01,9.652154445648193359e-01,6.940460205078125000e-01,-3.406415879726409912e-01,1.039629057049751282e-01,1.050736188888549805e+00,6.924254894256591797e-01,5.799230337142944336e-01,2.609119117259979248e-01,4.210912585258483887e-01,1.875505596399307251e-01,5.450159907341003418e-01,-5.214951466768980026e-03,6.618831753730773926e-01,-7.792155146598815918e-01,-9.182870388031005859e-02,-1.059544309973716736e-01,-1.231478214263916016e+00,-5.757411122322082520e-01,-1.041172623634338379e+00,1.214318946003913879e-01
-5.866863727569580078e-01,-9.698302149772644043e-01,-1.074030637741088867e+00,-8.606262207031250000e-01,-1.082403421401977539e+00,-6.410815119743347168e-01,-5.370022654533386230e-01,-1.405155420303344727e+00,-6.750389933586120605e-01,-3.495951294898986816e-01,-8.369510769844055176e-01,-5.537148118019104004e-01,-1.458689272403717041e-01,-3.899779915809631348e-01,-3.519152104854583740e-01,-1.262267529964447021e-01,4.506570398807525635e-01,-8.897098153829574585e-02,-3.407127037644386292e-02,-1.427105963230133057e-01,-7.148582488298416138e-02,-4.980969429016113281e-01,-4.270888268947601318e-01,-4.883280396461486816e-02,-1.791937202215194702e-01,-6.176020503044128418e-01,4.900827109813690186e-01,4.085250943899154663e-02,1.220914959907531738e+00,1.131578564643859863e+00,-1.579881012439727783e-01,1.183104872703552246e+00
-8.198919892311096191e-02,-2.859281301498413086e-01,-6.920844912528991699e-01,-6.554552912712097168e-01,-1.062997579574584961e+00,-1.374851584434509277e+00,-1.355573415756225586e+00,-1.389039993286132812e+00,-6.421474814414978027e-01,5.175521597266197205e-03,-1.212086081504821777e+00,5.072339996695518494e-02,-5.456880331039428711e-01,-1.029759049415588379e+00,-2.818011641502380371e-01,-2.223558425903320312e-01,-7.292212247848510742e-01,-1.412041902542114258e+00,-5.040004849433898926e-01,-8.732813596725463867e-02,-8.131380677223205566e-01,-1.666935831308364868e-01,-6.834734678268432617e-01,-2.563878595829010010e-01,-1.319983452558517456e-01,-8.253641128540039062e-01,-5.650383830070495605e-01,-3.925068378448486328e-01,-1.124382734298706055e+00,-6.448095440864562988e-01,-4.148537814617156982e-01,-1.469386070966720581e-01
-7.688643336296081543e-01,-7.689178586006164551e-01,-8.041282296180725098e-01,-2.375161051750183105e-01,-6.151630282402038574e-01,-4.020107090473175049e-01,-3.952144831418991089e-02,-6.820027232170104980e-01,-4.376226365566253662e-01,2.857636809349060059e-01,-2.466441839933395386e-01,-9.360378980636596680e-01,6.425390839576721191e-01,1.344033479690551758e-01,-1.027185797691345215e+00,-4.173656105995178223e-01,1.075894355773925781e+00,-3.510826230049133301e-01,5.119715332984924316e-01,1.022324264049530029e-01,-3.014183342456817627e-01,-8.616018295288085938e-02,7.653202414512634277e-01,-1.798115298151969910e-02,1.746281027793884277e+00,-8.337971568107604980e-01,1.175783872604370117e+00,-8.803109526634216309e-01,-2.425280064344406128e-01,1.416753791272640228e-02,-1.793955087661743164e+00,-2.819436490535736084e-01
8.268309235572814941e-01,7.808925509452819824e-01,5.363082885742187500e-01,4.133216738700866699e-01,-1.571974903345108032e-01,9.689906984567642212e-02,-1.500346809625625610e-01,-1.035313010215759277e+00,-9.225145578384399414e-01,2.369105070829391479e-01,-1.567263245582580566e+00,-7.166069149971008301e-01,-3.205414116382598877e-01,-6.862228512763977051e-01,-1.108177900314331055e-01,-1.981947869062423706e-01,-3.929619491100311279e-01,-1.156554102897644043e+00,-4.602058827877044678e-01,-6.142541170120239258e-01,-1.617130994796752930e+00,-4.276899397373199463e-01,-1.185959696769714355e+00,-8.834545016288757324e-01,-4.358332455158233643e-01,-8.197382688522338867e-01,-6.678074598312377930e-01,3.210041224956512451e-01,-9.441696405410766602e-01,-6.192527413368225098e-01,2.588100135326385498e-01,6.980414390563964844e-01
-9.643520116806030273e-01,-1.071864008903503418e+00,-6.136178970336914062e-01,-7.320645451545715332e-01,-3.066421449184417725e-01,6.335139274597167969e-01,-1.113990902900695801e+00,-9.275057315826416016e-01,-2.279703170061111450e-01,3.742290139198303223e-01,-4.808888733386993408e-01,-9.027899503707885742e-01,-5.451697111129760742e-01,-2.123347073793411255e-01,-8.614436984062194824e-01,-6.437546014785766602e-01,6.011810898780822754e-01,-1.434608101844787598e+00,-7.635995745658874512e-01,-9.293498843908309937e-02,-1.153588771820068359e+00,-8.514483571052551270e-01,1.271174430847167969e+00,3.907041624188423157e-02,1.105777978897094727e+00,-6.480028629302978516e-01,2.716426551342010498e-01,4.958186298608779907e-02,-1.416161298751831055e+00,-9.809464812278747559e-01,-9.703796505928039551e-01,-4.996742904186248779e-01
-7.037152647972106934e-01,-7.385089397430419922e-01,-3.705052137374877930e-01,-8.555765748023986816e-01,-7.169727683067321777e-01,-8.868095278739929199e-01,-1.168831586837768555e+00,-1.053984761238098145e+00,-9.424504041671752930e-01,-5.553722381591796875e-01,1.933379471302032471e-01,-1.046301841735839844e+00,-4.613012447953224182e-02,6.430865526199340820e-01,-1.755521595478057861e-01,-6.797260046005249023e-01,1.073387503623962402e+00,-7.901563495397567749e-02,-4.116549789905548096e-01,-8.869238942861557007e-02,-5.594567656517028809e-01,-1.284638881683349609e+00,6.009698510169982910e-01,-2.600800395011901855e-01,1.978735923767089844e-01,-1.098709225654602051e+00,-4.587288796901702881e-01,5.452921986579895020e-01,-1.672019660472869873e-01,-7.164489030838012695e-01,-1.612203121185302734e+00,-6.439771652221679688e-01
9.100577831268310547e-01,8.575111031532287598e-01,7.945641279220581055e-01,6.063916683197021484e-01,-6.033197045326232910e-01,2.707256376743316650e-01,-6.336156725883483887e-01,-1.541713595390319824e+00,-6.554162502288818359e-01,-7.527375221252441406e-01,-1.150256872177124023e+00,-5.687947273254394531e-01,-1.090734362602233887e+00,-3.171757459640502930e-01,7.084388136863708496e-01,-2.429737895727157593e-01,-5.490473508834838867e-01,-1.201892137527465820e+00,-8.708134293556213379e-01,-2.333350330591201782e-01,-1.556791782379150391e+00,-5.240486860275268555e-01,-4.688780605792999268e-01,-4.477348625659942627e-01,-3.367594778537750244e-01,-1.294561386108398438e+00,-5.472563505172729492e-01,9.979514479637145996e-01,-6.552113890647888184e-01,-7.203467488288879395e-01,1.969242654740810394e-02,1.912484914064407349e-01
1.624871253967285156e+00,1.291359663009643555e+00,1.253382802009582520e+00,1.380422949790954590e+00,1.331897974014282227e+00,1.770982742309570312e+00,1.209821343421936035e+00,-1.577525436878204346e-01,3.152156248688697815e-02,1.025060892105102539e+00,6.587120294570922852e-01,-9.078262001276016235e-02,1.147514581680297852e+00,9.597442150115966797e-01,1.498739957809448242e+00,2.522273547947406769e-02,7.867938876152038574e-01,6.060413122177124023e-01,2.862395048141479492e-01,2.824561297893524170e-01,3.430457711219787598e-01,-3.413043171167373657e-02,1.858935117721557617e+00,8.371874094009399414e-01,1.959742903709411621e+00,-6.635701656341552734e-01,1.586174249649047852e+00,1.125512599945068359e+00,4.527544081211090088e-01,1.931899338960647583e-01,2.841857969760894775e-01,1.239929437637329102e+00
-1.761114150285720825e-01,-8.076743036508560181e-02,-2.019768953323364258e-01,1.194404363632202148e-01,1.031344056129455566e+00,4.686584472656250000e-01,1.590597629547119141e+00,2.458520829677581787e-01,-5.291343331336975098e-01,1.382278919219970703e+00,-2.254296690225601196e-01,2.385370619595050812e-02,1.055180311203002930e+00,-4.887677356600761414e-02,6.880078315734863281e-01,-1.543141454458236694e-01,2.142895758152008057e-01,5.024704709649085999e-02,2.809759676456451416e-01,-2.823614776134490967e-01,-5.511925816535949707e-01,-3.607726693153381348e-01,6.203297972679138184e-01,7.565851509571075439e-02,5.899552106857299805e-01,3.131747841835021973e-01,8.854660391807556152e-01,2.459706664085388184e-01,5.281070470809936523e-01,3.097922205924987793e-01,-7.297830581665039062e-01,-4.846276342868804932e-01
-8.754441738128662109e-01,-1.007269978523254395e+00,-6.425158381462097168e-01,-5.574645400047302246e-01,-2.213131487369537354e-01,2.529541850090026855e-01,-2.711195945739746094e-01,-3.834013044834136963e-01,-1.128396272659301758e+00,1.005321741104125977e+00,-8.976651430130004883e-01,-5.033377408981323242e-01,-6.922233700752258301e-01,-1.337194740772247314e-01,-6.588150560855865479e-02,-4.099275767803192139e-01,-5.555431246757507324e-01,-2.003787040710449219e+00,-1.043554425239562988e+00,-1.060026645660400391e+00,-2.526040077209472656e+00,-1.174988627433776855e+00,-4.150022864341735840e-01,-1.174010753631591797e+00,-5.675576329231262207e-01,-9.046915769577026367e-01,-8.227743506431579590e-01,1.066280841827392578e+00,-1.480604887008666992e+00,-2.089469909667968750e+00,-6.034856438636779785e-01,-1.918711066246032715e-01
-4.200297892093658447e-01,-2.169863730669021606e-01,-1.427670121192932129e-01,3.400333523750305176e-01,-9.680607318878173828e-01,1.889048218727111816e-01,-2.736646234989166260e-01,-1.150992274284362793e+00,-7.460146546363830566e-01,5.278497189283370972e-02,-1.311901360750198364e-01,-1.631850361824035645e+00,4.182810187339782715e-01,-1.767418086528778076e-01,-1.435053825378417969e+00,-7.105335593223571777e-01,3.595809042453765869e-01,-1.750112056732177734e+00,1.589004397392272949e-01,-4.610632061958312988e-01,-2.314771413803100586e+00,-6.371615529060363770e-01,-6.464853882789611816e-02,-2.855457067489624023e+00,6.037042140960693359e-01,-3.411528468132019043e-01,-1.804550528526306152e+00,-4.768978059291839600e-01,-2.448242425918579102e+00,-2.618340730667114258e+00,-2.002429008483886719e+00,-1.120074868202209473e+00
7.255465537309646606e-02,-2.104027569293975830e-01,-4.509514570236206055e-02,-5.236408710479736328e-01,-4.879543483257293701e-01,-1.338075846433639526e-01,-3.043029308319091797e-01,-1.271637797355651855e+00,-1.172312498092651367e+00,-7.044994831085205078e-01,-1.138830900192260742e+00,-1.320511221885681152e+00,-1.142306804656982422e+00,-3.197973072528839111e-01,-3.075327277183532715e-01,-5.709949731826782227e-01,-3.842171430587768555e-01,-8.874757289886474609e-01,-7.569262981414794922e-01,-5.930963158607482910e-01,-1.018057703971862793e+00,-1.073183417320251465e+00,3.551788032054901123e-01,6.084179282188415527e-01,1.314243823289871216e-01,-7.292172312736511230e-01,4.502126574516296387e-01,-7.927899807691574097e-02,-1.351132392883300781e-01,-9.128040820360183716e-02,-3.040610253810882568e-01,-1.265996485017240047e-03
1.019457817077636719e+00,8.513994812965393066e-01,1.179364085197448730e+00,8.586018085479736328e-01,5.901446342468261719e-01,9.728977680206298828e-01,4.971626996994018555e-01,-4.121747016906738281e-01,-2.592048346996307373e-01,7.606278657913208008e-01,-3.773475289344787598e-01,-8.357455730438232422e-01,-6.266687065362930298e-02,1.301342844963073730e-01,8.179907798767089844e-01,-3.860366344451904297e-01,5.607113614678382874e-02,4.480296373367309570e-01,-1.698820292949676514e-01,-2.022016048431396484e-01,6.798096001148223877e-02,-3.745871484279632568e-01,1.889927744865417480e+00,1.379062533378601074e+00,1.209117293357849121e+00,-5.884534120559692383e-01,4.165463745594024658e-01,1.001265525817871094e+00,1.678671538829803467e-01,-6.634692549705505371e-01,9.902714937925338745e-02,1.508818846195936203e-02
2.987807393074035645e-01,-9.977298974990844727e-02,8.446213006973266602e-01,2.193873524665832520e-01,6.175174117088317871e-01,-1.586914360523223877e-01,5.321569442749023438e-01,-5.174031257629394531e-01,-8.049610257148742676e-01,4.577728733420372009e-02,-1.448021233081817627e-01,-1.150706887245178223e+00,-1.190769299864768982e-01,2.359596937894821167e-01,-7.454242110252380371e-01,-9.637221097946166992e-01,7.470008134841918945e-01,2.358122915029525757e-01,7.283293455839157104e-02,-2.589719928801059723e-02,-5.885107517242431641e-01,-8.530624508857727051e-01,9.573071599006652832e-01,-6.905221343040466309e-01,7.538998126983642578e-01,-1.286524415016174316e+00,-3.693721294403076172e-01,-5.749351978302001953e-01,4.670958817005157471e-01,-2.491828054189682007e-01,-1.013520121574401855e+00,-2.884396612644195557e-01
-5.931992530822753906e-01,-8.016372323036193848e-01,-3.855969309806823730e-01,9.041625261306762695e-02,2.106589078903198242e-01,4.450263679027557373e-01,4.612874984741210938e-02,-4.923348128795623779e-01,-2.915353178977966309e-01,5.184882879257202148e-01,-6.431794762611389160e-01,-8.309546113014221191e-01,-1.110578417778015137e+00,6.467753648757934570e-01,3.546446263790130615e-01,-5.926746129989624023e-01,1.966453045606613159e-01,-7.865799069404602051e-01,-1.116690397262573242e+00,-6.873325258493423462e-02,-1.400786995887756348e+00,-1.024580240249633789e+00,7.134031653404235840e-01,4.979444146156311035e-01,-1.968691498041152954e-01,-1.689119458198547363e+00,-1.562906056642532349e-02,8.483285903930664062e-01,-4.282222390174865723e-01,-5.429968237876892090e-01,-1.866542845964431763e-01,9.990995377302169800e-02
2.584861218929290771e-01,1.359456628561019897e-01,-3.545136749744415283e-01,-4.973234832286834717e-01,-1.427572011947631836e+00,-6.050264835357666016e-01,-1.076892137527465820e+00,-6.656959652900695801e-01,-5.807613134384155273e-01,9.273946285247802734e-01,6.604644060134887695e-01,-8.642314672470092773e-01,6.745759248733520508e-01,1.095929741859436035e+00,5.050190091133117676e-01,-6.200709342956542969e-01,1.096032500267028809e+00,-2.057698927819728851e-02,-3.416349589824676514e-01,2.761000990867614746e-01,3.726264536380767822e-01,-7.908882498741149902e-01,1.592386841773986816e+00,4.564125537872314453e-01,1.448629260063171387e+00,-1.076013445854187012e+00,3.598989844322204590e-01,-8.963292092084884644e-02,-5.659430027008056641e-01,-7.831814885139465332e-01,-1.504235506057739258e+00,-8.503553271293640137e-01
1.057885885238647461e-01,-5.085540562868118286e-02,2.050877809524536133e-01,4.343391954898834229e-01,1.246164739131927490e-01,-1.729351580142974854e-01,3.395663201808929443e-01,-9.931833744049072266e-01,-1.832399606704711914e+00,4.157669246196746826e-01,-2.373335063457489014e-01,-1.128830075263977051e+00,-2.134721428155899048e-01,1.607535034418106079e-01,5.184880495071411133e-01,-7.876968979835510254e-01,3.429677188396453857e-01,3.579416275024414062e-01,-7.796470820903778076e-02,-5.073769390583038330e-02,-1.567995846271514893e-01,-2.079837322235107422e-01,4.739300608634948730e-01,6.301747262477874756e-02,6.309022307395935059e-01,-6.218768358230590820e-01,6.138553023338317871e-01,3.739001154899597168e-01,4.119383990764617920e-01,3.812380731105804443e-01,-6.888194680213928223e-01,6.850286722183227539e-01
1.215331077575683594e+00,1.080186724662780762e+00,9.641722440719604492e-01,1.936818480491638184e+00,8.330040574073791504e-01,9.286113381385803223e-01,1.473623871803283691e+00,-1.876295804977416992e-01,-6.785094738006591797e-01,1.679436683654785156e+00,-4.650554358959197998e-01,-3.046001493930816650e-01,-6.300377845764160156e-01,2.713350057601928711e-01,4.943782985210418701e-01,-4.311297535896301270e-01,-7.346407976001501083e-03,-7.971819043159484863e-01,-8.931389451026916504e-01,-4.050656259059906006e-01,-8.776142001152038574e-01,-1.003101110458374023e+00,4.455888271331787109e-01,1.142262101173400879e+00,-2.118052244186401367e-01,-6.817873716354370117e-01,1.130395770072937012e+00,2.251361131668090820e+00,-6.607457995414733887e-01,2.389545291662216187e-01,-3.244015574455261230e-01,6.549145579338073730e-01
5.922659635543823242e-01,5.856942534446716309e-01,1.050326108932495117e+00,1.086200594902038574e+00,4.963493049144744873e-01,1.141148209571838379e+00,9.231622815132141113e-01,-1.483378559350967407e-01,-4.168126583099365234e-01,1.975979447364807129e+00,5.814299583435058594e-01,-4.832504093647003174e-01,6.469817757606506348e-01,1.007191061973571777e+00,-1.701724529266357422e-01,-6.002634167671203613e-01,1.242619156837463379e+00,-6.901913881301879883e-01,-5.231244117021560669e-02,4.087089002132415771e-01,-9.622288942337036133e-01,-3.983477056026458740e-01,6.866862177848815918e-01,-9.000380039215087891e-01,1.507695198059082031e+00,-7.919232845306396484e-01,-5.480218529701232910e-01,1.579774737358093262e+00,-1.473553895950317383e+00,-2.484364211559295654e-01,-8.151833415031433105e-01,2.721892595291137695e-01
1.165967106819152832e+00,1.133725285530090332e+00,1.263795256614685059e+00,1.276586532592773438e+00,5.220098420977592468e-02,6.209771633148193359e-01,1.105523824691772461e+00,-8.159482479095458984e-01,-1.273635506629943848e+00,8.710924386978149414e-01,-7.427912354469299316e-01,-8.521963953971862793e-01,-1.446842104196548462e-01,4.690698981285095215e-01,-9.869369864463806152e-02,-5.271143317222595215e-01,5.964316725730895996e-01,-2.048096209764480591e-01,-3.629196286201477051e-01,-1.114983260631561279e-01,-6.051349043846130371e-01,-4.692145586013793945e-01,-2.176051028072834015e-02,-2.720118686556816101e-02,1.020896792411804199e+00,-1.119349122047424316e+00,1.499592512845993042e-01,1.021041989326477051e+00,5.773842800408601761e-03,4.554068744182586670e-01,-1.638044267892837524e-01,8.399990797042846680e-01
5.331428050994873047e-01,5.987870097160339355e-01,5.822518467903137207e-01,1.212123632431030273e+00,1.053556203842163086e+00,1.610034227371215820e+00,1.293220162391662598e+00,9.982285648584365845e-02,2.020720094442367554e-01,1.710917830467224121e+00,-4.738704860210418701e-01,1.548109948635101318e-01,-7.561243325471878052e-02,4.038524925708770752e-01,8.771674036979675293e-01,-3.245472013950347900e-01,9.289339929819107056e-02,-2.859809398651123047e-01,-6.960235834121704102e-01,-1.718015819787979126e-01,-7.419874072074890137e-01,-7.233126759529113770e-01,8.682706356048583984e-01,5.577703118324279785e-01,1.080927968025207520e+00,-5.438830256462097168e-01,8.311630487442016602e-01,1.889590978622436523e+00,-1.011273860931396484e+00,-5.275161862373352051e-01,-8.640737533569335938e-01,-2.976129651069641113e-01
6.437399983406066895e-01,9.189003109931945801e-01,1.025541782379150391e+00,1.341890931129455566e+00,8.271061778068542480e-01,1.758445978164672852e+00,1.857214450836181641e+00,3.806534707546234131e-01,-2.033506184816360474e-01,2.735122919082641602e+00,9.338457584381103516e-01,-6.588702797889709473e-01,1.964158535003662109e+00,1.135273694992065430e+00,7.111286520957946777e-01,-2.305728644132614136e-01,1.112871289253234863e+00,2.579766511917114258e-01,2.982487678527832031e-01,5.015019774436950684e-01,-2.552039027214050293e-01,-4.701613634824752808e-02,1.482043623924255371e+00,-2.935391664505004883e-01,2.669447660446166992e+00,-1.619512140750885010e-01,2.765386924147605896e-02,2.177042484283447266e+00,-8.474510908126831055e-01,-5.699082016944885254e-01,-1.292570948600769043e+00,3.182839751243591309e-01
7.116078138351440430e-01,4.643071293830871582e-01,5.070761442184448242e-01,6.600727438926696777e-01,-6.604197621345520020e-02,9.481846094131469727e-01,4.538481533527374268e-01,-6.856627464294433594e-01,-3.128671646118164062e-01,-4.089598357677459717e-02,-8.573602437973022461e-01,-5.198895931243896484e-01,-4.508238434791564941e-01,-1.614270210266113281e-01,5.158179625868797302e-02,-1.003795742988586426e+00,-4.309892654418945312e-02,-4.151848256587982178e-01,-8.879083395004272461e-01,-5.133149623870849609e-01,-1.170490622520446777e+00,-8.306905627250671387e-01,1.265262514352798462e-01,-1.569700390100479126e-01,6.705708503723144531e-01,-4.196125268936157227e-01,3.285930454730987549e-01,6.985107660293579102e-01,-6.122135519981384277e-01,-5.628036856651306152e-01,-7.726244926452636719e-01,-1.300157666206359863e+00
1.242640495300292969e+00,1.574753642082214355e+00,1.302000164985656738e+00,1.139517664909362793e+00,1.172679066658020020e-01,1.200399041175842285e+00,-2.670083642005920410e-01,-7.563630938529968262e-01,-2.941708266735076904e-01,3.260712325572967529e-01,-6.835197657346725464e-02,-3.583972454071044922e-01,1.416236758232116699e-01,1.479048281908035278e-01,1.130547165870666504e+00,-5.497488379478454590e-01,2.281510829925537109e-01,8.596085906028747559e-01,-6.290141344070434570e-01,-1.972019672393798828e-01,3.678671121597290039e-01,-7.254498004913330078e-01,1.129850625991821289e+00,6.507424712181091309e-01,7.521648406982421875e-01,-6.925907135009765625e-01,1.224520921707153320e+00,5.673755407333374023e-01,8.769854903221130371e-02,-3.767874091863632202e-02,-1.843277662992477417e-01,-1.545345932245254517e-01
2.756975650787353516e+00,2.385160684585571289e+00,2.619554996490478516e+00,1.881522417068481445e+00,1.167922735214233398e+00,1.146269083023071289e+00,1.510208725929260254e+00,-1.023983836174011230e+00,-7.947974205017089844e-01,2.563421130180358887e-01,-3.568941652774810791e-01,-7.788025736808776855e-01,1.018614321947097778e-01,-2.268619984388351440e-01,1.251175045967102051e+00,-5.223461985588073730e-01,2.584711313247680664e-01,1.722313523292541504e+00,-3.921687304973602295e-01,2.562119439244270325e-02,7.450326681137084961e-01,-2.672724127769470215e-01,6.492323279380798340e-01,1.453386068344116211e+00,9.107611775398254395e-01,-7.890229672193527222e-02,1.266400456428527832e+00,1.239719867706298828e+00,1.446813225746154785e+00,1.456727027893066406e+00,8.756233453750610352e-01,1.143568396568298340e+00
1.756609916687011719e+00,1.434882640838623047e+00,2.122017145156860352e+00,1.626013994216918945e+00,1.922613382339477539e+00,1.710404157638549805e+00,1.338614702224731445e+00,8.695084601640701294e-02,9.756550192832946777e-02,1.143522858619689941e+00,-4.388138651847839355e-01,8.710282444953918457e-01,-6.601988077163696289e-01,2.943071722984313965e-01,1.820236206054687500e+00,-3.983621597290039062e-01,-1.844077259302139282e-01,9.629050493240356445e-01,-1.001051068305969238e+00,8.370063453912734985e-02,-3.582431003451347351e-02,-7.304363846778869629e-01,1.009534835815429688e+00,2.230038404464721680e+00,5.145443677902221680e-01,-8.710235357284545898e-02,2.111613750457763672e+00,1.662616968154907227e+00,7.856683135032653809e-01,1.344050168991088867e-01,6.425879597663879395e-01,8.395009636878967285e-01
1.377239972352981567e-01,2.290605008602142334e-02,5.161002874374389648e-01,-2.705891132354736328e-01,3.111131191253662109e-01,6.956666707992553711e-01,1.681191101670265198e-02,9.393303841352462769e-02,-1.519975997507572174e-02,6.451481580734252930e-01,3.164387941360473633e-01,-1.053141832351684570e+00,5.022111535072326660e-01,-2.368715405464172363e-01,-1.201294183731079102e+00,-1.443890094757080078e+00,3.045601844787597656e-01,-2.526070177555084229e-01,-5.148766636848449707e-01,-3.871331810951232910e-01,-1.083012700080871582e+00,-1.465381383895874023e+00,9.354510903358459473e-01,-5.961940884590148926e-01,6.593003273010253906e-01,-4.185467362403869629e-01,3.298529386520385742e-01,-4.400200843811035156e-01,-4.314417541027069092e-01,-1.185788393020629883e+00,-1.703569412231445312e+00,-1.951647758483886719e+00
-6.512064337730407715e-01,-8.745788335800170898e-01,-5.148405432701110840e-01,-8.404048085212707520e-01,-1.199290871620178223e+00,-6.511147320270538330e-02,-9.507172107696533203e-01,-1.857973217964172363e+00,-1.383139014244079590e+00,-8.875818848609924316e-01,-2.231612920761108398e+00,-1.640335559844970703e+00,-2.020988225936889648e+00,-1.668193221092224121e+00,-7.615633010864257812e-01,-1.426061391830444336e+00,-1.363403081893920898e+00,-1.557433128356933594e+00,-2.126582145690917969e+00,-1.368758440017700195e+00,-2.281752824783325195e+00,-2.004128217697143555e+00,-7.881675958633422852e-01,-7.019741535186767578e-01,-1.379779815673828125e+00,-1.657012224197387695e+00,-3.727052733302116394e-02,-1.839987486600875854e-01,-4.718586504459381104e-01,-8.721950650215148926e-01,-2.536916434764862061e-01,-6.076160669326782227e-01
2.138658046722412109e+00,2.381732225418090820e+00,1.329766869544982910e+00,1.322715878486633301e+00,8.638252019882202148e-01,1.417430996894836426e+00,6.604119539260864258e-01,-4.452612996101379395e-01,2.512070238590240479e-01,6.793039441108703613e-01,1.527586672455072403e-02,-4.500745534896850586e-01,-1.626154780387878418e-01,-4.482529684901237488e-02,9.556674957275390625e-01,-8.383874297142028809e-01,5.276525393128395081e-02,7.246627211570739746e-01,-7.141395807266235352e-01,-8.049265742301940918e-01,8.771162033081054688e-01,-1.152679920196533203e+00,1.823069691658020020e+00,1.435822129249572754e+00,1.461947798728942871e+00,-9.920210838317871094e-01,1.281104564666748047e+00,3.164769709110260010e-01,7.070961594581604004e-01,4.097390174865722656e-01,3.760173320770263672e-01,5.151775479316711426e-01
2.891229987144470215e-01,4.461462497711181641e-01,9.194627404212951660e-01,8.449085950851440430e-01,7.872716784477233887e-01,7.975728511810302734e-01,1.493543744087219238e+00,1.157805547118186951e-01,-1.169259548187255859e+00,4.192439913749694824e-01,-3.557259142398834229e-01,-1.273135662078857422e+00,2.667599618434906006e-01,-1.307559907436370850e-01,5.508255586028099060e-02,-8.961138725280761719e-01,1.783050596714019775e-01,1.207771226763725281e-01,-3.967207968235015869e-01,-7.211944460868835449e-01,-5.344535112380981445e-01,-4.132172167301177979e-01,7.212259173393249512e-01,3.179242908954620361e-01,4.011998176574707031e-01,-6.518175005912780762e-01,6.694022417068481445e-01,4.623633325099945068e-01,3.852510154247283936e-01,1.555802971124649048e-01,-4.205537736415863037e-01,-7.670071125030517578e-01
3.960478007793426514e-01,4.290288090705871582e-01,1.130720898509025574e-01,1.632724106311798096e-01,8.214936852455139160e-01,9.915037155151367188e-01,6.692461967468261719e-01,7.147064208984375000e-01,9.810042381286621094e-02,1.529640793800354004e+00,-9.405809640884399414e-01,-7.131580263376235962e-02,-5.887699723243713379e-01,-6.208500266075134277e-01,1.460429430007934570e-01,-8.404667973518371582e-01,-7.097661495208740234e-01,-5.904616117477416992e-01,-1.366566181182861328e+00,-7.432038784027099609e-01,-9.594613909721374512e-01,-1.118792891502380371e+00,7.950587868690490723e-01,8.410465121269226074e-01,3.640748932957649231e-02,-1.295178681612014771e-01,9.351441264152526855e-01,1.455365300178527832e+00,-1.117118835449218750e+00,-9.706906080245971680e-01,-5.606109499931335449e-01,-7.847310304641723633e-01
-3.511475026607513428e-01,-3.350444436073303223e-01,-6.849371790885925293e-01,-4.498293697834014893e-01,-4.364430308341979980e-01,3.733904957771301270e-01,6.091931462287902832e-01,-2.324507683515548706e-01,-3.643115162849426270e-01,5.365290641784667969e-01,-1.850716322660446167e-01,-7.210659384727478027e-01,4.000042080879211426e-01,-3.780929744243621826e-01,-4.619221091270446777e-01,-1.176045417785644531e+00,1.519739776849746704e-01,1.679278165102005005e-01,-4.847580194473266602e-01,-8.187505602836608887e-01,-2.885096967220306396e-01,-8.132781982421875000e-01,8.752215504646301270e-01,-1.626230478286743164e-01,7.050738334655761719e-01,-1.105092167854309082e+00,2.797123491764068604e-01,-2.792418599128723145e-01,-2.760801613330841064e-01,-2.791765034198760986e-01,-1.104902982711791992e+00,-1.233848452568054199e+00
-8.441377282142639160e-01,-6.425122022628784180e-01,-7.220622301101684570e-01,-3.667601644992828369e-01,-4.371564984321594238e-01,-4.417262226343154907e-02,-5.484060049057006836e-01,-6.117866635322570801e-01,-5.072936415672302246e-01,-1.288129836320877075e-01,-1.319141030311584473e+00,-1.557634025812149048e-01,-9.285014271736145020e-01,-7.195982933044433594e-01,5.141170024871826172e-01,-7.975786924362182617e-01,-7.899386286735534668e-01,-6.991962790489196777e-01,-1.328641176223754883e+00,-7.706151604652404785e-01,-6.553138494491577148e-01,-1.112255334854125977e+00,-3.737027198076248169e-02,3.367606997489929199e-01,-7.338502407073974609e-01,-9.074229598045349121e-01,7.431458830833435059e-01,1.084963440895080566e+00,-4.110071361064910889e-01,-2.454508692026138306e-01,-8.297574520111083984e-01,-6.658518910408020020e-01
3.436810374259948730e-01,6.702379584312438965e-01,-6.144663691520690918e-02,1.466221809387207031e-01,-5.859114527702331543e-01,-1.922618597745895386e-01,-5.465950965881347656e-01,-1.134606599807739258e+00,-1.042338252067565918e+00,4.882509708404541016e-01,-5.415143966674804688e-01,-6.552626490592956543e-01,-1.933812350034713745e-01,-6.470550894737243652e-01,6.159554719924926758e-01,-7.144975662231445312e-01,-1.807989776134490967e-01,-7.467585206031799316e-01,-7.468735575675964355e-01,-3.403936028480529785e-01,-4.682728648185729980e-01,-5.251578092575073242e-01,4.605536758899688721e-01,-2.580775022506713867e-01,8.612959980964660645e-01,-1.328456521034240723e+00,-4.238665103912353516e-01,6.428638696670532227e-01,-1.410626888275146484e+00,-9.187613725662231445e-01,-9.573344588279724121e-01,-9.090270102024078369e-02
7.992780208587646484e-01,9.767119884490966797e-01,1.531435251235961914e+00,1.243217706680297852e+00,7.539058923721313477e-01,7.536846995353698730e-01,1.450327038764953613e+00,-2.945585250854492188e-01,-1.068928003311157227e+00,2.737008333206176758e-01,-2.161366939544677734e-01,-8.391944766044616699e-01,-2.564430050551891327e-02,9.586769342422485352e-02,-4.379705786705017090e-01,-1.198390960693359375e+00,5.756103992462158203e-01,8.355824947357177734e-01,-1.512126624584197998e-01,-3.495727777481079102e-01,7.731864452362060547e-01,-4.536326825618743896e-01,1.054023146629333496e+00,8.347051143646240234e-01,1.247181415557861328e+00,-3.547632992267608643e-01,1.465686917304992676e+00,4.277708232402801514e-01,1.847682833671569824e+00,1.084169149398803711e+00,-8.589886128902435303e-02,3.694219291210174561e-01
1.700022935867309570e+00,1.696016550064086914e+00,1.615506649017333984e+00,1.711153149604797363e+00,1.629669547080993652e+00,2.097886562347412109e+00,1.608608603477478027e+00,6.353796720504760742e-01,-3.836732506752014160e-01,8.587754964828491211e-01,-1.154319167137145996e+00,3.872439265251159668e-01,-8.578130006790161133e-01,-4.521386325359344482e-01,1.362131237983703613e+00,-7.778968214988708496e-01,-1.070977449417114258e+00,9.241027832031250000e-01,-1.402198672294616699e+00,-7.760170102119445801e-01,6.093292683362960815e-02,-1.313413023948669434e+00,1.466660737991333008e+00,2.175010204315185547e+00,-1.528957933187484741e-01,-4.829474985599517822e-01,1.753229737281799316e+00,7.106192111968994141e-01,5.023509263992309570e-01,1.189022660255432129e+00,1.688480138778686523e+00,1.031932473182678223e+00
1.163573026657104492e+00,1.235386371612548828e+00,3.053306341171264648e-01,6.151944398880004883e-01,-6.038191169500350952e-02,1.445368409156799316e+00,7.369098067283630371e-01,-4.606671631336212158e-01,4.700574874877929688e-01,1.855564951896667480e+00,3.597794175148010254e-01,5.680010318756103516e-01,1.025401830673217773e+00,3.938844203948974609e-01,1.214802742004394531e+00,-4.026842713356018066e-01,8.574418425559997559e-01,6.197593212127685547e-01,-1.243548616766929626e-01,2.265926152467727661e-01,2.278832197189331055e-01,-3.024308085441589355e-01,1.701249122619628906e+00,9.406937956809997559e-01,1.858008027076721191e+00,8.301397413015365601e-02,2.064311981201171875e+00,1.085873126983642578e+00,-3.103241026401519775e-01,-4.261318966746330261e-02,-7.471655607223510742e-01,-2.149703651666641235e-01
2.878447771072387695e-01,6.150348782539367676e-01,4.858911931514739990e-01,2.724542915821075439e-01,-1.053794026374816895e+00,-3.845237195491790771e-01,6.066481024026870728e-02,-9.856606125831604004e-01,-6.219637393951416016e-01,1.885922700166702271e-01,-2.878164350986480713e-01,-1.053834557533264160e+00,-2.581830620765686035e-01,4.053653180599212646e-01,-1.146132469177246094e+00,-8.411075472831726074e-01,9.247194528579711914e-01,-3.235094547271728516e-01,-7.382305860519409180e-01,-3.881583213806152344e-01,-6.432766914367675781e-01,-7.402561902999877930e-01,-7.814435660839080811e-02,-6.731459498405456543e-02,-3.505085036158561707e-02,-8.298776745796203613e-01,6.235995292663574219e-01,7.653347253799438477e-01,-4.288075864315032959e-01,4.968175292015075684e-01,-1.616258025169372559e+00,-9.009951949119567871e-01
-1.375616807490587234e-02,-8.198477444238960743e-04,-3.868567049503326416e-01,2.657214105129241943e-01,-7.338816523551940918e-01,-2.711428999900817871e-01,-5.143661499023437500e-01,-1.346865296363830566e+00,-1.589464426040649414e+00,2.840786278247833252e-01,-1.508929967880249023e+00,-8.568863272666931152e-01,-1.437660455703735352e+00,-9.944045543670654297e-01,6.159950494766235352e-01,-8.712617754936218262e-01,-1.219258904457092285e+00,-2.542727887630462646e-01,-1.382817864418029785e+00,-9.827293157577514648e-01,-2.256232500076293945e-01,-1.415614962577819824e+00,-2.761148214340209961e-01,9.269263148307800293e-01,-2.865638434886932373e-01,-1.167862296104431152e+00,5.981943607330322266e-01,2.198616743087768555e+00,-4.487366676330566406e-01,-1.449511945247650146e-01,-8.050297498703002930e-01,-4.931367635726928711e-01
1.206728458404541016e+00,1.367555737495422363e+00,1.437799811363220215e+00,8.487754464149475098e-01,4.980853796005249023e-01,1.376729249954223633e+00,8.443886041641235352e-01,-5.052068233489990234e-01,-6.942050457000732422e-01,1.114729762077331543e+00,5.462494120001792908e-02,-6.327798217535018921e-02,1.138690859079360962e-01,1.839225552976131439e-02,9.937604665756225586e-01,-1.043517708778381348e+00,7.137937545776367188e-01,7.290524840354919434e-01,-4.235654175281524658e-01,-3.450857102870941162e-01,1.497611254453659058e-01,-1.135240435600280762e+00,3.854906558990478516e-01,1.956023871898651123e-01,1.468548417091369629e+00,-3.242751657962799072e-01,1.360557556152343750e+00,7.622155547142028809e-01,-4.953531324863433838e-01,-7.385088503360748291e-02,-3.067365586757659912e-01,-7.226557284593582153e-02
8.459637761116027832e-01,9.296328425407409668e-01,6.354970335960388184e-01,8.814390301704406738e-01,-1.135151386260986328e+00,-8.178289234638214111e-02,-2.335803210735321045e-01,-1.089042186737060547e+00,-1.221656322479248047e+00,-5.582074448466300964e-02,-1.293465852737426758e+00,-5.465572476387023926e-01,-6.928033828735351562e-01,-1.544130921363830566e+00,-1.041544795036315918e+00,-1.272928357124328613e+00,-1.016040444374084473e+00,-9.439840316772460938e-01,-1.409741520881652832e+00,-1.016149640083312988e+00,-6.830559372901916504e-01,-1.010729670524597168e+00,-7.315448522567749023e-01,-1.447879076004028320e+00,-1.099464416503906250e+00,-8.569995760917663574e-01,-1.012125253677368164e+00,1.283388257026672363e+00,-1.163868308067321777e+00,-1.139650583267211914e+00,-1.522166371345520020e+00,-2.291287660598754883e+00
1.494613766670227051e+00,1.501737475395202637e+00,1.215280771255493164e+00,6.335051655769348145e-01,3.434087708592414856e-02,6.208254694938659668e-01,-4.260485619306564331e-02,-9.778000116348266602e-01,-5.949564576148986816e-01,1.140741109848022461e+00,-1.192800879478454590e+00,-2.576864063739776611e-01,-3.708180785179138184e-01,-6.238238811492919922e-01,9.219059348106384277e-01,-6.962354779243469238e-01,-7.124276161193847656e-01,4.382898509502410889e-01,-9.473156929016113281e-01,-5.662764906883239746e-01,1.928632892668247223e-02,-2.543416023254394531e-01,6.024627685546875000e-01,1.975632190704345703e+00,1.167583346366882324e+00,-3.476290106773376465e-01,1.399662137031555176e+00,2.275296449661254883e+00,3.710159659385681152e-01,-1.313365250825881958e-01,8.798775672912597656e-01,-2.059423476457595825e-01
5.789155364036560059e-01,1.056286931037902832e+00,1.629132866859436035e+00,1.260618567466735840e+00,4.106160402297973633e-01,8.540735840797424316e-01,8.261328935623168945e-01,-6.974762082099914551e-01,-4.381053745746612549e-01,1.222813963890075684e+00,-2.081624418497085571e-01,-2.521017789840698242e-01,7.471401691436767578e-01,4.370621740818023682e-01,1.079440116882324219e+00,-4.710275232791900635e-01,9.474546313285827637e-01,1.203048348426818848e+00,9.270125627517700195e-02,2.205993533134460449e-01,6.987224817276000977e-01,1.997419297695159912e-01,1.526555895805358887e+00,1.242806315422058105e+00,1.608438730239868164e+00,-5.297251343727111816e-01,1.354880094528198242e+00,1.389169454574584961e+00,4.814905822277069092e-01,6.975957155227661133e-01,-1.126805663108825684e+00,-7.696636319160461426e-01
9.049854278564453125e-01,1.048237442970275879e+00,3.537166416645050049e-01,5.050344467163085938e-01,-2.998167574405670166e-01,2.248270809650421143e-01,-8.021018505096435547e-01,-1.606625437736511230e+00,-1.053793549537658691e+00,4.982542991638183594e-01,-1.448676109313964844e+00,-1.896463483572006226e-01,-4.923508465290069580e-01,-9.232290983200073242e-01,9.874314069747924805e-01,-6.155478358268737793e-01,-9.810290336608886719e-01,-1.760998219251632690e-01,-1.459669232368469238e+00,-7.541731595993041992e-01,-5.806583166122436523e-01,-9.281223416328430176e-01,9.807755798101425171e-02,7.919216752052307129e-01,-1.914034634828567505e-01,-9.419878721237182617e-01,3.261848688125610352e-01,1.509246826171875000e+00,-1.153012394905090332e+00,-5.240883231163024902e-01,7.024463266134262085e-02,-4.940291941165924072e-01
-2.433502674102783203e-01,-2.871703207492828369e-01,1.711507290601730347e-01,-6.199711561203002930e-01,-8.696992993354797363e-01,-4.446280896663665771e-01,-1.055699884891510010e-01,-7.847198247909545898e-01,-4.792295396327972412e-01,5.974852442741394043e-01,-2.800545990467071533e-01,-1.240046381950378418e+00,4.695696011185646057e-02,-8.182533383369445801e-01,-1.191226959228515625e+00,-1.522203087806701660e+00,2.992050163447856903e-02,-4.457955658435821533e-01,-5.082100033760070801e-01,-8.146183490753173828e-01,-4.240311309695243835e-02,-1.265928030014038086e+00,1.079916000366210938e+00,-1.577001214027404785e-01,1.719239592552185059e+00,-1.388803839683532715e+00,9.539946913719177246e-01,-8.504080027341842651e-02,-2.109714299440383911e-01,-1.184654951095581055e+00,-1.804457783699035645e+00,-8.268617391586303711e-01
1.046219468116760254e+00,1.322240591049194336e+00,-3.424814343452453613e-01,3.720600306987762451e-01,-6.572805643081665039e-01,7.642489671707153320e-01,3.276731818914413452e-02,-1.318519830703735352e+00,-2.336287975311279297e+00,-4.384750127792358398e-01,-2.118787527084350586e+00,-1.771321654319763184e+00,-2.416142463684082031e+00,-1.283572196960449219e+00,-6.950290799140930176e-01,-1.622189402580261230e+00,-1.829977393150329590e+00,-4.339392781257629395e-01,-1.840375542640686035e+00,-1.667853832244873047e+00,-8.045387268066406250e-01,-1.761067271232604980e+00,-2.888821065425872803e-01,4.547646045684814453e-01,-1.024875402450561523e+00,-1.345800161361694336e+00,1.389519214630126953e+00,1.728607058525085449e+00,3.789450228214263916e-01,1.388418674468994141e-01,6.059451103210449219e-01,4.894840717315673828e-01
-7.846899628639221191e-01,3.935517668724060059e-01,-1.396895408630371094e+00,-4.576085805892944336e-01,-2.381601572036743164e+00,2.171267420053482056e-01,3.170525729656219482e-01,-1.178042650222778320e+00,-1.128291964530944824e+00,7.546365261077880859e-01,-1.184631958603858948e-01,-1.427080869674682617e+00,-3.962032198905944824e-01,-1.621709942817687988e+00,-1.840291380882263184e+00,-1.743327617645263672e+00,-9.822405576705932617e-01,-6.375730633735656738e-01,-1.350558280944824219e+00,-1.985693812370300293e+00,-2.031959444284439087e-01,-1.151742100715637207e+00,5.942100286483764648e-01,-6.285893917083740234e-01,3.982126116752624512e-01,-1.107497453689575195e+00,6.084967851638793945e-01,1.308428347110748291e-01,-1.515859842300415039e+00,-1.076815843582153320e+00,-1.649444341659545898e+00,-2.212318658828735352e+00
1.624485850334167480e+00,1.572890400886535645e+00,1.486545801162719727e+00,1.513966083526611328e+00,5.814642906188964844e-01,8.064491152763366699e-01,1.333573579788208008e+00,-6.834442019462585449e-01,-1.819522261619567871e+00,3.101568520069122314e-01,-1.860044717788696289e+00,-1.504341959953308105e+00,-2.194722652435302734e+00,-2.709930658340454102e+00,-8.351978659629821777e-01,-1.889537811279296875e+00,-3.074787616729736328e+00,7.614269852638244629e-01,-2.161266088485717773e+00,-3.018837451934814453e+00,1.940698921680450439e-01,-1.789300322532653809e+00,-4.809526503086090088e-01,1.546420812606811523e+00,-1.224875211715698242e+00,-4.698553681373596191e-01,1.623157739639282227e+00,6.792433857917785645e-01,7.034243345260620117e-01,3.609197437763214111e-01,1.007753729820251465e+00,6.715385317802429199e-01
1.479640245437622070e+00,1.487278342247009277e+00,9.623726010322570801e-01,9.356887936592102051e-01,4.020783901214599609e-01,1.624657273292541504e+00,4.965509176254272461e-01,-5.740039423108100891e-02,-3.167943060398101807e-01,1.914006948471069336e+00,-3.914728462696075439e-01,-2.784375548362731934e-01,8.243693038821220398e-03,-4.972644448280334473e-01,4.140190780162811279e-01,-1.003751754760742188e+00,-1.007727384567260742e+00,1.850890278816223145e+00,-1.127751111984252930e+00,-1.545488715171813965e+00,1.901628255844116211e+00,-6.955214142799377441e-01,1.464260220527648926e+00,2.460914611816406250e+00,1.612704277038574219e+00,-6.397736668586730957e-01,1.989722967147827148e+00,7.463706135749816895e-01,-7.300053238868713379e-01,-9.321825504302978516e-01,2.317391484975814819e-01,-5.533857345581054688e-01
1.121188640594482422e+00,1.287782073020935059e+00,5.342000722885131836e-01,9.065053462982177734e-01,-1.425003558397293091e-01,1.091001152992248535e+00,6.926653981208801270e-01,-7.908574342727661133e-01,-7.212384343147277832e-01,2.661849856376647949e-01,-1.463553667068481445e+00,-1.345490455627441406e+00,-1.128114819526672363e+00,-2.550617456436157227e+00,-4.017367362976074219e-01,-1.516938686370849609e+00,-1.845997691154479980e+00,1.322140097618103027e+00,-1.350624084472656250e+00,-2.233862161636352539e+00,3.483126461505889893e-01,-1.653454899787902832e+00,-4.573170542716979980e-01,-5.069141387939453125e-01,-1.059652209281921387e+00,-1.332003355026245117e+00,1.006256341934204102e+00,6.319142580032348633e-01,2.630424499511718750e-01,1.133209466934204102e+00,-1.521551609039306641e-01,3.340155482292175293e-01
-1.473817229270935059e-01,-1.733108460903167725e-01,-7.660261392593383789e-01,-6.648722290992736816e-01,-1.442364335060119629e+00,-4.278808087110519409e-02,-1.545154094696044922e+00,-9.982286095619201660e-01,-7.052167057991027832e-01,-6.030352115631103516e-01,-1.673070311546325684e+00,-1.774958148598670959e-02,-2.196191310882568359e+00,-2.241016149520874023e+00,1.186697743833065033e-02,-1.684715390205383301e+00,-2.783624887466430664e+00,-1.613039970397949219e-01,-2.171384572982788086e+00,-1.811621069908142090e+00,1.208603605628013611e-01,-1.648396253585815430e+00,-8.059390783309936523e-01,4.797755181789398193e-02,-1.232401967048645020e+00,-1.160553336143493652e+00,2.177542895078659058e-01,-5.090318322181701660e-01,-1.639106154441833496e+00,-1.647415161132812500e+00,4.436695277690887451e-01,-4.427874684333801270e-01
-5.473453402519226074e-01,-3.812043666839599609e-01,-5.418359041213989258e-01,-5.242322683334350586e-01,-1.897809028625488281e+00,-8.624377250671386719e-01,-5.511468052864074707e-01,-1.038252353668212891e+00,-1.580853343009948730e+00,-4.838778376579284668e-01,-1.117607593536376953e+00,-2.408589363098144531e+00,-1.149415135383605957e+00,-2.922804117202758789e+00,-3.268719434738159180e+00,-2.377659082412719727e+00,-2.223912477493286133e+00,-5.166587829589843750e-01,-1.377692699432373047e+00,-2.861892938613891602e+00,6.184266135096549988e-02,-1.826135993003845215e+00,-4.852880239486694336e-01,-9.352285265922546387e-01,-1.058439090847969055e-01,-1.012690067291259766e+00,4.415688216686248779e-01,-8.897442817687988281e-01,-6.528965830802917480e-01,-6.948037147521972656e-01,-1.842130899429321289e+00,-1.927157998085021973e+00
-5.164244174957275391e-01,-2.645623981952667236e-01,-9.943556785583496094e-01,-1.913867443799972534e-01,-7.189942598342895508e-01,1.132670268416404724e-01,-1.277900934219360352e-01,-9.871020913124084473e-01,-1.409663558006286621e+00,2.482378184795379639e-01,-2.506242275238037109e+00,-4.748662710189819336e-01,-2.565540790557861328e+00,-2.548845529556274414e+00,-3.655029088258743286e-02,-1.631637692451477051e+00,-3.251307487487792969e+00,-1.417852491140365601e-01,-2.329711914062500000e+00,-1.950302004814147949e+00,-3.059765696525573730e-01,-1.586258053779602051e+00,-1.314779043197631836e+00,-2.242428995668888092e-02,-1.927979350090026855e+00,-1.335986852645874023e+00,-2.183762639760971069e-01,-8.372164964675903320e-01,-1.819585323333740234e+00,-1.382240295410156250e+00,7.925162911415100098e-01,-5.736209750175476074e-01
-1.012985587120056152e+00,-1.696091145277023315e-01,-5.680342912673950195e-01,-4.019258320331573486e-01,-7.118597030639648438e-01,-4.491989612579345703e-01,4.817456603050231934e-01,-3.765204846858978271e-01,-9.324955344200134277e-01,1.062038421630859375e+00,-8.372343182563781738e-01,-5.531520247459411621e-01,-3.224666118621826172e-01,-2.112332582473754883e+00,-9.978743791580200195e-01,-1.653361320495605469e+00,-1.625019073486328125e+00,3.260570764541625977e-01,-1.005912661552429199e+00,-1.679714083671569824e+00,1.221722885966300964e-01,-1.096312761306762695e+00,3.275780677795410156e-01,-4.002996683120727539e-01,9.917159676551818848e-01,-5.768638253211975098e-01,-2.632539868354797363e-01,-1.529153138399124146e-01,-1.214609026908874512e+00,-2.104204177856445312e+00,-2.304379463195800781e+00,-2.625863552093505859e+00
8.405668139457702637e-01,5.143923759460449219e-01,8.586074709892272949e-01,4.992341697216033936e-01,-4.598918557167053223e-01,1.267900317907333374e-01,7.923132777214050293e-01,-1.018848538398742676e+00,-1.908424496650695801e+00,-2.340218424797058105e-01,-2.030344963073730469e+00,-1.875899910926818848e+00,-2.039277315139770508e+00,-2.535872459411621094e+00,-1.232998728752136230e+00,-1.502175688743591309e+00,-2.936681509017944336e+00,-4.885565117001533508e-02,-1.870784044265747070e+00,-2.114627838134765625e+00,-5.403045415878295898e-01,-1.153094649314880371e+00,-3.534709215164184570e-01,-6.311968564987182617e-01,-6.517083644866943359e-01,-4.427625536918640137e-01,2.330962866544723511e-01,9.753157496452331543e-01,-5.831847190856933594e-01,-4.948133528232574463e-01,3.792578577995300293e-01,-6.196119189262390137e-01
1.845294594764709473e+00,1.155885934829711914e+00,1.125039100646972656e+00,8.361740112304687500e-01,6.196815967559814453e-01,1.459593176841735840e+00,1.382174015045166016e+00,-4.407228827476501465e-01,-4.545184969902038574e-01,1.542211890220642090e+00,-1.064442873001098633e+00,-7.414707541465759277e-01,-1.310919880867004395e+00,-1.921426057815551758e+00,1.066841259598731995e-01,-1.595421314239501953e+00,-1.612575292587280273e+00,4.717421531677246094e-01,-1.617976784706115723e+00,-1.491509914398193359e+00,-1.958318985998630524e-02,-1.016085982322692871e+00,-1.136992573738098145e-01,7.185577154159545898e-01,6.465557813644409180e-01,-5.126727223396301270e-01,1.516736626625061035e+00,1.234131336212158203e+00,2.839826047420501709e-01,-2.439304441213607788e-01,6.708719730377197266e-01,8.338973671197891235e-02
