2.774686813354492188e+00,4.007571697235107422e+00,2.083793878555297852e+00,-3.468025624752044678e-01,2.953343868255615234e+00
9.196718931198120117e-01,3.231203079223632812e+00,2.017782688140869141e+00,9.871939420700073242e-01,-3.869177401065826416e-02
5.913391709327697754e-02,8.231872916221618652e-01,1.095726013183593750e+00,9.200052618980407715e-01,-8.969774842262268066e-02
-1.885250687599182129e+00,4.026247262954711914e-01,7.031487226486206055e-01,5.979149341583251953e-01,3.605751693248748779e-01
-3.816540241241455078e-01,-5.225473642349243164e-01,5.061315298080444336e-01,-3.670594394207000732e-01,1.800007104873657227e+00
1.528036236763000488e+00,4.133355021476745605e-01,-3.062678575515747070e-01,3.999733030796051025e-01,1.129303097724914551e+00
-4.499858245253562927e-02,4.777505621314048767e-02,1.414836883544921875e+00,1.390583992004394531e+00,6.135934591293334961e-01
-1.222343087196350098e+00,2.418125513941049576e-03,4.652303159236907959e-01,-1.633229702711105347e-01,8.026968836784362793e-01
-4.097430408000946045e-01,-5.696256756782531738e-01,-6.947109699249267578e-01,-1.638859868049621582e+00,7.791704535484313965e-01
3.476862907409667969e-01,-6.354478597640991211e-01,-1.074478983879089355e+00,-5.645713210105895996e-01,7.568160295486450195e-01
-3.346903622150421143e-01,2.154454216361045837e-02,1.152604818344116211e+00,2.106129378080368042e-01,1.314698219299316406e+00
-1.323503255844116211e+00,1.599829077720642090e+00,2.098297357559204102e+00,1.438776493072509766e+00,2.584932446479797363e-01
-1.525790452957153320e+00,-1.342524170875549316e+00,-1.263736128807067871e+00,-4.902840852737426758e-01,-3.514969348907470703e-01
-8.559473156929016113e-01,7.014066576957702637e-01,1.166887998580932617e+00,9.637280702590942383e-01,4.767904281616210938e-01
5.810679197311401367e-01,1.429795265197753906e+00,1.064872145652770996e+00,-7.220206260681152344e-01,1.030229687690734863e+00
-7.132068872451782227e-01,-3.016918897628784180e-01,-3.133840560913085938e-01,1.727637797594070435e-01,-3.729593157768249512e-01
-2.253099679946899414e+00,-2.220563173294067383e+00,-1.420157074928283691e+00,-3.652472198009490967e-01,-8.971698880195617676e-01
-1.501928806304931641e+00,-9.770182967185974121e-01,-1.363786578178405762e+00,1.252754092216491699e+00,-2.458816766738891602e-01
-1.335343241691589355e+00,-5.573847293853759766e-01,5.027089715003967285e-01,6.341022849082946777e-01,1.058496356010437012e+00
5.958307385444641113e-01,1.521629333496093750e+00,1.187169194221496582e+00,1.311017632484436035e+00,9.270633012056350708e-02
9.353429675102233887e-01,2.362590551376342773e+00,2.849565267562866211e+00,-2.268728762865066528e-01,1.489738225936889648e+00
1.168410897254943848e+00,-7.157241702079772949e-01,-4.873244166374206543e-01,-6.295108199119567871e-01,-7.183166742324829102e-01
-1.056318998336791992e+00,9.464980363845825195e-01,9.761229157447814941e-01,9.413795471191406250e-01,3.085721433162689209e-01
-1.369509100914001465e+00,-1.401679396629333496e+00,4.710249304771423340e-01,1.092203140258789062e+00,1.903365969657897949e+00
1.819313287734985352e+00,1.703057050704956055e+00,1.855414628982543945e+00,1.046732544898986816e+00,3.439754843711853027e-01
6.643937230110168457e-01,5.688605904579162598e-01,2.091011762619018555e+00,1.994838237762451172e+00,1.031016826629638672e+00
-4.654091894626617432e-01,4.188548326492309570e-01,3.256849348545074463e-01,-2.826151549816131592e-01,2.853255867958068848e-01
-9.311486482620239258e-01,-1.312195062637329102e+00,-1.408618688583374023e+00,-1.773523807525634766e+00,2.584582567214965820e-01
-2.274368703365325928e-01,8.338980674743652344e-01,6.298348903656005859e-01,6.794438958168029785e-01,-2.092189490795135498e-01
-7.210671901702880859e-01,2.395583540201187134e-01,5.913226604461669922e-01,3.454200923442840576e-01,4.140824377536773682e-01
-5.437645316123962402e-01,-1.901575624942779541e-01,-1.055671930313110352e+00,-8.489055633544921875e-01,2.385876178741455078e-01
-1.386005878448486328e+00,-1.505399227142333984e+00,-1.131035923957824707e+00,3.359936177730560303e-01,-6.369274854660034180e-01
-1.006316900253295898e+00,-8.921243548393249512e-01,4.462707042694091797e-01,6.665362119674682617e-01,5.130158662796020508e-01
-4.016845822334289551e-01,3.548633158206939697e-01,-4.730581492185592651e-02,-6.671594381332397461e-01,1.075568348169326782e-01
-1.458944827318191528e-01,-1.281100988388061523e+00,-1.410279154777526855e+00,-3.794155716896057129e-01,-2.265707701444625854e-01
2.027000337839126587e-01,-9.138328582048416138e-02,2.402566075325012207e-01,5.622863173484802246e-01,8.500295877456665039e-01
-1.108665943145751953e+00,-8.251272439956665039e-01,6.005398631095886230e-01,1.111600518226623535e+00,1.114085197448730469e+00
1.139909029006958008e-01,-9.489844441413879395e-01,-1.091456294059753418e+00,-8.901929259300231934e-01,2.124549299478530884e-01
-4.683485329151153564e-01,-5.827136039733886719e-01,6.959647536277770996e-01,1.526336669921875000e+00,4.403900504112243652e-01
-8.263885974884033203e-01,-1.004287123680114746e+00,3.708897829055786133e-01,7.516323924064636230e-01,1.833906173706054688e+00
4.922762215137481689e-01,-4.721629023551940918e-01,-6.040301546454429626e-02,-1.042735695838928223e+00,1.446253776550292969e+00
7.167407274246215820e-01,-4.944315254688262939e-01,-8.550627231597900391e-01,2.438276447355747223e-02,-3.220582902431488037e-01
-1.011881828308105469e+00,-5.897083878517150879e-01,1.480000972747802734e+00,1.109551906585693359e+00,4.454801678657531738e-01
-4.513233900070190430e-01,-2.706797719001770020e-01,-8.984207510948181152e-01,-1.143547296524047852e+00,2.941064536571502686e-01
1.153284758329391479e-01,-2.755706608295440674e-01,-5.604688525199890137e-01,-4.624702632427215576e-01,-3.047764301300048828e-01
-1.018255949020385742e+00,-7.643598914146423340e-01,8.833750486373901367e-01,1.422545194625854492e+00,1.631981253623962402e+00
-1.560666412115097046e-01,-8.392807841300964355e-01,-1.242726445198059082e+00,-1.640485882759094238e+00,-9.165682829916477203e-03
4.035671055316925049e-01,9.353227019309997559e-01,8.208371996879577637e-01,-8.610826134681701660e-01,3.915530741214752197e-01
-5.667179226875305176e-01,-7.961097359657287598e-01,7.600783705711364746e-01,1.134837150573730469e+00,2.038280010223388672e+00
1.617290258407592773e+00,9.987950921058654785e-01,-3.505577743053436279e-01,-1.251428842544555664e+00,-1.006825715303421021e-01
1.137795329093933105e+00,4.595121443271636963e-01,1.101334214210510254e+00,9.666505455970764160e-01,-1.712968200445175171e-01
-7.884081602096557617e-01,6.268409490585327148e-01,7.145854830741882324e-01,9.638999700546264648e-01,1.310132909566164017e-02
1.079305410385131836e-01,-3.313924670219421387e-01,-1.229544520378112793e+00,-1.897006273269653320e+00,-3.005434274673461914e-01
-8.127816915512084961e-01,1.945839524269104004e-01,-2.138927578926086426e-01,4.305663704872131348e-02,-7.767041325569152832e-01
3.187550902366638184e-01,2.858169674873352051e-01,1.262617945671081543e+00,4.096505045890808105e-02,5.543663501739501953e-01
5.632996559143066406e-01,-7.855082154273986816e-01,-1.038254141807556152e+00,8.946554735302925110e-03,-9.950188398361206055e-01
5.092683434486389160e-01,-6.136983633041381836e-01,2.073526233434677124e-01,2.692490518093109131e-01,-1.199812293052673340e+00
-2.644958734512329102e+00,-1.208065390586853027e+00,-3.312762379646301270e-01,-5.632246658205986023e-02,4.041296541690826416e-01
1.300087422132492065e-01,-1.372388601303100586e+00,-1.175376653671264648e+00,-1.104996204376220703e+00,2.252589017152786255e-01
-4.989971220493316650e-01,-2.323722988367080688e-01,7.757340073585510254e-01,8.616269826889038086e-01,-2.262034565210342407e-01
-7.062382698059082031e-01,2.951069474220275879e-01,2.514392137527465820e-01,-9.727677106857299805e-01,-9.443277120590209961e-01
-3.545392677187919617e-02,-1.403072834014892578e+00,-1.558516502380371094e+00,-9.012883901596069336e-01,-1.671530127525329590e+00
-1.284251213073730469e+00,-4.210953712463378906e-01,2.297347784042358398e-01,9.736989140510559082e-01,3.099365234375000000e-01
2.437849789857864380e-01,-3.963130116462707520e-01,-4.474736750125885010e-01,-8.857232332229614258e-01,4.767204523086547852e-01
1.945606589317321777e+00,8.918237686157226562e-01,-2.072679102420806885e-01,-3.219112157821655273e-01,4.946669936180114746e-02
-4.869919717311859131e-01,-1.281879693269729614e-01,8.135854601860046387e-01,7.960141897201538086e-01,-9.583735466003417969e-02
-3.194981813430786133e-01,-9.161416888236999512e-01,-1.620935678482055664e+00,-8.917974829673767090e-01,-1.101806014776229858e-01
7.381418347358703613e-02,1.778346896171569824e-01,-4.336309731006622314e-01,-1.593905091285705566e-01,-3.404771089553833008e-01
-1.548826336860656738e+00,-1.198474884033203125e+00,1.373427361249923706e-01,-1.814309805631637573e-01,9.595454931259155273e-01
6.756722927093505859e-01,-1.100356340408325195e+00,-9.626868367195129395e-01,-9.061735272407531738e-01,-3.013480603694915771e-01
3.572309315204620361e-01,2.060324847698211670e-01,1.002622365951538086e+00,2.154543876647949219e+00,4.188227057456970215e-01
1.191430315375328064e-01,5.575350299477577209e-02,5.490659475326538086e-01,-2.916118502616882324e-01,1.510221123695373535e+00
1.426942110061645508e+00,-3.921598494052886963e-01,-7.703629732131958008e-01,-5.859671235084533691e-01,3.754781484603881836e-01
-5.238330364227294922e-01,1.009861111640930176e+00,7.713287472724914551e-01,9.553760290145874023e-01,1.066769957542419434e+00
1.284267783164978027e+00,6.225238442420959473e-01,-1.624663233757019043e+00,-2.209175825119018555e+00,-8.917124867439270020e-01
2.510508000850677490e-01,-1.885181516408920288e-01,7.095533013343811035e-01,1.409494280815124512e+00,-4.945445656776428223e-01
-8.969331979751586914e-01,-8.930259943008422852e-01,-2.229743897914886475e-01,8.723857998847961426e-01,1.218161225318908691e+00
1.179425239562988281e+00,2.106774747371673584e-01,-2.469492256641387939e-01,5.951715260744094849e-02,1.396717131137847900e-01
-2.193453758955001831e-01,-2.348314076662063599e-01,3.684160411357879639e-01,-4.729353785514831543e-01,1.431368231773376465e+00
6.500437259674072266e-01,-1.055026769638061523e+00,-1.683863282203674316e+00,-1.492154955863952637e+00,-1.196628808975219727e+00
-6.418696641921997070e-01,1.052321791648864746e+00,5.238204002380371094e-01,1.540404796600341797e+00,-9.078224189579486847e-03
9.582468271255493164e-01,3.631150126457214355e-01,-7.120270133018493652e-01,-1.132759928703308105e+00,-6.952275037765502930e-01
3.781862556934356689e-01,2.436022311449050903e-01,7.582315206527709961e-01,1.416972398757934570e+00,-5.336736440658569336e-01
-4.616937041282653809e-01,-1.427786946296691895e-01,-2.564544379711151123e-01,-2.029915302991867065e-01,4.708432257175445557e-01
-3.563887774944305420e-01,-4.012858569622039795e-01,-1.640996694564819336e+00,-1.010838866233825684e+00,-2.068435668945312500e+00
-1.391884565353393555e+00,-7.643598914146423340e-01,-1.529645025730133057e-01,2.767056971788406372e-02,8.599299192428588867e-01
8.353883624076843262e-01,2.192297130823135376e-01,-1.131747484207153320e+00,-5.903150439262390137e-01,-1.894217729568481445e+00
-2.904679179191589355e-01,-9.201855063438415527e-01,3.264135122299194336e-01,2.961961328983306885e-01,-1.653496176004409790e-01
-2.841928601264953613e-01,-1.161041736602783203e+00,-1.698332905769348145e+00,-1.771274566650390625e+00,-1.512005329132080078e+00
-8.627342581748962402e-01,-4.929560422897338867e-01,-4.007439315319061279e-01,1.174477100372314453e+00,-1.835270524024963379e+00
-5.956491231918334961e-01,-9.418803453445434570e-01,-1.017617136240005493e-01,-4.949400424957275391e-01,2.714721262454986572e-01
1.089593172073364258e+00,-9.448859095573425293e-01,-1.016227841377258301e+00,1.134400218725204468e-01,-1.917044520378112793e+00
-1.182661771774291992e+00,-7.616275548934936523e-01,7.816980481147766113e-01,9.565077424049377441e-01,1.258357316255569458e-01
1.225150346755981445e+00,-4.042367935180664062e-01,-8.730057477951049805e-01,-1.740029692649841309e+00,-1.272770524024963379e+00
-2.446601688861846924e-01,-4.184996485710144043e-01,8.741579055786132812e-01,1.156884789466857910e+00,8.296341896057128906e-01
4.307148456573486328e-01,-5.938069224357604980e-01,-9.205318093299865723e-01,-2.038489341735839844e+00,-1.265738844871520996e+00
6.459979712963104248e-02,9.105677008628845215e-01,-5.725155472755432129e-01,7.222355008125305176e-01,-1.906391978263854980e+00
8.008591532707214355e-01,-2.504057586193084717e-01,-7.313932776451110840e-01,-5.193657875061035156e-01,-1.398343801498413086e+00
1.553565710783004761e-01,5.509091019630432129e-01,-5.793268084526062012e-01,-1.816315352916717529e-01,-1.696193575859069824e+00
-1.061669230461120605e+00,9.670999050140380859e-01,-8.034024834632873535e-01,-2.068559408187866211e+00,-8.026618957519531250e-01
-7.325438857078552246e-01,-1.138909816741943359e+00,-3.811913132667541504e-01,-1.198759555816650391e+00,3.448675572872161865e-01
1.181869149208068848e+00,1.700652599334716797e+00,1.456771731376647949e+00,1.922757178544998169e-01,6.151677370071411133e-01
4.239609539508819580e-01,-1.927669532597064972e-02,4.918652400374412537e-02,3.353059887886047363e-01,-5.880729854106903076e-02
2.366347461938858032e-01,-2.301864176988601685e-01,-1.140151381492614746e+00,-4.783649146556854248e-01,-2.032927513122558594e+00
-1.568757891654968262e-01,3.646314516663551331e-02,7.533349394798278809e-01,-2.637192308902740479e-01,9.982197880744934082e-01
1.411997675895690918e+00,6.629625558853149414e-01,-1.450350135564804077e-01,-2.139652073383331299e-01,5.411950945854187012e-01
3.382076919078826904e-01,5.936703085899353027e-01,4.658910930156707764e-01,2.789190411567687988e-01,8.732586503028869629e-01
1.038748860359191895e+00,7.646877765655517578e-01,-1.304450988769531250e+00,-2.202879667282104492e+00,-1.058496356010437012e+00
1.430013656616210938e+00,1.096353456377983093e-01,-5.176529884338378906e-01,-1.613245010375976562e-01,-1.200966835021972656e+00
-7.495524883270263672e-01,-2.170711606740951538e-01,8.817315697669982910e-01,1.293497085571289062e+00,1.370531916618347168e+00
9.217030405998229980e-01,8.098534345626831055e-01,-1.002944231033325195e+00,-1.839158058166503906e+00,-1.393656015396118164e+00
6.238702535629272461e-01,8.096075057983398438e-01,5.981677770614624023e-01,7.869601845741271973e-01,-9.459019303321838379e-01
-2.623293399810791016e-01,7.668326795101165771e-02,4.534207880496978760e-01,4.060475230216979980e-01,-4.349851012229919434e-01
2.511201620101928711e+00,1.220142364501953125e+00,-8.340360522270202637e-01,1.508522406220436096e-02,-1.187673091888427734e+00
4.951330125331878662e-01,1.455615878105163574e+00,1.887962818145751953e+00,1.267323493957519531e+00,-2.856929302215576172e-01
2.503077089786529541e-01,4.302487373352050781e-01,-8.395426273345947266e-01,-7.552998065948486328e-01,-4.148695766925811768e-01
1.006564617156982422e+00,7.993065714836120605e-01,-6.747516989707946777e-01,2.520149350166320801e-01,-4.806560873985290527e-01
6.819968577474355698e-03,1.671279907226562500e+00,9.280885457992553711e-01,8.074176311492919922e-01,-2.269380986690521240e-01
2.661868333816528320e+00,2.637792348861694336e+00,-7.697360962629318237e-02,-8.687613010406494141e-01,-6.180363893508911133e-01
1.796525001525878906e+00,-2.014967948198318481e-01,-1.317073822021484375e+00,4.277011752128601074e-02,-2.326491594314575195e+00
-6.055570244789123535e-01,-1.429549336433410645e+00,-5.510314106941223145e-01,1.338423252105712891e+00,-1.603504657745361328e+00
