-1.450949072837829590e+00,-1.192104101181030273e+00,-9.604351520538330078e-01,-8.225244283676147461e-01,-9.540534615516662598e-01,-2.561766207218170166e-01,-8.567920327186584473e-01,-5.850690007209777832e-01,-3.594813942909240723e-01,-9.633827805519104004e-01,-1.724936723709106445e+00,-3.374462723731994629e-01,-2.835823893547058105e-01,-1.703904271125793457e+00,-2.125260353088378906e+00,-6.444699168205261230e-01,-1.468225359916687012e+00,-1.615756630897521973e+00,1.487393826246261597e-01,-1.233052730560302734e+00,-1.453842163085937500e+00,-7.100725173950195312e-01,-1.530039310455322266e+00,-2.084545373916625977e+00,-1.749513387680053711e+00,-1.490112662315368652e+00,-1.783929705619812012e+00,-1.953723311424255371e+00,-2.251784801483154297e+00,-3.091597080230712891e+00,-1.849151700735092163e-01,-2.034241437911987305e+00
-3.105448007583618164e+00,-2.950552463531494141e+00,-2.857310295104980469e+00,-2.961709022521972656e+00,-2.705490112304687500e+00,-2.406409502029418945e+00,-3.020698785781860352e+00,-1.866706728935241699e+00,-2.085479497909545898e+00,-2.431867361068725586e+00,-2.191279649734497070e+00,-2.120489358901977539e+00,-2.148686408996582031e+00,-2.699286222457885742e+00,-3.309155702590942383e+00,-2.325101613998413086e+00,-2.889125347137451172e+00,-2.955897092819213867e+00,-1.771095514297485352e+00,-2.889375209808349609e+00,-2.979558229446411133e+00,-1.771069169044494629e+00,-2.288609981536865234e+00,-2.373213529586791992e+00,-2.536988973617553711e+00,-2.230568170547485352e+00,-2.112187147140502930e+00,-2.329580783843994141e+00,-2.543090105056762695e+00,-3.517876625061035156e+00,-2.571201324462890625e+00,-3.214605808258056641e+00
-1.688621520996093750e+00,-2.400301218032836914e+00,-2.058660268783569336e+00,-2.630045890808105469e+00,-2.611518859863281250e+00,-2.864192008972167969e+00,-2.638619184494018555e+00,-2.024484872817993164e+00,-3.502735137939453125e+00,-2.214647531509399414e+00,-2.546169042587280273e+00,-2.526172399520874023e+00,-1.862766742706298828e+00,-2.295311689376831055e+00,-2.366433143615722656e+00,-1.934064984321594238e+00,-2.388575792312622070e+00,-1.923553109169006348e+00,-1.847885489463806152e+00,-2.626331329345703125e+00,-1.815362572669982910e+00,-1.543164968490600586e+00,-1.964605569839477539e+00,-1.698348283767700195e+00,-2.133378505706787109e+00,-1.025703072547912598e+00,-1.220555186271667480e+00,-1.820409059524536133e+00,-1.355115413665771484e+00,-1.244345664978027344e+00,-8.146888613700866699e-01,-1.406921505928039551e+00
-8.900148272514343262e-01,-1.389554262161254883e+00,-1.274674892425537109e+00,-1.786354303359985352e+00,-7.632781863212585449e-01,-1.658305048942565918e+00,-9.718534946441650391e-01,-1.184724211692810059e+00,-1.871026873588562012e+00,-1.691864013671875000e+00,-2.091641664505004883e+00,-1.387797713279724121e+00,-1.016039729118347168e+00,-1.265629649162292480e+00,-1.495528459548950195e+00,-8.516792654991149902e-01,-1.163492441177368164e+00,-1.454907536506652832e+00,-1.089810252189636230e+00,-1.632625460624694824e+00,-1.685891389846801758e+00,-1.097498059272766113e+00,-1.547885417938232422e+00,-1.986693739891052246e+00,-1.772416949272155762e+00,-7.651216387748718262e-01,-1.299475193023681641e+00,-1.334520220756530762e+00,-1.651710152626037598e+00,-2.247738838195800781e+00,4.876377284526824951e-01,-1.002865791320800781e+00
-2.711473941802978516e+00,-2.816573143005371094e+00,-2.196154832839965820e+00,-2.481346845626831055e+00,-1.421674251556396484e+00,-1.865481495857238770e+00,-1.835914611816406250e+00,-1.395828276872634888e-01,-1.037094712257385254e+00,-1.119308948516845703e+00,-1.462929487228393555e+00,-1.154782414436340332e+00,-9.268022775650024414e-01,-1.478018283843994141e+00,-1.990055084228515625e+00,-1.591586232185363770e+00,-1.354513645172119141e+00,-1.585502266883850098e+00,-9.294420480728149414e-02,-2.039351224899291992e+00,-1.580209136009216309e+00,-1.382800102233886719e+00,-1.471778750419616699e+00,-1.536337375640869141e+00,-1.968378186225891113e+00,-1.314735770225524902e+00,-2.003240108489990234e+00,-1.953095436096191406e+00,-1.486598372459411621e+00,-1.353159904479980469e+00,-1.421904087066650391e+00,-2.028468608856201172e+00
-1.443209290504455566e+00,-2.040440559387207031e+00,-1.925653576850891113e+00,-2.324620246887207031e+00,-2.275603771209716797e+00,-1.866083264350891113e+00,-2.624224424362182617e+00,-9.082707166671752930e-01,-1.291071534156799316e+00,-1.354748964309692383e+00,-1.780335903167724609e+00,-1.209073901176452637e+00,-1.237473726272583008e+00,-1.183343410491943359e+00,-1.495599985122680664e+00,-1.477928519248962402e+00,-1.530106782913208008e+00,-2.080567836761474609e+00,-1.189113020896911621e+00,-1.334624528884887695e+00,-1.981992363929748535e+00,-2.123220205307006836e+00,-1.496348023414611816e+00,-1.534482598304748535e+00,-1.681212902069091797e+00,-1.767092466354370117e+00,-1.779199123382568359e+00,-1.936073660850524902e+00,-1.723367929458618164e+00,-1.803719639778137207e+00,-1.495343685150146484e+00,-1.477362394332885742e+00
-1.159964561462402344e+00,-1.396334767341613770e+00,-1.230838060379028320e+00,-1.834096789360046387e+00,-1.641840457916259766e+00,-2.158227682113647461e+00,-2.452684402465820312e+00,-1.068419337272644043e+00,-1.464052438735961914e+00,-1.822441458702087402e+00,-1.406920194625854492e+00,-1.865597128868103027e+00,-2.150322437286376953e+00,-1.449230432510375977e+00,-1.860654473304748535e+00,-1.956263184547424316e+00,-1.512450575828552246e+00,-1.967621564865112305e+00,-1.486706376075744629e+00,-2.514722347259521484e+00,-1.749144077301025391e+00,-2.007120847702026367e+00,-1.915208816528320312e+00,-1.236169695854187012e+00,-2.203108787536621094e+00,-1.771898627281188965e+00,-1.208388566970825195e+00,-2.032989740371704102e+00,-6.639124155044555664e-01,-1.878010749816894531e+00,-5.685665011405944824e-01,-1.481843113899230957e+00
-1.258867621421813965e+00,-1.475962877273559570e+00,-1.454884409904479980e+00,-1.512151241302490234e+00,-1.462839126586914062e+00,-1.495366454124450684e+00,-1.235093712806701660e+00,-9.848960638046264648e-01,-1.013696312904357910e+00,-1.753459215164184570e+00,-1.103215336799621582e+00,-1.534464836120605469e+00,-1.618918061256408691e+00,-1.185740828514099121e+00,-1.739809036254882812e+00,-1.053750038146972656e+00,-1.459893703460693359e+00,-1.487210392951965332e+00,-1.177799344062805176e+00,-1.722383499145507812e+00,-1.563120484352111816e+00,-1.461151719093322754e+00,-1.530781507492065430e+00,-1.500144958496093750e+00,-1.887233376502990723e+00,-1.144289493560791016e+00,-9.613881707191467285e-01,-1.861864805221557617e+00,-2.002361774444580078e+00,-1.648319125175476074e+00,-1.066462159156799316e+00,-9.202957153320312500e-01
-2.379210710525512695e+00,-2.374123096466064453e+00,-2.554546356201171875e+00,-2.399191617965698242e+00,-1.853131771087646484e+00,-2.123016357421875000e+00,-1.590775251388549805e+00,-1.673755168914794922e+00,-1.702279806137084961e+00,-2.001304388046264648e+00,-1.634097218513488770e+00,-2.204174518585205078e+00,-2.075809955596923828e+00,-1.183173537254333496e+00,-2.165732860565185547e+00,-1.477284789085388184e+00,-1.099043726921081543e+00,-1.887521028518676758e+00,-1.998601198196411133e+00,-1.533984065055847168e+00,-1.759501814842224121e+00,-1.466864585876464844e+00,-1.840382337570190430e+00,-1.949694871902465820e+00,-2.009547472000122070e+00,-1.755587458610534668e+00,-1.465912580490112305e+00,-1.997673034667968750e+00,-1.473922014236450195e+00,-2.035756111145019531e+00,-1.859023809432983398e+00,-1.844134330749511719e+00
-1.321557760238647461e+00,-1.483708977699279785e+00,-1.772805213928222656e+00,-1.744568943977355957e+00,-1.534236073493957520e+00,-1.909650444984436035e+00,-1.077613472938537598e+00,-1.553350090980529785e+00,-1.999271273612976074e+00,-2.376560926437377930e+00,-1.606520771980285645e+00,-1.773020982742309570e+00,-2.346186637878417969e+00,-1.814223289489746094e+00,-2.054603576660156250e+00,-2.244102954864501953e+00,-2.047004699707031250e+00,-1.624143123626708984e+00,-2.378025531768798828e+00,-2.346143484115600586e+00,-1.979825615882873535e+00,-1.994103908538818359e+00,-1.687125563621520996e+00,-1.408276915550231934e+00,-2.126154422760009766e+00,-9.700456261634826660e-01,-3.912716805934906006e-01,-1.780243873596191406e+00,-1.120853781700134277e+00,-1.244931817054748535e+00,-1.672474622726440430e+00,-1.606156706809997559e+00
-2.332357883453369141e+00,-1.578679084777832031e+00,-2.234047174453735352e+00,-1.741357922554016113e+00,-1.881703853607177734e+00,-1.583222985267639160e+00,-1.198055028915405273e+00,-9.001981616020202637e-01,-1.284504652023315430e+00,-2.070265054702758789e+00,-1.243196487426757812e+00,-1.386580705642700195e+00,-1.797205924987792969e+00,-1.636852025985717773e+00,-1.447054624557495117e+00,-2.443702220916748047e+00,-2.340693235397338867e+00,-1.914081096649169922e+00,-2.310143232345581055e+00,-2.240579843521118164e+00,-1.699245810508728027e+00,-2.150155305862426758e+00,-1.782293796539306641e+00,-2.060400962829589844e+00,-1.523362159729003906e+00,-1.935035943984985352e+00,-2.613808155059814453e+00,-1.946293711662292480e+00,-2.109266996383666992e+00,-1.664300322532653809e+00,-2.915386915206909180e+00,-1.439557671546936035e+00
-4.971518814563751221e-01,-7.827414274215698242e-01,-1.270757794380187988e+00,-1.052956342697143555e+00,-9.140172004699707031e-01,-1.547409892082214355e+00,-3.813623487949371338e-01,-1.206379175186157227e+00,-1.202840685844421387e+00,-1.094627857208251953e+00,-1.317194581031799316e+00,-1.197763085365295410e+00,-1.318647503852844238e+00,-6.396955847740173340e-01,-9.593865275382995605e-01,-1.026873230934143066e+00,-5.224683880805969238e-01,-1.068323493003845215e+00,-1.634615063667297363e+00,-1.190065741539001465e+00,-1.228262662887573242e+00,-1.628053903579711914e+00,-1.278935790061950684e+00,-1.147527337074279785e+00,-1.163134217262268066e+00,-3.025672733783721924e-01,-2.319444268941879272e-01,-9.593079090118408203e-01,-8.773128390312194824e-01,-3.174650296568870544e-02,-8.106719255447387695e-01,-7.818939685821533203e-01
-9.652467370033264160e-01,-1.096146941184997559e+00,-1.530531167984008789e+00,-1.459085226058959961e+00,-6.864147782325744629e-01,-8.717225790023803711e-01,-6.238235831260681152e-01,-5.787689685821533203e-01,-5.131469964981079102e-01,-9.579985737800598145e-01,-1.487394094467163086e+00,-1.213211536407470703e+00,-9.816115498542785645e-01,-1.153517246246337891e+00,-1.261732220649719238e+00,-7.037415504455566406e-01,-8.705304265022277832e-01,-1.045440196990966797e+00,-9.253462553024291992e-01,-1.416537284851074219e+00,-1.396613597869873047e+00,-1.111492872238159180e+00,-1.194094419479370117e+00,-1.040643692016601562e+00,-1.411641955375671387e+00,-3.574153780937194824e-01,-1.060165643692016602e+00,-6.486948132514953613e-01,-8.483122587203979492e-01,-8.184365630149841309e-01,-1.373678207397460938e+00,-3.776507377624511719e-01
-1.178381800651550293e+00,-1.153094649314880371e+00,-1.424334406852722168e+00,-1.455008029937744141e+00,-1.249423146247863770e+00,-1.208156347274780273e+00,-1.068048954010009766e+00,-5.749035477638244629e-01,-1.556413620710372925e-01,-9.466918110847473145e-01,-7.668238878250122070e-01,-1.034187078475952148e+00,-8.638826608657836914e-01,-7.504110336303710938e-01,-1.010700345039367676e+00,-5.157529711723327637e-01,-7.733849883079528809e-01,-7.446994781494140625e-01,-1.040574193000793457e+00,-1.036831140518188477e+00,-8.295990228652954102e-01,-8.208805918693542480e-01,-1.176958322525024414e+00,-1.652478694915771484e+00,-1.105253577232360840e+00,-8.773454427719116211e-01,-2.081367015838623047e+00,-7.697484493255615234e-01,-1.257056117057800293e+00,-4.628078639507293701e-01,-1.356067299842834473e+00,-7.856244444847106934e-01
-1.825338363647460938e+00,-1.619898557662963867e+00,-2.061632633209228516e+00,-1.878818511962890625e+00,-1.872076511383056641e+00,-1.150198578834533691e+00,-1.531116485595703125e+00,-1.356533169746398926e+00,-9.305082559585571289e-01,-1.501608133316040039e+00,-1.379181504249572754e+00,-1.109424948692321777e+00,-1.517246365547180176e+00,-1.319335579872131348e+00,-1.807893991470336914e+00,-1.293480634689331055e+00,-1.479947686195373535e+00,-2.037304878234863281e+00,-1.486047625541687012e+00,-1.437211632728576660e+00,-1.692668557167053223e+00,-1.869262695312500000e+00,-1.703895926475524902e+00,-1.946985363960266113e+00,-1.890764594078063965e+00,-1.966102004051208496e+00,-1.477909207344055176e+00,-1.454370498657226562e+00,-2.079377412796020508e+00,-2.710577487945556641e+00,-2.861010789871215820e+00,-3.070327043533325195e+00
-1.168740034103393555e+00,-1.045228719711303711e+00,-1.199815630912780762e+00,-7.177231311798095703e-01,-1.078101634979248047e+00,-1.125406146049499512e+00,-1.181269288063049316e+00,-1.423719167709350586e+00,-1.682663440704345703e+00,-1.889700770378112793e+00,-1.274394273757934570e+00,-1.680101275444030762e+00,-1.561257362365722656e+00,-1.395335674285888672e+00,-1.612837433815002441e+00,-1.512335062026977539e+00,-1.180761098861694336e+00,-1.423690199851989746e+00,-1.535627365112304688e+00,-7.479674816131591797e-01,-1.235654473304748535e+00,-1.558463454246520996e+00,-1.071237325668334961e+00,-6.647849082946777344e-01,-1.393052935600280762e+00,-1.816574096679687500e+00,-5.610375404357910156e-01,-2.015113353729248047e+00,-1.022908449172973633e+00,-1.447905778884887695e+00,-1.306842803955078125e+00,-1.606302499771118164e+00
-4.819548428058624268e-01,-6.750471591949462891e-01,-4.101809263229370117e-01,-6.297373771667480469e-01,-3.041781187057495117e-01,-3.421075344085693359e-01,-6.590450406074523926e-01,-2.872382104396820068e-01,9.369717538356781006e-02,-7.527747154235839844e-01,-7.256466746330261230e-01,1.382915526628494263e-01,-5.289735794067382812e-01,-1.345763802528381348e-01,2.325103580951690674e-01,-1.099916577339172363e+00,8.670669980347156525e-03,-5.730302929878234863e-01,-8.210024237632751465e-01,2.297249585390090942e-01,-4.079917371273040771e-01,-1.146364808082580566e+00,-7.372501492500305176e-01,-1.036805152893066406e+00,-6.522673368453979492e-01,-1.569826126098632812e+00,-1.389867782592773438e+00,-1.282094359397888184e+00,-1.158472418785095215e+00,-4.278219044208526611e-01,-9.596843123435974121e-01,-8.066108226776123047e-01
-9.450970292091369629e-01,-1.361573934555053711e+00,-1.164521694183349609e+00,-1.336581110954284668e+00,-8.507869243621826172e-01,-8.101885914802551270e-01,-1.343962192535400391e+00,-8.412982821464538574e-01,2.340782880783081055e-01,-8.465888500213623047e-01,-1.285717010498046875e+00,-3.354561328887939453e-01,-1.029666066169738770e+00,-9.769766330718994141e-01,-6.301069855690002441e-01,-1.054025888442993164e+00,-8.504037857055664062e-01,-1.384051322937011719e+00,-1.170180439949035645e+00,-5.109972953796386719e-01,-1.144602060317993164e+00,-1.279871225357055664e+00,-1.341875672340393066e+00,-1.883664846420288086e+00,-1.193958401679992676e+00,-1.612197995185852051e+00,-1.847793817520141602e+00,-1.417501449584960938e+00,-1.846301198005676270e+00,-3.515871167182922363e-01,-1.160848736763000488e+00,-9.881524443626403809e-01
-7.162188291549682617e-01,-1.018879175186157227e+00,-1.086946010589599609e+00,-1.698157191276550293e+00,-1.814135670661926270e+00,-1.742860555648803711e+00,-2.035717964172363281e+00,-1.590189218521118164e+00,-1.102595329284667969e+00,-1.190380334854125977e+00,-1.414274692535400391e+00,-1.301793217658996582e+00,-1.516521811485290527e+00,-1.391616821289062500e+00,-1.116953492164611816e+00,-2.081577301025390625e+00,-8.133960366249084473e-01,-1.248764395713806152e+00,-1.669644594192504883e+00,-7.030193209648132324e-01,-1.443530678749084473e+00,-1.390334248542785645e+00,-1.384742856025695801e+00,-1.207057714462280273e+00,-1.266362071037292480e+00,-2.131430864334106445e+00,-1.119398117065429688e+00,-1.380353450775146484e+00,-1.148212790489196777e+00,-1.164655461907386780e-01,-1.798565506935119629e+00,-1.472527384757995605e+00
2.952780947089195251e-02,-9.179439395666122437e-02,-7.359753847122192383e-01,-4.860025942325592041e-01,-1.634846806526184082e+00,-1.568007111549377441e+00,-1.485924005508422852e+00,-1.845671057701110840e+00,-1.643459081649780273e+00,-1.969236016273498535e+00,-1.631164431571960449e+00,-1.716338515281677246e+00,-1.521827459335327148e+00,-1.128372669219970703e+00,-8.499363064765930176e-01,-9.551862478256225586e-01,-1.218495488166809082e+00,-7.976621985435485840e-01,-1.039743542671203613e+00,-1.242005348205566406e+00,-1.027701497077941895e+00,-1.379521846771240234e+00,-1.144062995910644531e+00,-1.041030764579772949e+00,-1.095467925071716309e+00,-2.283324450254440308e-01,-6.914425492286682129e-01,1.112870424985885620e-01,-1.496972084045410156e+00,-1.027642607688903809e+00,-7.897702455520629883e-01,-1.371659398078918457e+00
-5.296927094459533691e-01,-7.283256649971008301e-01,-7.791233062744140625e-01,-8.322419524192810059e-01,-8.057046532630920410e-01,-1.408644676208496094e+00,-1.679534316062927246e-01,-1.846589326858520508e+00,-1.697114586830139160e+00,-1.526806235313415527e+00,-1.171812295913696289e+00,-1.840054988861083984e+00,-1.832756042480468750e+00,-9.172865152359008789e-01,-1.167052745819091797e+00,-1.439441084861755371e+00,-3.217109143733978271e-01,-1.275692224502563477e+00,-1.272891759872436523e+00,-5.161197185516357422e-01,-1.171771764755249023e+00,-8.688271045684814453e-01,-1.045538544654846191e+00,-1.136269688606262207e+00,-1.198956847190856934e+00,-6.314317584037780762e-01,-8.010977506637573242e-01,-9.451114535331726074e-01,-4.978659152984619141e-01,2.693362161517143250e-02,1.393899023532867432e-01,-1.527608782052993774e-01
-1.365924835205078125e+00,-1.067093729972839355e+00,-1.010393857955932617e+00,-8.468182086944580078e-01,4.678420722484588623e-01,-8.785653859376907349e-03,6.667684316635131836e-01,-8.008500188589096069e-02,-2.952415943145751953e-01,-2.077436745166778564e-01,-6.525945067405700684e-01,-5.730243921279907227e-01,-3.427623510360717773e-01,-3.032640814781188965e-01,-5.541633963584899902e-01,-7.845100760459899902e-01,-1.038542762398719788e-01,-8.935553431510925293e-01,-2.686932682991027832e-01,-3.557783365249633789e-01,-9.259225130081176758e-01,-8.757286071777343750e-01,-1.037040352821350098e+00,-1.236040592193603516e+00,-1.114268302917480469e+00,-1.056246161460876465e+00,-1.099668145179748535e+00,-1.292959809303283691e+00,-1.006880640983581543e+00,-5.569983720779418945e-01,-4.494200944900512695e-01,-4.174144268035888672e-01
-1.127329587936401367e+00,-1.243558764457702637e+00,-1.200012445449829102e+00,-1.156764745712280273e+00,-5.674790143966674805e-01,-2.367140650749206543e-01,-2.754350006580352783e-01,-9.230063855648040771e-02,-1.696879416704177856e-01,2.246285080909729004e-01,-8.575849533081054688e-01,-5.568314194679260254e-01,-1.701774746179580688e-01,-6.204596161842346191e-01,-9.968761205673217773e-01,-1.180167913436889648e+00,-6.917886734008789062e-01,-1.090751767158508301e+00,-1.409715890884399414e+00,-5.885029435157775879e-01,-1.161075949668884277e+00,-1.246207118034362793e+00,-7.577101588249206543e-01,-8.177477121353149414e-01,-7.103220820426940918e-01,-8.710948824882507324e-01,-9.276077747344970703e-01,-6.402013301849365234e-01,-9.706982970237731934e-01,-1.925460845232009888e-01,-1.345877408981323242e+00,-7.568853497505187988e-01
-1.468688368797302246e+00,-1.382773756980895996e+00,-1.410516142845153809e+00,-1.089946269989013672e+00,-4.756988286972045898e-01,-4.809930622577667236e-01,-5.786789655685424805e-01,-1.413553655147552490e-01,-3.960232138633728027e-01,-1.204551532864570618e-01,-1.402739286422729492e+00,-6.960249543190002441e-01,-9.905165433883666992e-01,-9.988554120063781738e-01,-4.456954598426818848e-01,-1.192054390907287598e+00,-7.695582509040832520e-01,-8.009012341499328613e-01,-3.745265007019042969e-01,-3.558014333248138428e-01,-4.692004621028900146e-01,-1.194598913192749023e+00,-9.235742688179016113e-01,-7.381051182746887207e-01,-8.189338445663452148e-01,-1.286209702491760254e+00,-8.975666165351867676e-01,-9.819106459617614746e-01,-1.106307864189147949e+00,-3.479466140270233154e-01,-7.638984322547912598e-01,-1.218294143676757812e+00
-8.163836598396301270e-01,-7.592670917510986328e-01,-1.035412549972534180e+00,-8.780832886695861816e-01,-1.043797492980957031e+00,-1.062995433807373047e+00,-1.417896151542663574e+00,-1.185407519340515137e+00,-5.194223523139953613e-01,-1.018581509590148926e+00,-1.284748673439025879e+00,-9.518192410469055176e-01,-1.468210220336914062e+00,-1.103775501251220703e+00,-8.008015751838684082e-01,-8.577834367752075195e-01,-1.126702666282653809e+00,-1.309395790100097656e+00,-8.328602910041809082e-01,-1.028270721435546875e+00,-1.215815067291259766e+00,-1.424707770347595215e+00,-1.511569380760192871e+00,-1.530966520309448242e+00,-1.286965370178222656e+00,-1.326900720596313477e+00,-2.629204094409942627e-01,-1.190584778785705566e+00,-1.242213845252990723e+00,-1.086908936500549316e+00,-1.235491156578063965e+00,-1.188158750534057617e+00
7.662541419267654419e-02,-1.449870765209197998e-01,-1.161372195929288864e-02,-3.812435269355773926e-01,-6.664962172508239746e-01,-1.158330917358398438e+00,-7.020137906074523926e-01,-1.631726622581481934e+00,-1.504790306091308594e+00,-1.074792504310607910e+00,-1.143457770347595215e+00,-1.774824976921081543e+00,-1.760019779205322266e+00,-1.014976620674133301e+00,-5.232287049293518066e-01,-1.641937136650085449e+00,-2.234756201505661011e-01,-6.843832731246948242e-01,-1.022328972816467285e+00,-3.719532489776611328e-01,-1.336741924285888672e+00,-7.961117029190063477e-01,-8.497051000595092773e-01,-1.630431115627288818e-01,-1.143177509307861328e+00,-6.305850744247436523e-01,8.675254136323928833e-02,-1.704796850681304932e-01,-6.959908604621887207e-01,3.683087825775146484e-01,3.947035670280456543e-01,1.316286176443099976e-01
-5.465469360351562500e-01,-6.100100278854370117e-01,-5.991499423980712891e-01,-6.545804142951965332e-01,-7.150753587484359741e-02,-1.032615229487419128e-01,2.271340638399124146e-01,-5.070768594741821289e-01,-1.767629832029342651e-01,-3.497786819934844971e-01,-7.483929395675659180e-01,-5.709626674652099609e-01,-1.864215880632400513e-01,-3.568945229053497314e-01,-5.909028053283691406e-01,-8.035469055175781250e-02,-2.815303504467010498e-01,-7.887854576110839844e-01,-1.549833863973617554e-01,7.995148748159408569e-02,-3.927010595798492432e-01,-1.304199248552322388e-01,-5.823475718498229980e-01,-1.068997621536254883e+00,-4.070671498775482178e-01,-6.923062801361083984e-01,-1.147909641265869141e+00,-1.128619074821472168e+00,-1.092423200607299805e+00,-3.219076693058013916e-01,-2.118082046508789062e-01,-1.429241597652435303e-01
-6.684809923171997070e-01,-6.796389818191528320e-01,-7.351486086845397949e-01,-5.001775026321411133e-01,-2.364108562469482422e-01,-6.551415920257568359e-01,-3.852120935916900635e-01,-7.513468265533447266e-01,-6.195454001426696777e-01,-4.806145429611206055e-01,-9.307658672332763672e-01,-8.571097850799560547e-01,-7.744114995002746582e-01,-3.441900908946990967e-01,-6.494501233100891113e-01,3.620214462280273438e-01,3.921661674976348877e-01,-3.983145952224731445e-01,1.326996982097625732e-01,2.157882601022720337e-01,-6.038812398910522461e-01,-4.832802712917327881e-01,-8.117755055427551270e-01,-3.493596613407135010e-01,-6.928148865699768066e-01,-7.273816466331481934e-01,2.875652015209197998e-01,-2.204463630914688110e-01,-3.085642457008361816e-01,3.048157878220081329e-02,1.742260307073593140e-01,-1.026186347007751465e-01
-1.058594584465026855e+00,-8.436372876167297363e-01,-1.197276353836059570e+00,-1.120493054389953613e+00,-7.566386461257934570e-01,-8.522600531578063965e-01,-1.193942308425903320e+00,-1.008814811706542969e+00,-6.540549993515014648e-01,-8.245567679405212402e-01,-1.145819783210754395e+00,-1.693960428237915039e+00,-1.785239100456237793e+00,-1.570045232772827148e+00,-1.855564117431640625e+00,-1.562628626823425293e+00,-1.478421807289123535e+00,-1.959095001220703125e+00,-1.256279230117797852e+00,-1.197495579719543457e+00,-1.438444018363952637e+00,-1.824536919593811035e+00,-8.440145850181579590e-01,-9.898711442947387695e-01,-9.878633618354797363e-01,-1.086951136589050293e+00,6.603816151618957520e-01,-9.564127922058105469e-01,-1.066158533096313477e+00,-1.674358010292053223e+00,-1.093604803085327148e+00,-1.104463219642639160e+00
-1.611487746238708496e+00,-1.062029838562011719e+00,-1.378962159156799316e+00,-1.049534082412719727e+00,-1.472776293754577637e+00,-1.577050685882568359e+00,-1.145880460739135742e+00,-1.982819318771362305e+00,-1.894114851951599121e+00,-1.232010960578918457e+00,-1.391024708747863770e+00,-1.800281286239624023e+00,-1.898456931114196777e+00,-1.445398330688476562e+00,-8.298251628875732422e-01,-1.518473744392395020e+00,-7.055212855339050293e-01,-1.044494748115539551e+00,-1.574007987976074219e+00,-8.801354765892028809e-01,-1.409814357757568359e+00,-1.042765021324157715e+00,-1.268899440765380859e+00,-9.707589149475097656e-01,-1.359443664550781250e+00,-1.330934882164001465e+00,-1.970309615135192871e-01,-7.737074494361877441e-01,-6.584861874580383301e-01,-1.271094195544719696e-02,-9.004741907119750977e-01,-5.837424993515014648e-01
4.823691546916961670e-01,2.786447107791900635e-01,4.404750168323516846e-01,2.178202569484710693e-01,-5.235918164253234863e-01,-8.811615705490112305e-01,-2.480086833238601685e-01,-1.108333706855773926e+00,-5.895894169807434082e-01,-4.857833683490753174e-01,-6.785030364990234375e-01,-6.494648456573486328e-01,-4.069207310676574707e-01,-8.281100988388061523e-01,-1.647826582193374634e-01,-3.701603710651397705e-01,-6.762396097183227539e-01,-1.663291752338409424e-01,-7.213559150695800781e-01,-5.118048787117004395e-01,-2.367824167013168335e-01,-9.661387801170349121e-01,-4.173010587692260742e-01,-1.414631605148315430e-01,-3.465380072593688965e-01,-1.722018606960773468e-02,-2.216616086661815643e-02,2.848013490438461304e-02,2.131724357604980469e-02,3.749110698699951172e-01,4.478088021278381348e-01,-1.923369914293289185e-01
-5.526106953620910645e-01,-1.460384875535964966e-01,6.387547403573989868e-02,4.738979637622833252e-01,7.322052717208862305e-01,4.211612045764923096e-01,9.063363671302795410e-01,-2.167420536279678345e-01,-1.560835540294647217e-01,1.897173970937728882e-01,-5.768725872039794922e-01,9.569735080003738403e-02,5.135942697525024414e-01,-6.078118085861206055e-01,2.389223426580429077e-01,1.068981811404228210e-01,-5.245755314826965332e-01,1.618820577859878540e-01,7.742868661880493164e-01,-2.262177169322967529e-01,7.405597716569900513e-02,-4.846414178609848022e-02,-6.046578288078308105e-01,4.134865999221801758e-01,-1.222395077347755432e-01,-6.129415035247802734e-01,6.539654731750488281e-01,-1.022354885935783386e-01,4.990742728114128113e-02,-3.033657371997833252e-01,8.680890798568725586e-01,4.178103804588317871e-01
-4.271363317966461182e-01,-4.510327577590942383e-01,-4.791152477264404297e-02,3.536331057548522949e-01,8.832762837409973145e-01,8.692295551300048828e-01,9.536091685295104980e-01,2.255193740129470825e-01,6.018201708793640137e-01,8.810692429542541504e-01,-2.529176473617553711e-01,4.543905854225158691e-01,6.558645963668823242e-01,-1.572102904319763184e-01,-5.124408602714538574e-01,-2.028984725475311279e-01,2.988716959953308105e-02,-2.217255383729934692e-01,1.420657187700271606e-01,5.532919764518737793e-01,2.003153413534164429e-01,-2.266772240400314331e-01,-2.622909247875213623e-01,-6.452533006668090820e-01,9.416334331035614014e-02,-5.275005102157592773e-01,-6.046050190925598145e-01,-1.333316862583160400e-01,-8.743489533662796021e-02,1.388948112726211548e-01,-7.529369592666625977e-01,-1.078350067138671875e+00
-5.556237101554870605e-01,-3.131051361560821533e-01,-5.211411714553833008e-01,-4.392317533493041992e-01,-3.933246433734893799e-01,2.312810570001602173e-01,-1.666143983602523804e-01,-1.921185851097106934e-01,-1.060032173991203308e-01,7.331331968307495117e-01,-5.413259267807006836e-01,-6.911427378654479980e-01,1.730055809020996094e-01,-7.907329797744750977e-01,-5.346952676773071289e-01,-2.225790470838546753e-01,-7.366678714752197266e-01,-2.740404605865478516e-01,-5.249271392822265625e-01,-1.618181169033050537e-01,-1.542435884475708008e-01,-7.159004807472229004e-01,-7.237714529037475586e-01,-4.655171930789947510e-01,-5.011931657791137695e-01,-1.104669332504272461e+00,-1.003355160355567932e-01,-5.107240080833435059e-01,-1.330218791961669922e+00,-2.321906536817550659e-01,-4.565461874008178711e-01,-2.510655224323272705e-01
-9.426866173744201660e-01,-1.064089775085449219e+00,-1.213082790374755859e+00,-7.203637361526489258e-01,-1.345452666282653809e+00,-6.166806817054748535e-01,-1.039522647857666016e+00,-1.252636194229125977e+00,-6.684214472770690918e-01,-4.830697476863861084e-01,-8.687790036201477051e-01,-8.625646829605102539e-01,-7.085001468658447266e-01,-1.048578262329101562e+00,-1.048832893371582031e+00,-5.745992660522460938e-01,-1.376141905784606934e+00,-1.309255719184875488e+00,-1.032382488250732422e+00,-5.002678632736206055e-01,-1.275256514549255371e+00,-1.254565596580505371e+00,-1.292285442352294922e+00,-1.542756438255310059e+00,-8.613092303276062012e-01,-1.508440971374511719e+00,-1.285977244377136230e+00,-1.069618344306945801e+00,-1.808614134788513184e+00,-1.995617866516113281e+00,-2.140731096267700195e+00,-1.877375006675720215e+00
-7.853681445121765137e-01,-9.618456363677978516e-01,-8.244561553001403809e-01,-6.176749467849731445e-01,-1.229482531547546387e+00,-7.896600961685180664e-01,-5.135204792022705078e-01,-1.362811803817749023e+00,-9.467845559120178223e-01,-5.993898510932922363e-01,-8.983815908432006836e-01,-1.055763363838195801e+00,-8.273743391036987305e-01,-9.426953792572021484e-01,-8.863006234169006348e-01,-8.199167251586914062e-01,-5.906469821929931641e-01,-8.966017961502075195e-01,-9.827167391777038574e-01,-9.306676387786865234e-01,-1.003974080085754395e+00,-1.133884549140930176e+00,-1.332527756690979004e+00,-7.691363692283630371e-01,-1.148250699043273926e+00,-7.890157699584960938e-01,-6.663020253181457520e-01,-6.816745400428771973e-01,-5.327942967414855957e-01,-4.882605969905853271e-01,-1.359267115592956543e+00,-1.435035347938537598e+00
7.868182063102722168e-01,7.031776905059814453e-01,5.263378024101257324e-01,4.179165959358215332e-01,-1.318385601043701172e-01,-4.771418273448944092e-01,5.648103356361389160e-01,-5.227521657943725586e-01,-3.409094214439392090e-01,5.765393376350402832e-02,-5.795255303382873535e-01,-5.204080343246459961e-01,4.047470688819885254e-01,-3.973297476768493652e-01,-3.378883898258209229e-01,-1.786081343889236450e-01,-1.231574192643165588e-01,-7.197675853967666626e-02,-5.811805725097656250e-01,-4.822470545768737793e-01,-2.605251967906951904e-01,-2.290735840797424316e-01,-3.985728919506072998e-01,-3.624882698059082031e-01,-2.054111212491989136e-01,8.195464015007019043e-01,6.897712349891662598e-01,5.886301398277282715e-01,-2.803388535976409912e-01,9.298424124717712402e-01,8.787328749895095825e-02,3.599154651165008545e-01
-8.425406217575073242e-01,-8.019242286682128906e-01,-7.650883793830871582e-01,-5.221052765846252441e-01,-8.000610768795013428e-02,3.397348895668983459e-02,2.115916758775711060e-01,2.697476446628570557e-01,-1.406633555889129639e-01,5.505875349044799805e-01,2.184512838721275330e-02,1.209532022476196289e-01,1.063766956329345703e+00,1.267234236001968384e-01,3.534450531005859375e-01,1.017757177352905273e+00,1.871217787265777588e-01,2.382183969020843506e-01,-2.551741003990173340e-01,3.218595385551452637e-01,1.380308717489242554e-01,-2.737802267074584961e-01,-5.691162943840026855e-01,-4.104544520378112793e-01,-4.395947158336639404e-01,-2.438219040632247925e-01,-4.363546669483184814e-01,5.912287533283233643e-02,3.932860121130943298e-02,5.172304511070251465e-01,8.403790742158889771e-02,-9.757523238658905029e-02
-8.157622218132019043e-01,-1.227594494819641113e+00,-4.734658598899841309e-01,-2.256153970956802368e-01,1.561834365129470825e-01,1.822980195283889771e-01,4.436514675617218018e-01,-1.944891065359115601e-01,1.955889612436294556e-01,9.774463176727294922e-01,-3.272907137870788574e-01,8.739326894283294678e-02,6.292896866798400879e-01,-3.783769309520721436e-01,-3.695375099778175354e-02,8.687273412942886353e-02,-2.516189515590667725e-01,-5.447192788124084473e-01,1.642634868621826172e-01,3.682152330875396729e-01,-5.185762643814086914e-01,-7.492579221725463867e-01,-8.042132258415222168e-01,-6.807521581649780273e-01,-4.382145404815673828e-01,-9.793218374252319336e-01,-6.192077994346618652e-01,-8.126866817474365234e-01,-8.095992207527160645e-01,-2.161168605089187622e-01,3.994694054126739502e-01,-2.443548887968063354e-01
8.425782918930053711e-01,8.167083263397216797e-01,5.636198520660400391e-01,2.535004317760467529e-01,1.045059040188789368e-01,8.727197349071502686e-02,9.452162683010101318e-02,-3.876114264130592346e-02,6.494449377059936523e-01,7.533777356147766113e-01,5.445890128612518311e-02,1.413840949535369873e-01,4.148674905300140381e-01,5.536716803908348083e-02,-6.454850733280181885e-02,-5.596089363098144531e-02,4.617979228496551514e-01,-2.346466928720474243e-01,-1.466484926640987396e-02,6.631704568862915039e-01,-4.401097893714904785e-01,-3.496779873967170715e-02,-1.818814277648925781e-01,-7.884905934333801270e-01,1.566446274518966675e-01,8.852893859148025513e-02,-9.612606763839721680e-01,3.360411822795867920e-01,3.896381705999374390e-02,-1.444789767265319824e-01,1.779933273792266846e-01,4.682860895991325378e-02
3.791724741458892822e-01,2.539473176002502441e-01,1.202512383460998535e-01,1.672469228506088257e-01,-2.908990979194641113e-01,1.352750062942504883e-01,-1.868194937705993652e-01,1.711897104978561401e-01,2.263540774583816528e-01,2.112326323986053467e-01,-3.748596906661987305e-01,-3.798829615116119385e-01,3.164679408073425293e-01,-5.983165502548217773e-01,1.050565317273139954e-01,4.060268402099609375e-01,-4.168460965156555176e-01,1.849405318498611450e-01,-4.437262415885925293e-01,-8.876576274633407593e-02,-2.485846579074859619e-01,-8.651845902204513550e-02,-1.097871884703636169e-01,-3.454081714153289795e-01,-1.946804970502853394e-01,1.087648391723632812e+00,-4.140043854713439941e-01,3.857288062572479248e-01,-3.170683383941650391e-01,3.412209078669548035e-02,9.002245664596557617e-01,4.821867048740386963e-01
1.344946473836898804e-01,4.307770729064941406e-01,1.692847721278667450e-02,2.012582272291183472e-01,-5.106890797615051270e-01,-5.217750072479248047e-01,-1.984404176473617554e-01,-4.445465207099914551e-01,-8.403956294059753418e-01,9.803537279367446899e-02,-3.855947554111480713e-01,-5.368157625198364258e-01,-6.885631382465362549e-02,-1.557944864034652710e-01,7.615794986486434937e-02,2.576867938041687012e-01,-1.472318470478057861e-01,-2.852282822132110596e-01,5.955590009689331055e-01,4.822932183742523193e-01,3.995549632236361504e-04,5.655427929013967514e-03,-5.664592981338500977e-01,-8.846648931503295898e-01,-4.565299451351165771e-01,-5.961695909500122070e-01,-1.376610636711120605e+00,-3.162986636161804199e-01,-1.017345428466796875e+00,-6.555699110031127930e-01,-5.672955513000488281e-01,-4.186440110206604004e-01
-2.125324308872222900e-01,9.797409921884536743e-02,-8.661081083118915558e-03,4.018827080726623535e-01,8.675848841667175293e-01,2.306793034076690674e-01,8.530618548393249512e-01,-1.619852632284164429e-01,-1.851363480091094971e-01,2.367752492427825928e-01,-3.980537056922912598e-01,2.045953273773193359e-02,-2.842368185520172119e-01,-2.334935218095779419e-01,-6.642566323280334473e-01,-4.536418914794921875e-01,9.586176276206970215e-02,-5.001430511474609375e-01,-7.673267275094985962e-02,4.932303130626678467e-01,-6.340168714523315430e-01,-3.843007087707519531e-01,-6.374778151512145996e-01,-4.606625139713287354e-01,-1.891597658395767212e-01,-6.406955122947692871e-01,1.740857958793640137e-01,-8.185989856719970703e-01,-1.804555952548980713e-01,-2.117359042167663574e-01,4.663956165313720703e-01,-3.040212392807006836e-01
-2.239819914102554321e-01,-2.094233930110931396e-01,-5.993861556053161621e-01,6.098798289895057678e-02,-2.613754272460937500e-01,1.511441916227340698e-01,1.114508733153343201e-01,2.194542586803436279e-01,1.115776300430297852e+00,9.271148443222045898e-01,-1.880091428756713867e-01,8.040782213211059570e-01,6.004710197448730469e-01,3.350346088409423828e-01,-3.370846509933471680e-01,-1.967138051986694336e-01,9.225302189588546753e-02,-2.618721425533294678e-01,-1.255104839801788330e-01,1.590723097324371338e-01,-5.246464163064956665e-02,-3.916623592376708984e-01,-4.270254969596862793e-01,-7.198315262794494629e-01,3.365409970283508301e-01,-1.176289439201354980e+00,-1.393493771553039551e+00,-1.081442832946777344e+00,-3.805184960365295410e-01,-8.076692819595336914e-01,-1.165977716445922852e+00,-1.133077263832092285e+00
5.838710069656372070e-01,3.387680947780609131e-01,3.022520542144775391e-01,3.647871315479278564e-01,-3.262434303760528564e-01,-5.290820598602294922e-01,-1.504981368780136108e-01,-7.657194137573242188e-01,-2.745339274406433105e-01,2.956998534500598907e-02,-3.518783748149871826e-01,-1.089122891426086426e-01,-4.041860997676849365e-01,-5.191261768341064453e-01,-5.455545186996459961e-01,-5.163507461547851562e-01,2.179777249693870544e-03,-1.235037893056869507e-01,-6.723203063011169434e-01,1.557727307081222534e-01,-5.844566822052001953e-01,-7.815801501274108887e-01,-8.045036792755126953e-01,-3.538272380828857422e-01,-2.996614873409271240e-01,-3.687460720539093018e-01,-1.455318182706832886e-01,-2.725930809974670410e-01,-1.782668679952621460e-01,2.280565053224563599e-01,7.361429929733276367e-01,3.288631141185760498e-02
6.172027587890625000e-01,5.938740968704223633e-01,6.354477405548095703e-01,3.296139538288116455e-01,-5.400135517120361328e-01,-9.304884821176528931e-02,-4.442492425441741943e-01,-5.040016397833824158e-02,3.378987908363342285e-01,-2.248007953166961670e-01,-4.352682232856750488e-01,3.996123075485229492e-01,-2.069896608591079712e-01,-9.455081224441528320e-01,5.336771905422210693e-02,-5.066369175910949707e-01,-1.301375508308410645e+00,-3.592710196971893311e-02,-7.650353759527206421e-02,-6.426807641983032227e-01,1.422262042760848999e-01,-8.883814811706542969e-01,-2.728113830089569092e-01,-9.460984170436859131e-02,-2.173229753971099854e-01,3.816083073616027832e-01,1.530669033527374268e-01,9.496459364891052246e-01,-8.080716729164123535e-01,-1.267669558525085449e+00,-2.537250220775604248e-01,-6.194839477539062500e-01
-7.517538964748382568e-02,-1.444077342748641968e-01,-2.126689106225967407e-01,-2.782801091670989990e-01,-4.446259140968322754e-01,-6.553995013236999512e-01,-9.445228576660156250e-01,-8.217788934707641602e-01,-2.311523109674453735e-01,-6.641077995300292969e-01,-6.170423030853271484e-01,-9.131623059511184692e-02,-3.031921684741973877e-01,-4.575672447681427002e-01,4.069556593894958496e-01,-1.945411264896392822e-01,-8.086974173784255981e-02,1.562093645334243774e-01,2.434594035148620605e-01,2.644975185394287109e-01,1.059589013457298279e-01,2.596128880977630615e-01,-1.986517757177352905e-01,9.731943160295486450e-02,-1.646024435758590698e-01,5.657883360981941223e-02,8.447360992431640625e-01,-1.597015261650085449e-01,-1.701959520578384399e-01,-8.376263827085494995e-02,3.624092042446136475e-01,4.896267652511596680e-01
-8.982630819082260132e-02,3.536380231380462646e-01,4.035276547074317932e-02,4.480831623077392578e-01,6.433022022247314453e-01,6.041641831398010254e-01,3.626158535480499268e-01,-5.636062026023864746e-01,-1.872061789035797119e-01,-3.051545023918151855e-01,-5.088800787925720215e-01,1.369743496179580688e-01,-2.092334479093551636e-01,-1.384273618459701538e-01,3.177236914634704590e-01,-2.110603898763656616e-01,-2.041724696755409241e-02,4.605567455291748047e-01,-2.181682735681533813e-01,6.178300380706787109e-01,1.276731789112091064e-01,1.161759123206138611e-01,-5.288201197981834412e-02,2.115415334701538086e-01,2.329401820898056030e-01,-1.565380990505218506e-01,1.002646982669830322e-01,-8.669611066579818726e-02,5.328170657157897949e-01,4.555885195732116699e-01,4.159229695796966553e-01,6.501611471176147461e-01
-9.052307158708572388e-02,-4.321717917919158936e-01,2.781191170215606689e-01,4.186137318611145020e-01,9.396014809608459473e-01,7.970703244209289551e-01,7.535905838012695312e-01,5.716574192047119141e-01,1.036295056343078613e+00,3.140491843223571777e-01,1.584065556526184082e-01,1.205551743507385254e+00,2.494580596685409546e-01,3.151001632213592529e-01,7.336632609367370605e-01,3.232580795884132385e-02,1.012361288070678711e+00,6.465127468109130859e-01,9.785349369049072266e-01,1.504933834075927734e+00,6.256569623947143555e-01,4.360047280788421631e-01,-6.023988826200366020e-04,2.501531839370727539e-01,2.468663603067398071e-01,1.782407611608505249e-01,1.642986899241805077e-03,-5.737709403038024902e-01,2.002224922180175781e-01,6.143210530281066895e-01,6.955878436565399170e-02,3.580606579780578613e-01
1.317772626876831055e+00,7.755532264709472656e-01,8.872096538543701172e-01,6.134921908378601074e-01,1.776290535926818848e-01,3.541254699230194092e-01,4.378170892596244812e-02,-7.028260082006454468e-02,9.603795409202575684e-01,5.216851830482482910e-01,9.756147116422653198e-02,3.545555174350738525e-01,3.304916247725486755e-02,4.355751872062683105e-01,2.642309367656707764e-01,2.160035222768783569e-01,3.399968147277832031e-01,9.428238123655319214e-02,-1.351056545972824097e-01,1.099684834480285645e+00,1.929389536380767822e-01,2.127016037702560425e-01,3.385158777236938477e-01,-4.698396325111389160e-01,6.605857610702514648e-01,3.570169210433959961e-01,-4.021777212619781494e-01,5.938622951507568359e-01,-4.514239728450775146e-01,-3.174650371074676514e-01,5.787109211087226868e-02,2.015068233013153076e-01
7.089310288429260254e-01,2.931498587131500244e-01,6.300345659255981445e-01,3.784127831459045410e-01,4.107643961906433105e-01,5.563674494624137878e-02,2.191954851150512695e-01,-3.387275338172912598e-01,-2.082995697855949402e-02,-5.455909967422485352e-01,-2.481713891029357910e-01,-2.892396450042724609e-01,-7.771227359771728516e-01,2.455372512340545654e-01,1.539590805768966675e-01,6.378943920135498047e-01,4.455949366092681885e-01,6.229465454816818237e-02,1.330949664115905762e+00,7.117412686347961426e-01,-9.523238986730575562e-02,6.878342032432556152e-01,3.036090135574340820e-01,1.901712566614151001e-01,2.414824068546295166e-01,9.310854077339172363e-01,5.459674000740051270e-01,8.638567328453063965e-01,-3.518598973751068115e-01,2.847621142864227295e-01,7.209603786468505859e-01,4.950244426727294922e-01
8.191706985235214233e-02,-2.278766967356204987e-02,1.621787399053573608e-01,4.753978252410888672e-01,6.340511441230773926e-01,2.769802212715148926e-01,9.220700860023498535e-01,4.096081107854843140e-02,-1.840920299291610718e-01,-9.006676822900772095e-02,-8.524245023727416992e-02,7.502305787056684494e-03,-2.656787931919097900e-01,1.550960242748260498e-01,2.229013144969940186e-01,-1.659973859786987305e-01,5.774230360984802246e-01,-2.104501798748970032e-02,4.851143360137939453e-01,4.727405607700347900e-01,-1.628493815660476685e-01,4.802129268646240234e-01,-4.714846611022949219e-01,3.914389386773109436e-02,-4.652835428714752197e-02,1.665116101503372192e-01,-1.288611590862274170e-01,-1.407089531421661377e-01,1.688736081123352051e-01,4.994598031044006348e-01,-8.310742676258087158e-02,4.614503979682922363e-01
-3.682690262794494629e-01,1.953688561916351318e-01,-1.170820668339729309e-01,6.544958949089050293e-01,1.078477859497070312e+00,9.144473075866699219e-01,6.846541166305541992e-01,9.725949764251708984e-01,1.471673130989074707e+00,5.564239621162414551e-01,1.935725659132003784e-01,9.776907563209533691e-01,6.612870693206787109e-01,6.759778261184692383e-01,3.597677350044250488e-01,4.306275770068168640e-02,2.488336861133575439e-01,4.266255795955657959e-01,-1.131370197981595993e-02,6.140689253807067871e-01,7.924865484237670898e-01,2.748921513557434082e-01,1.609588265419006348e-01,3.579400181770324707e-01,1.509000808000564575e-01,4.155506193637847900e-01,-9.075945019721984863e-01,-2.185279130935668945e-02,2.997181415557861328e-01,6.083049178123474121e-01,-4.015572965145111084e-01,-4.263966903090476990e-02
6.950710713863372803e-02,-1.260402649641036987e-01,1.810362786054611206e-01,1.642682850360870361e-01,4.756988286972045898e-01,3.713701292872428894e-02,-2.837322652339935303e-01,3.135060966014862061e-01,5.720805525779724121e-01,4.746273159980773926e-01,1.497144103050231934e-01,2.440826445817947388e-01,3.198336064815521240e-01,4.526214003562927246e-01,4.887396991252899170e-01,7.625878453254699707e-01,4.971345365047454834e-01,2.024663835763931274e-01,6.496356129646301270e-01,1.480083107948303223e+00,4.339781701564788818e-01,9.426352381706237793e-02,9.776072949171066284e-02,6.762684136629104614e-02,2.592009902000427246e-01,-5.241386294364929199e-01,3.252406120300292969e-01,1.302447319030761719e-01,-1.213600859045982361e-01,1.419799774885177612e-01,3.476350605487823486e-01,5.014849901199340820e-01
1.260731935501098633e+00,1.038276553153991699e+00,9.877372384071350098e-01,9.778146147727966309e-01,6.344052553176879883e-01,1.615288108587265015e-01,3.058741688728332520e-01,2.275481969118118286e-01,7.003626227378845215e-01,2.759506404399871826e-01,-1.459756046533584595e-01,3.568176627159118652e-01,-4.215287268161773682e-01,-5.538604408502578735e-02,3.690552711486816406e-01,6.662886589765548706e-02,4.374328553676605225e-01,5.731353163719177246e-01,1.019837141036987305e+00,5.150583386421203613e-01,2.196937650442123413e-01,4.895683526992797852e-01,-3.706258833408355713e-01,7.547174692153930664e-01,-1.376453489065170288e-01,1.166950941085815430e+00,1.122882485389709473e+00,6.327368617057800293e-01,4.420534968376159668e-01,3.249002993106842041e-01,1.032216072082519531e+00,3.258412480354309082e-01
5.103339254856109619e-02,1.918284036219120026e-02,-7.338297367095947266e-02,6.652273982763290405e-02,-2.204096317291259766e-01,4.140432775020599365e-01,1.513589471578598022e-01,-1.386004388332366943e-01,2.459609508514404297e-01,-2.702218592166900635e-01,2.940108999609947205e-02,-2.192419916391372681e-01,-4.207574427127838135e-01,-1.898869276046752930e-01,-2.375828027725219727e-01,-6.261343359947204590e-01,9.913142770528793335e-02,-2.516998052597045898e-01,2.885996401309967041e-01,-3.776755928993225098e-01,-2.312962263822555542e-01,4.210322201251983643e-01,-1.291392594575881958e-01,-8.142478466033935547e-01,-6.088972464203834534e-02,-4.398307204246520996e-01,-3.701961338520050049e-01,-2.107843905687332153e-01,-2.277639061212539673e-01,-5.902566313743591309e-01,-2.777812480926513672e-01,-4.525098204612731934e-01
-3.104939460754394531e-01,-4.978097043931484222e-03,-3.359318375587463379e-01,2.913142554461956024e-02,-4.016240239143371582e-01,-4.935268163681030273e-01,-3.547250926494598389e-01,-9.224938154220581055e-01,-9.960087537765502930e-01,-7.151930332183837891e-01,-2.828000783920288086e-01,-3.243172168731689453e-01,-5.194842219352722168e-01,-7.818040251731872559e-01,-2.626949250698089600e-01,-1.016963958740234375e+00,-6.487017273902893066e-01,-2.234063483774662018e-02,-1.186506628990173340e+00,-5.483310818672180176e-01,-4.316730499267578125e-01,-6.603814363479614258e-01,-3.603528439998626709e-01,-2.058320492506027222e-01,-2.239627838134765625e-01,-2.459012717008590698e-01,2.506971359252929688e-03,-2.458744347095489502e-01,3.481208384037017822e-01,7.764164209365844727e-01,1.582263857126235962e-01,2.867236435413360596e-01
4.439340233802795410e-01,2.388199269771575928e-01,3.611867725849151611e-01,4.921922385692596436e-01,1.215030532330274582e-02,3.344738185405731201e-01,1.158505603671073914e-01,-4.366661608219146729e-01,4.030323922634124756e-01,-1.202182471752166748e-01,-1.215054765343666077e-01,5.111303329467773438e-01,-2.260151319205760956e-02,-4.473735094070434570e-01,1.288291066884994507e-01,-1.161291971802711487e-01,-5.883219242095947266e-01,3.207351863384246826e-01,-7.266547530889511108e-02,-1.314757764339447021e-01,4.790356755256652832e-01,-3.188702762126922607e-01,-1.109274476766586304e-01,4.312118291854858398e-01,1.472568958997726440e-01,-4.770975410938262939e-01,2.115487307310104370e-01,-3.721776306629180908e-01,8.720690011978149414e-02,-3.831484913825988770e-01,-2.961638383567333221e-02,1.747892946004867554e-01
1.226232647895812988e+00,1.289498805999755859e+00,1.174127578735351562e+00,1.315857410430908203e+00,3.217949569225311279e-01,2.652545571327209473e-01,1.169385313987731934e+00,-4.784598350524902344e-01,-5.407415628433227539e-01,-2.981334924697875977e-01,-2.145501673221588135e-01,-5.416550040245056152e-01,-2.861300110816955566e-01,7.649088650941848755e-02,1.873228400945663452e-01,4.767251908779144287e-01,2.433842420578002930e-01,3.956358432769775391e-01,1.033699959516525269e-01,7.485213130712509155e-02,7.755976915359497070e-02,5.820298194885253906e-01,-1.059791669249534607e-01,1.590271107852458954e-02,1.031034514307975769e-01,6.120201349258422852e-01,-1.085221171379089355e-01,9.457567334175109863e-01,-6.513728946447372437e-02,4.302283525466918945e-01,6.786350011825561523e-01,7.890630960464477539e-01
-2.233605533838272095e-01,6.351365242153406143e-03,3.300068676471710205e-01,3.462393581867218018e-01,6.336528062820434570e-01,4.997163116931915283e-01,7.788170576095581055e-01,7.088056951761245728e-02,-9.154267609119415283e-02,2.737108170986175537e-01,1.590222269296646118e-01,9.277660399675369263e-02,4.546246528625488281e-01,-4.102040827274322510e-02,2.639451622962951660e-01,6.261458396911621094e-01,1.547399759292602539e-01,4.315979480743408203e-01,4.729700088500976562e-01,2.314324490725994110e-02,2.225982248783111572e-01,5.703355073928833008e-01,1.656166613101959229e-01,3.655365407466888428e-01,3.227888941764831543e-01,1.434268504381179810e-01,5.556836724281311035e-01,7.487154006958007812e-02,4.400699734687805176e-01,4.919010996818542480e-01,9.031068086624145508e-01,1.011264562606811523e+00
1.727037876844406128e-01,3.042647242546081543e-01,4.224639236927032471e-01,4.942413568496704102e-01,5.028323084115982056e-02,3.833020925521850586e-01,7.057678699493408203e-01,-3.788981735706329346e-01,-2.590761184692382812e-01,3.353490531444549561e-01,9.396259486675262451e-02,2.931339740753173828e-01,4.769456982612609863e-01,-3.547047823667526245e-02,1.695514619350433350e-01,5.544358491897583008e-01,2.228701263666152954e-01,4.669472575187683105e-02,6.335099935531616211e-01,2.678894102573394775e-01,1.848710142076015472e-02,6.512368917465209961e-01,6.509134918451309204e-02,1.416566967964172363e-01,1.575150191783905029e-01,-3.963257744908332825e-02,-7.690736651420593262e-01,-1.936230659484863281e-01,-4.090858697891235352e-01,8.786592632532119751e-02,-3.541937768459320068e-01,2.012775689363479614e-01
7.186104655265808105e-01,5.829952359199523926e-01,5.475378036499023438e-01,6.314696073532104492e-01,-3.578475117683410645e-01,9.748465381562709808e-03,-1.134833395481109619e-01,-4.927897155284881592e-01,-1.191936433315277100e-01,2.836177051067352295e-01,-3.725761175155639648e-01,-2.262145578861236572e-01,1.361466497182846069e-01,-8.605601787567138672e-01,4.508750736713409424e-01,-2.685731947422027588e-01,-8.920617699623107910e-01,-3.087419569492340088e-01,-1.395452022552490234e-01,-2.747192978858947754e-01,2.531180679798126221e-01,-1.489198803901672363e-01,2.966061234474182129e-01,5.952388048171997070e-01,2.749176695942878723e-02,-3.693935573101043701e-01,2.735148370265960693e-01,-2.861268222332000732e-01,-1.727266609668731689e-01,-4.566066339612007141e-02,2.350247204303741455e-01,8.144676685333251953e-01
1.364248752593994141e+00,1.182276606559753418e+00,1.029881238937377930e+00,8.112859129905700684e-01,3.720339238643646240e-01,5.161356925964355469e-02,8.024414777755737305e-01,-1.465662270784378052e-01,-7.187746167182922363e-01,6.704396754503250122e-02,-3.297198191285133362e-02,8.034911751747131348e-02,1.566446125507354736e-01,-1.073741763830184937e-01,9.752825498580932617e-01,7.614383101463317871e-01,7.173647284507751465e-01,1.358856797218322754e+00,6.191029548645019531e-01,4.469207227230072021e-01,1.133998513221740723e+00,1.015101432800292969e+00,3.970131278038024902e-01,1.594254851341247559e+00,3.204512894153594971e-01,8.913158774375915527e-01,2.052487373352050781e+00,9.475705623626708984e-01,1.269185304641723633e+00,1.872148990631103516e+00,2.534867286682128906e+00,2.063647270202636719e+00
-2.137376368045806885e-02,5.932089686393737793e-01,2.917996942996978760e-01,7.600788474082946777e-01,5.849630236625671387e-01,4.140604734420776367e-01,8.014611601829528809e-01,2.135600196197628975e-03,-1.145271286368370056e-01,3.297064006328582764e-01,2.155800163745880127e-01,4.853590950369834900e-02,2.990317940711975098e-01,1.357278972864151001e-02,-1.087536960840225220e-01,5.429632067680358887e-01,-1.023526564240455627e-01,8.622854948043823242e-02,5.634509921073913574e-01,-3.251129686832427979e-01,9.782949835062026978e-02,6.876617074012756348e-01,-4.775086790323257446e-02,-4.565819799900054932e-01,1.511487662792205811e-01,-1.016899943351745605e-01,-1.172922730445861816e+00,-1.886874288320541382e-01,-2.719943523406982422e-01,2.557614259421825409e-02,-1.005141437053680420e-01,2.244730442762374878e-01
1.463773250579833984e-01,4.338883757591247559e-01,5.144091844558715820e-01,5.185562968254089355e-01,3.631812632083892822e-01,2.471158653497695923e-01,6.471610665321350098e-01,6.994090229272842407e-02,8.608586154878139496e-03,5.037450194358825684e-01,3.262664675712585449e-01,1.538831740617752075e-01,5.519256591796875000e-01,4.432393908500671387e-01,1.569418162107467651e-01,2.350863367319107056e-01,7.533552646636962891e-01,6.167485713958740234e-01,4.927618503570556641e-01,5.902104377746582031e-01,4.144307076930999756e-01,3.302961587905883789e-01,-1.121214851737022400e-01,9.893873333930969238e-01,1.726348698139190674e-01,1.343498285859823227e-02,7.003231644630432129e-01,9.989150166511535645e-01,9.718382954597473145e-01,1.287106275558471680e+00,9.242126941680908203e-01,4.574698805809020996e-01
1.179116249084472656e+00,1.345952987670898438e+00,1.080568313598632812e+00,1.373972415924072266e+00,2.901023626327514648e-01,6.397022008895874023e-01,2.610881924629211426e-01,4.709638953208923340e-01,7.508662939071655273e-01,7.648999094963073730e-01,2.205165773630142212e-01,7.825878262519836426e-01,8.643267154693603516e-01,-8.034185320138931274e-02,6.002975106239318848e-01,5.992229580879211426e-01,-3.436055779457092285e-01,3.207176625728607178e-01,1.267335057258605957e+00,4.409445822238922119e-02,5.958286523818969727e-01,3.782618641853332520e-01,2.383132874965667725e-01,7.313634157180786133e-01,5.336213111877441406e-01,1.045625209808349609e+00,8.330652117729187012e-01,1.411031126976013184e+00,1.567216366529464722e-01,-2.717735171318054199e-01,6.799058914184570312e-01,-3.488074839115142822e-01
1.183635711669921875e+00,1.420517206192016602e+00,1.570214629173278809e+00,1.109867215156555176e+00,9.642561674118041992e-01,6.420060992240905762e-01,8.636067509651184082e-01,4.602645337581634521e-01,-8.867314457893371582e-02,7.928115725517272949e-01,7.675738632678985596e-02,2.013023197650909424e-01,1.391383707523345947e-01,2.522575855255126953e-01,8.686364293098449707e-01,1.350867033004760742e+00,1.216654777526855469e+00,1.347161293029785156e+00,1.299643635749816895e+00,1.067473530769348145e+00,1.308957457542419434e+00,1.437475562095642090e+00,6.239561438560485840e-01,1.227927923202514648e+00,4.987809658050537109e-01,1.419725298881530762e+00,5.622131228446960449e-01,5.289143323898315430e-01,7.930242419242858887e-01,5.390117764472961426e-01,2.078502655029296875e+00,1.214271903038024902e+00
-6.465422511100769043e-01,-3.217953741550445557e-01,-3.386679589748382568e-01,-6.147385761141777039e-02,-1.805946975946426392e-01,4.555989205837249756e-01,4.868353903293609619e-02,3.574781119823455811e-01,4.981690347194671631e-01,2.531431913375854492e-01,6.184415221214294434e-01,1.740993112325668335e-01,-2.507202029228210449e-01,3.126460909843444824e-01,-6.321967244148254395e-01,-5.385488867759704590e-01,-8.210494183003902435e-03,6.915792077779769897e-02,6.745257377624511719e-01,-8.556078076362609863e-01,-2.247189283370971680e-01,2.819854021072387695e-01,4.090826213359832764e-01,-1.085932552814483643e-01,1.277105063199996948e-01,3.833265900611877441e-01,-7.299394607543945312e-01,-4.585772752761840820e-01,7.297108769416809082e-01,2.036835849285125732e-01,2.523633651435375214e-02,-9.451167583465576172e-01
-5.973355099558830261e-02,-1.778811402618885040e-02,5.205900073051452637e-01,4.303169995546340942e-02,-2.841268181800842285e-01,-2.208276689052581787e-01,-2.113525569438934326e-01,1.484242081642150879e-02,-1.826149411499500275e-02,-2.056976854801177979e-01,3.296974301338195801e-01,8.309805393218994141e-02,-2.728776335716247559e-01,-2.203549146652221680e-01,-6.266420483589172363e-01,-8.123295903205871582e-01,-5.086147189140319824e-01,-3.358273506164550781e-01,-4.399168193340301514e-01,-6.690081954002380371e-01,-1.657384783029556274e-01,-2.256611585617065430e-01,3.574807047843933105e-01,-7.294925302267074585e-02,-1.673752516508102417e-01,-1.807808279991149902e-01,-9.634135663509368896e-02,-5.677191615104675293e-01,1.698995679616928101e-01,-1.079257726669311523e+00,-8.379053473472595215e-01,-5.516480803489685059e-01
1.351688146591186523e+00,1.262290954589843750e+00,1.371895551681518555e+00,1.407054185867309570e+00,1.031470179557800293e+00,8.214500546455383301e-01,1.281457901000976562e+00,4.804032444953918457e-01,-1.333154831081628799e-02,9.670009836554527283e-03,4.409939646720886230e-01,2.362939864397048950e-01,3.337871730327606201e-01,4.773506820201873779e-01,3.169378042221069336e-01,7.188238501548767090e-01,4.382563531398773193e-01,6.546716094017028809e-01,8.057360649108886719e-01,4.581577777862548828e-01,1.123533248901367188e+00,9.900832772254943848e-01,6.584327220916748047e-01,1.111593008041381836e+00,5.079697370529174805e-01,8.965578675270080566e-01,1.104087233543395996e+00,6.597171425819396973e-01,5.829296708106994629e-01,4.525650441646575928e-01,7.835519313812255859e-01,1.003199219703674316e+00
1.554673075675964355e+00,1.027354836463928223e+00,1.119779348373413086e+00,1.104205727577209473e+00,1.295966148376464844e+00,1.351357340812683105e+00,1.577002406120300293e+00,1.209240794181823730e+00,1.276432275772094727e+00,1.438656210899353027e+00,6.451728940010070801e-01,1.126691699028015137e+00,1.454794168472290039e+00,9.682930111885070801e-01,1.073534131050109863e+00,1.148566246032714844e+00,7.595555186271667480e-01,9.620829820632934570e-01,1.628371119499206543e+00,4.999909996986389160e-01,1.045143604278564453e+00,9.109264612197875977e-01,7.681768536567687988e-01,9.986128211021423340e-01,8.572681546211242676e-01,1.182950854301452637e+00,8.874537348747253418e-01,1.341077804565429688e+00,5.213490724563598633e-01,4.552491605281829834e-01,1.584805607795715332e+00,1.146894574165344238e+00
9.476392865180969238e-01,8.228022456169128418e-01,1.142002940177917480e+00,7.728806138038635254e-01,9.944216609001159668e-01,7.728796601295471191e-01,1.000236272811889648e+00,1.436169743537902832e+00,1.142862796783447266e+00,1.768728733062744141e+00,9.569430947303771973e-01,4.719437062740325928e-01,1.542722702026367188e+00,9.366168975830078125e-01,-1.425639688968658447e-01,8.158817887306213379e-01,1.253081321716308594e+00,6.429235339164733887e-01,1.233193516731262207e+00,6.163071393966674805e-01,4.882715344429016113e-01,1.288364052772521973e+00,8.451440930366516113e-01,6.295602321624755859e-01,7.075865864753723145e-01,1.140902757644653320e+00,1.078125238418579102e+00,1.207118272781372070e+00,5.557530522346496582e-01,-9.937364608049392700e-02,8.028196096420288086e-01,5.104255676269531250e-01
3.376489877700805664e-02,1.644274145364761353e-01,-7.102086395025253296e-02,-2.479023039340972900e-01,6.513360142707824707e-02,3.121744096279144287e-01,-2.107547670602798462e-01,7.345610260963439941e-01,1.849387884140014648e-01,8.905239105224609375e-01,6.879284381866455078e-01,6.134996190667152405e-02,8.805941939353942871e-01,5.981466174125671387e-01,-2.664813697338104248e-01,7.015918493270874023e-01,2.332846075296401978e-01,-6.310003995895385742e-02,1.299500316381454468e-01,3.923968076705932617e-01,4.287531971931457520e-02,4.626715183258056641e-01,3.454972505569458008e-01,2.493628859519958496e-01,4.264767467975616455e-01,3.693063929677009583e-02,-7.271066904067993164e-01,6.880054473876953125e-01,5.070539936423301697e-02,1.217720583081245422e-01,1.083437651395797729e-01,3.310722112655639648e-01
3.906031847000122070e-01,4.198982119560241699e-01,2.881974577903747559e-01,5.253796651959419250e-02,2.843702435493469238e-01,2.748654782772064209e-01,2.995854914188385010e-01,3.800514042377471924e-01,-3.051579296588897705e-01,2.404364943504333496e-01,1.596211045980453491e-01,-2.299370802938938141e-02,1.818405091762542725e-01,2.255839258432388306e-01,8.935699611902236938e-02,4.569986164569854736e-01,3.482799604535102844e-02,1.682375818490982056e-01,2.126116603612899780e-01,-2.848026454448699951e-01,3.273123502731323242e-01,3.174707889556884766e-01,3.822435736656188965e-01,8.176670670509338379e-01,1.322613805532455444e-01,6.462239027023315430e-01,1.045138001441955566e+00,9.696500897407531738e-01,7.203404307365417480e-01,6.585625410079956055e-01,7.839150428771972656e-01,9.256725907325744629e-01
-2.964833080768585205e-01,-3.098436295986175537e-01,1.513130217790603638e-01,-3.006937801837921143e-01,-1.781380772590637207e-01,-3.552086278796195984e-02,-3.201731666922569275e-02,1.705276668071746826e-01,-4.004545211791992188e-01,1.787551864981651306e-02,5.654938220977783203e-01,1.062778905034065247e-01,6.307154297828674316e-01,3.574797213077545166e-01,3.268326222896575928e-01,7.579665780067443848e-01,-3.058227598667144775e-01,-1.339387614279985428e-02,4.048873186111450195e-01,-9.451119601726531982e-02,2.114106863737106323e-01,2.918967604637145996e-01,2.465209811925888062e-01,-5.783683806657791138e-02,1.569927781820297241e-01,-6.546036601066589355e-01,-7.902767062187194824e-01,1.918441383168101311e-03,-5.359633564949035645e-01,-7.560542225837707520e-01,-3.671750724315643311e-01,-8.032763004302978516e-01
1.349466085433959961e+00,1.529863715171813965e+00,1.189382910728454590e+00,7.472770810127258301e-01,5.538679957389831543e-01,-1.765211522579193115e-01,1.803634315729141235e-01,-2.730151116847991943e-01,-2.645141184329986572e-01,1.234702989459037781e-01,3.673373162746429443e-01,-1.567036956548690796e-01,-5.399120505899190903e-03,-3.839645907282829285e-02,1.871978044509887695e-01,-2.206477820873260498e-01,1.158430576324462891e-01,7.358752936124801636e-02,1.793579757213592529e-01,-1.960599720478057861e-01,-6.116264313459396362e-02,7.584407925605773926e-01,3.189809620380401611e-01,6.270119547843933105e-01,5.750268101692199707e-01,1.069245338439941406e+00,1.144354581832885742e+00,1.309615373611450195e+00,8.323072195053100586e-01,5.746764540672302246e-01,3.420295119285583496e-01,2.789918184280395508e-01
9.626667946577072144e-02,4.943979978561401367e-01,2.336326539516448975e-01,3.280084431171417236e-01,7.036774754524230957e-01,4.657600224018096924e-01,5.477376580238342285e-01,3.918185532093048096e-01,-9.714061021804809570e-02,3.171074092388153076e-01,7.101541757583618164e-01,3.741130530834197998e-01,3.584221303462982178e-01,3.716565966606140137e-01,4.239590167999267578e-01,7.588058114051818848e-01,4.400970339775085449e-01,8.556672930717468262e-01,5.115511640906333923e-02,2.907557487487792969e-01,6.546247005462646484e-01,1.961762458086013794e-01,4.316940903663635254e-01,5.062255263328552246e-01,5.410941839218139648e-01,5.467751622200012207e-01,-2.066905945539474487e-01,4.628152847290039062e-01,7.433676123619079590e-01,9.388819932937622070e-01,7.182824015617370605e-01,5.336002111434936523e-01
2.723036408424377441e-01,-1.548145264387130737e-01,-1.438920497894287109e-01,-8.976028114557266235e-02,-1.147307455539703369e-01,2.103399038314819336e-01,2.818910777568817139e-01,6.723936796188354492e-01,2.032849490642547607e-01,3.929814398288726807e-01,5.601207017898559570e-01,2.072010785341262817e-01,2.452042102813720703e-01,9.512279182672500610e-02,-7.096049189567565918e-02,1.301998943090438843e-01,-2.836616933345794678e-01,-2.247194647789001465e-01,1.573320627212524414e-01,-2.050588279962539673e-01,1.113528981804847717e-01,-4.020529985427856445e-01,2.805672585964202881e-01,3.205057382583618164e-01,3.656367659568786621e-01,-2.962793409824371338e-01,6.832559704780578613e-01,4.248650074005126953e-01,-9.525501728057861328e-02,3.464657068252563477e-02,-9.936353564262390137e-01,-3.976367786526679993e-02
1.008691072463989258e+00,9.268487691879272461e-01,7.690449357032775879e-01,6.467218995094299316e-01,5.532482862472534180e-01,6.429345011711120605e-01,7.072264552116394043e-01,5.390040874481201172e-01,5.527935624122619629e-01,9.151403903961181641e-01,5.679845213890075684e-01,2.982452809810638428e-01,6.758950948715209961e-01,6.712018251419067383e-01,7.622046470642089844e-01,1.717601656913757324e+00,2.718424499034881592e-01,5.378035306930541992e-01,1.419597506523132324e+00,-9.831840544939041138e-02,7.322152256965637207e-01,9.134379029273986816e-01,5.140721201896667480e-01,5.465145707130432129e-01,6.435759067535400391e-01,1.225086212158203125e+00,7.344576716423034668e-01,1.348385334014892578e+00,8.246694803237915039e-01,2.482335865497589111e-01,7.309005856513977051e-01,-5.128847807645797729e-02
6.395745873451232910e-01,2.208601534366607666e-01,7.015475630760192871e-01,-1.422982513904571533e-01,8.117465972900390625e-01,4.520915448665618896e-01,2.799781858921051025e-01,9.792580604553222656e-01,6.772370338439941406e-01,9.400799870491027832e-01,3.837309777736663818e-01,3.308602571487426758e-01,3.648262917995452881e-01,3.648230135440826416e-01,5.696307420730590820e-01,2.735738158226013184e-01,3.632235527038574219e-01,4.349770545959472656e-01,1.359248161315917969e+00,-2.935015559196472168e-01,3.978645429015159607e-02,6.376830339431762695e-01,4.123420119285583496e-01,9.329052567481994629e-01,2.196854501962661743e-01,1.613978505134582520e+00,1.800812840461730957e+00,1.211338758468627930e+00,1.484820008277893066e+00,1.311818599700927734e+00,8.144391775131225586e-01,5.245137810707092285e-01
5.429312586784362793e-01,4.133966267108917236e-01,2.765246927738189697e-01,-1.774080544710159302e-01,-7.312314957380294800e-02,-2.904251813888549805e-01,-2.024575322866439819e-01,9.617888331413269043e-01,4.915173649787902832e-01,8.041399121284484863e-01,1.184338331222534180e+00,2.799906134605407715e-01,8.708711266517639160e-01,1.217700123786926270e+00,-2.461202070116996765e-02,7.584838867187500000e-01,1.232179641723632812e+00,7.255278825759887695e-01,5.088015198707580566e-01,4.186550676822662354e-01,3.438016772270202637e-01,6.532306671142578125e-01,6.869928836822509766e-01,3.810844421386718750e-01,5.791300535202026367e-01,9.004426598548889160e-01,1.281388252973556519e-01,7.976007461547851562e-01,1.881617158651351929e-01,9.690550565719604492e-01,2.706097662448883057e-01,1.051820144057273865e-01
6.965399384498596191e-01,5.645205378532409668e-01,3.985278308391571045e-01,4.249723553657531738e-01,7.179746031761169434e-01,3.944947719573974609e-01,8.701106905937194824e-01,9.080144762992858887e-01,5.036728978157043457e-01,7.703056335449218750e-01,8.773871660232543945e-01,3.575478494167327881e-01,5.197880268096923828e-01,1.350086808204650879e+00,5.430719256401062012e-01,1.058739185333251953e+00,1.005095362663269043e+00,5.985049009323120117e-01,6.240580677986145020e-01,7.919235229492187500e-01,7.978959083557128906e-01,6.777119636535644531e-01,8.449504375457763672e-01,8.056029677391052246e-01,7.612894177436828613e-01,8.288102149963378906e-01,1.478929042816162109e+00,7.689113020896911621e-01,1.024253606796264648e+00,1.054298520088195801e+00,-1.967617124319076538e-01,9.698961377143859863e-01
4.362696111202239990e-01,8.110865354537963867e-01,3.406757414340972900e-01,9.112284779548645020e-01,1.402176141738891602e+00,9.220982193946838379e-01,1.568394303321838379e+00,1.732334733009338379e+00,1.250747680664062500e+00,1.295845866203308105e+00,1.287009954452514648e+00,1.088578820228576660e+00,1.370745539665222168e+00,1.930847406387329102e+00,1.086608171463012695e+00,2.337758302688598633e+00,1.954049229621887207e+00,1.032396435737609863e+00,1.942548274993896484e+00,1.458716630935668945e+00,9.900050163269042969e-01,1.509385824203491211e+00,1.241533279418945312e+00,4.818231165409088135e-01,9.855008721351623535e-01,1.092043757438659668e+00,1.208020299673080444e-01,4.945916533470153809e-01,8.212952017784118652e-01,4.157280027866363525e-01,8.615303635597229004e-01,6.529120802879333496e-01
3.536934256553649902e-01,-5.280645191669464111e-02,5.748004913330078125e-01,7.900764048099517822e-02,1.226516842842102051e+00,1.280831456184387207e+00,1.295230865478515625e+00,2.115162372589111328e+00,1.822762370109558105e+00,1.521120548248291016e+00,1.799113869667053223e+00,2.176212787628173828e+00,1.399213671684265137e+00,1.945288538932800293e+00,7.775112390518188477e-01,9.148019552230834961e-01,1.633961081504821777e+00,1.258253931999206543e+00,2.521408796310424805e+00,1.390163660049438477e+00,8.999207019805908203e-01,1.220383882522583008e+00,1.469939231872558594e+00,1.002435326576232910e+00,1.186858534812927246e+00,5.559269189834594727e-01,6.855646371841430664e-01,6.119479537010192871e-01,1.255642652511596680e+00,1.111467003822326660e+00,1.191009804606437683e-01,8.300772309303283691e-01
1.097839355468750000e+00,1.281345009803771973e+00,9.668719172477722168e-01,1.121401429176330566e+00,1.198498129844665527e+00,1.334731698036193848e+00,1.301208615303039551e+00,2.046267986297607422e+00,1.575070261955261230e+00,1.540955901145935059e+00,1.685483455657958984e+00,1.841085791587829590e+00,2.165117502212524414e+00,1.941928386688232422e+00,1.479864716529846191e+00,1.640431284904479980e+00,1.753558158874511719e+00,1.517587423324584961e+00,2.174206972122192383e+00,1.963760852813720703e+00,2.347646713256835938e+00,1.454844474792480469e+00,1.439195394515991211e+00,1.529547214508056641e+00,1.295619487762451172e+00,6.448418498039245605e-01,6.919665932655334473e-01,1.330927491188049316e+00,6.105394959449768066e-01,4.012584984302520752e-01,2.171868085861206055e-02,6.435546875000000000e-01
1.234311342239379883e+00,8.311276435852050781e-01,1.159521937370300293e+00,1.482238173484802246e+00,1.838436365127563477e+00,1.980881333351135254e+00,1.837588429450988770e+00,1.631214022636413574e+00,2.097277402877807617e+00,1.831422328948974609e+00,1.300028562545776367e+00,1.734034776687622070e+00,1.423661589622497559e+00,1.692785501480102539e+00,1.695782542228698730e+00,1.553420543670654297e+00,1.695406556129455566e+00,1.145465254783630371e+00,9.626671075820922852e-01,1.938471674919128418e+00,1.326583981513977051e+00,1.303892493247985840e+00,1.180335998535156250e+00,1.250249862670898438e+00,1.511276245117187500e+00,1.072158932685852051e+00,8.330368995666503906e-01,1.602892756462097168e+00,6.302608251571655273e-01,6.275564432144165039e-01,9.561893343925476074e-01,5.098420381546020508e-01
1.398484468460083008e+00,1.554732680320739746e+00,1.700583577156066895e+00,1.075010895729064941e+00,1.849657058715820312e+00,1.935680747032165527e+00,1.526955842971801758e+00,1.634075760841369629e+00,2.199282169342041016e+00,1.860195398330688477e+00,1.218916654586791992e+00,1.509710192680358887e+00,1.023261904716491699e+00,1.334645152091979980e+00,8.960168361663818359e-01,1.173661351203918457e+00,1.970397591590881348e+00,1.221486449241638184e+00,1.053778290748596191e+00,1.581285834312438965e+00,9.333757758140563965e-01,1.819379925727844238e+00,1.140889644622802734e+00,1.292232394218444824e+00,1.055330753326416016e+00,3.135368824005126953e-01,1.175826311111450195e+00,1.284570932388305664e+00,7.826961874961853027e-01,-4.063799083232879639e-01,1.366143584251403809e+00,1.536028385162353516e+00
-5.926653146743774414e-01,-3.462567031383514404e-01,-1.231645122170448303e-01,-1.575082689523696899e-01,1.964852660894393921e-01,8.791328072547912598e-01,-3.246924281120300293e-01,7.992696762084960938e-01,1.140680074691772461e+00,6.554285287857055664e-01,5.702065229415893555e-01,4.698676764965057373e-01,1.867488026618957520e-01,3.617082536220550537e-01,2.642845213413238525e-01,-1.709980070590972900e-01,1.070270687341690063e-01,3.618797659873962402e-01,-2.704977095127105713e-01,4.230391085147857666e-01,2.756929397583007812e-01,3.003128170967102051e-01,5.173960924148559570e-01,3.907292783260345459e-01,4.791351258754730225e-01,8.377253264188766479e-02,-1.799212396144866943e-01,6.580428481101989746e-01,5.661723017692565918e-01,3.622001409530639648e-01,3.443897366523742676e-01,7.040755152702331543e-01
2.242079675197601318e-01,-1.504157781600952148e-01,1.055077183991670609e-02,3.815181553363800049e-02,-4.572409987449645996e-01,-6.086343433707952499e-03,-8.860595226287841797e-01,-1.884453594684600830e-01,-1.037828624248504639e-01,-2.664529085159301758e-01,3.049306571483612061e-01,2.997629344463348389e-01,-5.158380419015884399e-02,-4.509979486465454102e-01,5.076898932456970215e-01,-1.726878583431243896e-01,-6.040889620780944824e-01,4.586833417415618896e-01,-5.067965388298034668e-01,4.192549735307693481e-02,3.165858387947082520e-01,5.760868266224861145e-02,6.500421762466430664e-01,7.400566935539245605e-01,4.952496886253356934e-01,-4.546976089477539062e-01,9.573515057563781738e-01,5.464069843292236328e-01,5.762723088264465332e-01,6.309193372726440430e-01,3.131393492221832275e-01,6.019362211227416992e-01
4.193965792655944824e-01,6.998303532600402832e-01,6.157634854316711426e-01,4.199657440185546875e-01,3.051519095897674561e-01,2.386396937072277069e-02,9.220222383737564087e-02,-6.302583217620849609e-01,-6.114260554313659668e-01,-1.008437752723693848e+00,2.026509195566177368e-01,-3.420850932598114014e-01,-5.879899263381958008e-01,4.034082219004631042e-02,6.273564696311950684e-01,2.305685281753540039e-01,3.042726814746856689e-01,2.133915722370147705e-01,5.997693911194801331e-02,3.934120833873748779e-01,-1.047756075859069824e-01,9.018778204917907715e-01,7.442637681961059570e-01,7.749748826026916504e-01,4.836486876010894775e-01,5.576327443122863770e-01,5.781331062316894531e-01,1.635209769010543823e-01,3.825932145118713379e-01,-1.409927308559417725e-01,8.990671634674072266e-01,4.663895964622497559e-01
-2.397251315414905548e-02,2.412231415510177612e-01,-1.321011632680892944e-01,-1.782953143119812012e-01,-2.215604782104492188e-01,-3.757715523242950439e-01,-1.563803255558013916e-01,-5.504081845283508301e-01,1.364202238619327545e-02,-5.070832371711730957e-01,5.169005990028381348e-01,2.773991823196411133e-01,-7.102999091148376465e-02,3.284275531768798828e-01,1.142547875642776489e-01,-8.247104287147521973e-01,7.440791130065917969e-01,7.676178812980651855e-01,-4.310950040817260742e-01,-1.655561029911041260e-01,5.551355481147766113e-01,-1.092743687331676483e-02,4.393854141235351562e-01,6.305763721466064453e-01,1.854419708251953125e-01,3.466449677944183350e-01,1.113831847906112671e-01,5.436688661575317383e-01,1.036154747009277344e+00,1.246690392494201660e+00,-3.194030523300170898e-01,3.880501389503479004e-01
-1.041570901870727539e+00,-6.767422556877136230e-01,-6.538328528404235840e-01,-7.176175117492675781e-01,-1.420014381408691406e+00,-7.089042663574218750e-01,-1.332986831665039062e+00,-8.321365714073181152e-01,-5.510906577110290527e-01,-1.124520897865295410e+00,1.252386868000030518e-01,-5.972779989242553711e-01,-5.328768491744995117e-01,-1.145079135894775391e+00,-1.550664454698562622e-01,-8.133987188339233398e-01,-2.121989011764526367e+00,-1.053809165954589844e+00,-1.395480632781982422e+00,-1.033646941184997559e+00,-4.320725798606872559e-01,-8.537970781326293945e-01,1.926923394203186035e-01,-1.560271978378295898e-01,1.749227344989776611e-01,-1.082991600036621094e+00,-6.691064238548278809e-01,-7.862819433212280273e-01,-2.539373934268951416e-01,-6.500782966613769531e-01,-1.221715569496154785e+00,-5.618599653244018555e-01
-2.198202311992645264e-01,-3.411498665809631348e-01,7.885520905256271362e-02,2.696399688720703125e-01,-1.089610099792480469e+00,-9.690181016921997070e-01,-7.335528731346130371e-01,-1.321253061294555664e+00,-1.698855161666870117e+00,-1.222383975982666016e+00,2.976433634757995605e-01,-8.206577301025390625e-01,-7.893233895301818848e-01,-2.913147509098052979e-01,6.506646871566772461e-01,-6.023728102445602417e-02,-3.386889696121215820e-01,5.697211995720863342e-02,-8.274755626916885376e-02,-3.089150190353393555e-01,8.095598220825195312e-02,3.857576847076416016e-01,5.328971147537231445e-01,2.265410572290420532e-01,2.434718608856201172e-01,-1.776181906461715698e-01,1.012858986854553223e+00,4.610014855861663818e-01,6.055693030357360840e-01,2.386695295572280884e-01,4.078210145235061646e-02,1.687663942575454712e-01
9.056073427200317383e-01,1.046880960464477539e+00,9.636633396148681641e-01,5.181971788406372070e-01,4.292001128196716309e-01,-4.721214622259140015e-02,5.460638403892517090e-01,-9.158521294593811035e-01,-7.164037227630615234e-01,-5.276724100112915039e-01,5.030648112297058105e-01,-6.356915459036827087e-03,-1.927088648080825806e-01,3.782447874546051025e-01,2.085056006908416748e-01,5.422275066375732422e-01,8.023033738136291504e-01,2.823919355869293213e-01,4.938215911388397217e-01,8.473703861236572266e-01,1.809830367565155029e-01,1.004039764404296875e+00,1.277806282043457031e+00,7.542175054550170898e-01,8.106278777122497559e-01,5.314725041389465332e-01,5.229231119155883789e-01,8.331093788146972656e-01,1.011166930198669434e+00,4.550949037075042725e-01,4.442003667354583740e-01,8.607335686683654785e-01
3.890025019645690918e-01,1.809709966182708740e-01,4.882093966007232666e-01,-3.549006208777427673e-02,1.542579755187034607e-02,1.267128624022006989e-02,-4.897047579288482666e-01,-1.015691384673118591e-01,2.457633912563323975e-01,1.869822293519973755e-01,2.196210473775863647e-01,5.839342474937438965e-01,4.833965897560119629e-01,-4.783889353275299072e-01,8.265030980110168457e-01,1.639396697282791138e-01,-5.036496520042419434e-01,9.631509780883789062e-01,-6.780487895011901855e-01,-4.604421257972717285e-01,6.498914957046508789e-01,1.202593222260475159e-01,6.409093737602233887e-01,7.734265923500061035e-01,3.948444426059722900e-01,1.256301641464233398e+00,8.608260154724121094e-01,1.307505011558532715e+00,1.119485855102539062e+00,1.155523300170898438e+00,7.339416146278381348e-01,4.409016668796539307e-01
1.575632542371749878e-01,2.524882256984710693e-01,8.188658207654953003e-02,1.324962377548217773e-01,-4.673330485820770264e-01,-1.909117549657821655e-01,-5.004409551620483398e-01,-3.026572465896606445e-01,-3.474858403205871582e-01,-3.683649003505706787e-01,5.502251982688903809e-01,8.596153557300567627e-02,2.373275756835937500e-01,1.863757371902465820e-01,6.578624844551086426e-01,1.153831243515014648e+00,5.045215487480163574e-01,9.268211722373962402e-01,1.102441474795341492e-01,1.283607780933380127e-01,8.821405172348022461e-01,7.051264047622680664e-01,8.958854079246520996e-01,1.079158544540405273e+00,6.624384522438049316e-01,1.198004484176635742e+00,9.648157358169555664e-01,5.251995325088500977e-01,8.961677551269531250e-01,5.567207336425781250e-01,8.334345221519470215e-01,6.301125884056091309e-01
-2.867285907268524170e-01,1.775163710117340088e-01,-2.331208735704421997e-01,-3.480561077594757080e-01,-5.580508708953857422e-01,-1.952100098133087158e-01,-6.872126460075378418e-02,-7.165151834487915039e-01,-4.367046654224395752e-01,-6.324056982994079590e-01,4.444361329078674316e-01,1.436032913625240326e-02,-3.979689478874206543e-01,3.638791441917419434e-01,1.168981641530990601e-01,3.817594945430755615e-01,3.575077056884765625e-01,9.736209511756896973e-01,8.794612884521484375e-01,-2.613594532012939453e-01,8.728278279304504395e-01,9.194575548171997070e-01,7.754379510879516602e-01,1.093706488609313965e+00,3.878564834594726562e-01,1.508304119110107422e+00,3.349710628390312195e-02,-1.949136555194854736e-01,1.689442753791809082e+00,1.380031824111938477e+00,9.864184856414794922e-01,8.093200922012329102e-01
-1.299374271184206009e-02,3.579294681549072266e-01,3.490218818187713623e-01,6.460036039352416992e-01,3.082061111927032471e-01,-1.615803837776184082e-01,1.377294659614562988e-01,-3.450275659561157227e-01,-8.333205580711364746e-01,-9.401015043258666992e-01,8.002883791923522949e-01,1.072514727711677551e-01,2.605367898941040039e-01,1.690652370452880859e-01,7.388964295387268066e-02,-1.407414078712463379e-01,-4.960688650608062744e-01,4.168384075164794922e-01,-1.919033005833625793e-03,-3.298662304878234863e-01,7.263602018356323242e-01,4.596424996852874756e-01,9.659143090248107910e-01,9.664525985717773438e-01,7.329894304275512695e-01,3.952549397945404053e-01,5.894073843955993652e-01,-7.365419864654541016e-01,8.067037463188171387e-01,-2.432355880737304688e-01,2.651177048683166504e-01,-2.438338706269860268e-03
2.075872659683227539e+00,1.313895821571350098e+00,1.802430033683776855e+00,2.086076259613037109e+00,1.253495454788208008e+00,1.008132338523864746e+00,1.144493579864501953e+00,8.372833728790283203e-01,8.520712852478027344e-01,6.882720589637756348e-01,1.179704070091247559e+00,1.451681852340698242e+00,1.461806058883666992e+00,1.102340817451477051e+00,1.298203706741333008e+00,1.072166085243225098e+00,1.149227023124694824e+00,1.571775674819946289e+00,1.080157756805419922e+00,1.446602702140808105e+00,1.478568553924560547e+00,1.099223494529724121e+00,1.661652684211730957e+00,1.552498102188110352e+00,1.566769599914550781e+00,1.299022197723388672e+00,1.558826327323913574e+00,1.001077651977539062e+00,1.684358596801757812e+00,8.633876442909240723e-01,1.152270197868347168e+00,5.607970952987670898e-01
1.606026530265808105e+00,1.576704978942871094e+00,1.277233839035034180e+00,1.108008146286010742e+00,1.066770195960998535e+00,1.192115306854248047e+00,1.088851809501647949e+00,1.495026826858520508e+00,1.193253636360168457e+00,1.030254483222961426e+00,1.358920335769653320e+00,1.417434692382812500e+00,1.426513075828552246e+00,1.492195129394531250e+00,1.154764533042907715e+00,1.683574438095092773e+00,1.707637548446655273e+00,1.395466804504394531e+00,1.422862648963928223e+00,1.699724793434143066e+00,1.535720229148864746e+00,1.399766325950622559e+00,1.761478781700134277e+00,1.082771420478820801e+00,1.440290093421936035e+00,1.872567653656005859e+00,4.242305755615234375e-01,1.402119040489196777e+00,9.312785267829895020e-01,4.447903931140899658e-01,8.391989469528198242e-01,8.248254060745239258e-01
4.093593657016754150e-01,4.814592301845550537e-01,5.380893349647521973e-01,4.921499788761138916e-01,9.406195282936096191e-01,6.764265894889831543e-01,7.252556085586547852e-01,1.149977922439575195e+00,5.457373261451721191e-01,1.011474370956420898e+00,1.074636936187744141e+00,5.685144066810607910e-01,1.051052212715148926e+00,1.145645380020141602e+00,1.097146034240722656e+00,1.035380005836486816e+00,1.130553603172302246e+00,1.007412075996398926e+00,5.992252230644226074e-01,8.968411087989807129e-01,8.613483309745788574e-01,9.492683410644531250e-01,8.997257351875305176e-01,8.110544085502624512e-01,1.034391760826110840e+00,1.147028803825378418e+00,1.090136051177978516e+00,8.000075221061706543e-01,1.152818202972412109e+00,1.318420767784118652e+00,1.231088399887084961e+00,1.102483391761779785e+00
1.447841882705688477e+00,1.401420235633850098e+00,1.263513922691345215e+00,8.795197606086730957e-01,7.977815270423889160e-01,5.437649488449096680e-01,6.600732207298278809e-01,1.215092420578002930e+00,3.920717239379882812e-01,9.757449030876159668e-01,1.108991384506225586e+00,6.789729595184326172e-01,1.304460287094116211e+00,8.596163392066955566e-01,5.542526841163635254e-01,4.059003889560699463e-01,8.770455121994018555e-01,5.844632387161254883e-01,9.841488599777221680e-01,2.255024164915084839e-01,4.138928353786468506e-01,1.098322391510009766e+00,1.126776337623596191e+00,8.848423361778259277e-01,8.166708350181579590e-01,1.186250448226928711e+00,6.692197322845458984e-01,8.680773377418518066e-01,1.373423218727111816e+00,1.200782895088195801e+00,9.887560009956359863e-01,3.641252517700195312e-01
-1.100136861205101013e-01,3.805454969406127930e-01,6.818633079528808594e-01,5.944162607192993164e-01,1.365902304649353027e+00,1.467720031738281250e+00,1.588599324226379395e+00,1.664422631263732910e+00,8.989057540893554688e-01,1.639077425003051758e+00,1.223461508750915527e+00,9.778482317924499512e-01,1.178340554237365723e+00,9.246109127998352051e-01,1.334782361984252930e+00,1.028919458389282227e+00,4.133584499359130859e-01,8.317684531211853027e-01,6.077606081962585449e-01,7.753794193267822266e-01,1.224651336669921875e+00,7.633485794067382812e-01,1.377675414085388184e+00,9.407921433448791504e-01,1.293182373046875000e+00,9.446573257446289062e-01,4.642996191978454590e-01,9.269385933876037598e-01,9.145895242691040039e-01,1.195013642311096191e+00,3.667438626289367676e-01,1.050486326217651367e+00
3.275552988052368164e-01,1.128654778003692627e-01,4.586239159107208252e-01,1.854989528656005859e-01,3.524031043052673340e-01,6.545570492744445801e-01,-7.713806629180908203e-02,1.047170162200927734e+00,9.547063708305358887e-01,1.141707181930541992e+00,9.077565670013427734e-01,9.213232398033142090e-01,9.329259395599365234e-01,8.999193906784057617e-01,8.385769128799438477e-01,1.031919717788696289e+00,3.854330778121948242e-01,5.358075499534606934e-01,1.008666634559631348e+00,1.776699721813201904e-02,5.637874007225036621e-01,4.957605600357055664e-01,5.654373764991760254e-01,7.508950233459472656e-01,6.838872432708740234e-01,6.607919931411743164e-01,1.060972929000854492e+00,7.935546040534973145e-01,8.585947155952453613e-01,4.770305454730987549e-01,-7.137434929609298706e-02,2.927882075309753418e-01
1.756659865379333496e+00,1.619490861892700195e+00,1.331050634384155273e+00,1.247940421104431152e+00,1.610103487968444824e+00,1.365919947624206543e+00,1.491519212722778320e+00,1.288065791130065918e+00,6.987820267677307129e-01,9.562756419181823730e-01,1.368188977241516113e+00,8.279309868812561035e-01,1.101888060569763184e+00,1.669811844825744629e+00,1.287808775901794434e+00,1.319943666458129883e+00,1.745444536209106445e+00,1.701880097389221191e+00,1.631865382194519043e+00,5.005216598510742188e-01,1.412580490112304688e+00,1.652707695960998535e+00,1.374986171722412109e+00,1.218621850013732910e+00,1.308190345764160156e+00,1.698049902915954590e+00,2.060985565185546875e+00,1.377754926681518555e+00,2.276772737503051758e+00,1.313731312751770020e+00,1.555211901664733887e+00,1.721508860588073730e+00
2.262606024742126465e-01,2.903174757957458496e-01,1.433605700731277466e-01,4.254793822765350342e-01,7.203648090362548828e-01,1.141069054603576660e+00,8.977282643318176270e-01,1.896519660949707031e+00,1.494328260421752930e+00,1.321862339973449707e+00,1.611602902412414551e+00,1.816903829574584961e+00,1.720800161361694336e+00,1.474110722541809082e+00,1.035598039627075195e+00,7.596449851989746094e-01,6.106040477752685547e-01,9.026771783828735352e-01,6.166683435440063477e-01,4.016033709049224854e-01,7.501798272132873535e-01,7.500631213188171387e-01,1.084167361259460449e+00,2.576206922531127930e-01,1.150650382041931152e+00,7.920040488243103027e-01,-6.443058252334594727e-01,8.066697716712951660e-01,4.619799852371215820e-01,3.652544617652893066e-01,-5.622800588607788086e-01,1.486344635486602783e-01
-3.635799884796142578e-01,-5.010282993316650391e-02,2.245778888463973999e-01,5.271119475364685059e-01,3.080069124698638916e-01,9.660437107086181641e-01,1.144158840179443359e-01,1.184660077095031738e+00,5.842078328132629395e-01,7.314317822456359863e-01,1.029704213142395020e+00,7.488704323768615723e-01,6.359041929244995117e-01,5.608072876930236816e-01,8.993925452232360840e-01,5.756798386573791504e-01,-4.216173887252807617e-01,7.915343046188354492e-01,3.124013841152191162e-01,-1.304835975170135498e-01,1.108457684516906738e+00,4.107757806777954102e-01,9.797909855842590332e-01,7.346858978271484375e-01,8.437398672103881836e-01,2.942995727062225342e-01,9.213899374008178711e-01,2.693840563297271729e-01,6.458098888397216797e-01,-1.499089002609252930e-01,-1.118387281894683838e-01,3.161295652389526367e-01
8.226545453071594238e-01,1.276109457015991211e+00,6.584587097167968750e-01,1.002382993698120117e+00,7.884418964385986328e-01,9.471485018730163574e-01,9.367277026176452637e-01,6.811923384666442871e-01,9.818775057792663574e-01,5.230635404586791992e-01,1.054062366485595703e+00,1.286988973617553711e+00,6.866933107376098633e-01,1.309443950653076172e+00,7.076045274734497070e-01,7.648640275001525879e-01,5.784644484519958496e-01,4.207602739334106445e-01,6.811707615852355957e-01,1.787313818931579590e-01,7.995863556861877441e-01,9.436129331588745117e-01,1.001445055007934570e+00,7.161864638328552246e-01,1.127672195434570312e+00,-2.509565055370330811e-01,4.604612663388252258e-02,-1.618990153074264526e-01,8.080260753631591797e-01,-2.879706919193267822e-01,-2.786890268325805664e-01,2.354976721107959747e-03
1.810499072074890137e+00,1.684656739234924316e+00,1.774005889892578125e+00,1.262432217597961426e+00,1.518345475196838379e+00,7.884737849235534668e-01,9.388797283172607422e-01,1.081446528434753418e+00,6.805769801139831543e-01,8.491302132606506348e-01,1.104110836982727051e+00,9.838472008705139160e-01,5.779863595962524414e-01,1.350879549980163574e+00,9.358461499214172363e-01,1.104215979576110840e+00,1.773539543151855469e+00,1.525291085243225098e+00,1.732858180999755859e+00,1.092531919479370117e+00,1.011442661285400391e+00,1.189978718757629395e+00,1.503877997398376465e+00,1.859004259109497070e+00,1.121629238128662109e+00,1.266013622283935547e+00,2.587775230407714844e+00,1.474444389343261719e+00,2.131724357604980469e+00,2.099526643753051758e+00,2.008285760879516602e+00,1.988350629806518555e+00
8.328988552093505859e-01,8.299046158790588379e-01,8.305386304855346680e-01,1.104607105255126953e+00,1.380774855613708496e+00,1.708869934082031250e+00,1.273041129112243652e+00,1.917299032211303711e+00,1.658267736434936523e+00,1.182820916175842285e+00,1.605591654777526855e+00,1.583931446075439453e+00,1.428312778472900391e+00,1.473997473716735840e+00,1.545002579689025879e+00,1.506276845932006836e+00,9.313461780548095703e-01,1.371270298957824707e+00,6.051828265190124512e-01,7.517516613006591797e-01,1.587370395660400391e+00,1.413051843643188477e+00,1.451641440391540527e+00,5.327246785163879395e-01,1.342334270477294922e+00,1.464562535285949707e+00,-4.278847873210906982e-01,6.772098541259765625e-01,9.978749752044677734e-01,8.789677619934082031e-01,1.358200550079345703e+00,1.261308908462524414e+00
6.865026950836181641e-01,5.721807479858398438e-01,7.537305951118469238e-01,5.917967557907104492e-01,1.061414361000061035e+00,7.881470918655395508e-01,7.852014303207397461e-01,1.350169062614440918e+00,8.806442618370056152e-01,1.000576734542846680e+00,1.285062193870544434e+00,1.182815790176391602e+00,9.411064386367797852e-01,1.778790593147277832e+00,1.601924657821655273e+00,1.371605157852172852e+00,1.591818690299987793e+00,1.151278018951416016e+00,1.117278218269348145e+00,1.509341001510620117e+00,1.350126981735229492e+00,1.343212008476257324e+00,1.311755776405334473e+00,1.380503654479980469e+00,1.158856868743896484e+00,1.424157977104187012e+00,2.018267869949340820e+00,1.328241705894470215e+00,1.003620386123657227e+00,1.403109073638916016e+00,1.108424305915832520e+00,1.781675338745117188e+00
6.474273204803466797e-01,8.353547453880310059e-01,8.579981923103332520e-01,7.687612175941467285e-01,8.790934085845947266e-01,9.764283299446105957e-01,8.683651089668273926e-01,9.974960684776306152e-01,9.142883419990539551e-01,8.388571739196777344e-01,1.209357023239135742e+00,7.424848675727844238e-01,5.143889188766479492e-01,1.203032493591308594e+00,4.799701273441314697e-01,3.988880515098571777e-01,7.979195713996887207e-01,8.592215180397033691e-01,3.542191088199615479e-01,4.339531362056732178e-01,6.070008277893066406e-01,9.198217988014221191e-01,7.867651581764221191e-01,5.817069411277770996e-01,9.140546321868896484e-01,1.120656847953796387e+00,3.950392007827758789e-01,1.794265955686569214e-01,8.668935894966125488e-01,6.991018056869506836e-01,-2.085628807544708252e-01,1.746642440557479858e-01
8.820679783821105957e-02,6.824499368667602539e-01,7.294795513153076172e-01,9.507956504821777344e-01,7.928461432456970215e-01,1.117256641387939453e+00,1.157907843589782715e+00,1.125183582305908203e+00,1.189913630485534668e+00,7.187250852584838867e-01,1.133595943450927734e+00,1.346549272537231445e+00,1.135241031646728516e+00,9.691613912582397461e-01,9.568145871162414551e-01,6.719215512275695801e-01,8.241738080978393555e-01,1.428102254867553711e+00,-3.430486321449279785e-01,4.979374110698699951e-01,1.220102548599243164e+00,5.511070489883422852e-01,1.140416383743286133e+00,9.815327525138854980e-01,1.120522618293762207e+00,1.014758348464965820e+00,8.091285824775695801e-01,1.049090981483459473e+00,1.446859359741210938e+00,7.538637518882751465e-01,8.046578168869018555e-01,7.422136664390563965e-01
7.191377282142639160e-01,4.422352612018585205e-01,6.561949849128723145e-01,7.973222732543945312e-01,5.569443106651306152e-01,1.392345666885375977e+00,6.945534348487854004e-01,8.868719935417175293e-01,1.176290392875671387e+00,5.911412239074707031e-01,1.066129565238952637e+00,1.186166048049926758e+00,5.830582976341247559e-01,7.556967139244079590e-01,1.376058459281921387e+00,9.312292337417602539e-01,1.790808141231536865e-01,7.463102340698242188e-01,4.459889829158782959e-01,6.257444024085998535e-01,9.398301243782043457e-01,7.649205923080444336e-01,1.395510792732238770e+00,7.905066609382629395e-01,1.357043862342834473e+00,2.430250197649002075e-01,8.030381798744201660e-01,3.646957278251647949e-01,7.460123300552368164e-01,-4.629312753677368164e-01,-1.598830819129943848e-01,2.915794551372528076e-01
1.753496170043945312e+00,1.775292396545410156e+00,1.340991258621215820e+00,1.418334960937500000e+00,2.870039343833923340e-01,4.419820308685302734e-01,7.554317712783813477e-01,2.253912389278411865e-01,4.287358224391937256e-01,5.285984873771667480e-01,9.387863874435424805e-01,5.055752396583557129e-01,6.086047291755676270e-01,8.558031320571899414e-01,1.218134284019470215e+00,1.256131172180175781e+00,7.705270648002624512e-01,8.982300758361816406e-01,9.217086434364318848e-01,3.552707135677337646e-01,9.108931422233581543e-01,8.634784221649169922e-01,6.752246022224426270e-01,6.575109362602233887e-01,5.870257019996643066e-01,1.335504531860351562e+00,-3.151419013738632202e-02,1.345786690711975098e+00,7.727329730987548828e-01,5.616570115089416504e-01,6.285708546638488770e-01,5.302240848541259766e-01
1.228982090950012207e+00,1.711478352546691895e+00,1.466380119323730469e+00,1.566104650497436523e+00,7.646282315254211426e-01,8.615270853042602539e-01,5.579717159271240234e-01,4.288285076618194580e-01,5.108796358108520508e-01,3.609777987003326416e-01,1.520472407341003418e+00,1.309066414833068848e+00,1.276973843574523926e+00,1.172923088073730469e+00,1.359751582145690918e+00,7.622889876365661621e-01,1.343081951141357422e+00,1.715326547622680664e+00,4.768940210342407227e-01,1.008865475654602051e+00,1.522657871246337891e+00,1.457930922508239746e+00,1.643387079238891602e+00,1.373132944107055664e+00,1.612066984176635742e+00,1.324186325073242188e+00,6.889497637748718262e-01,1.318440198898315430e+00,8.927022814750671387e-01,1.126985430717468262e+00,9.078045487403869629e-01,2.167516469955444336e+00
8.343677520751953125e-01,8.970659971237182617e-01,1.027696371078491211e+00,1.340214610099792480e+00,1.663927793502807617e+00,2.203944206237792969e+00,1.158051371574401855e+00,1.411482214927673340e+00,1.389585852622985840e+00,1.085539340972900391e+00,1.317569613456726074e+00,2.267543315887451172e+00,1.652551531791687012e+00,1.658353328704833984e+00,2.251142501831054688e+00,1.368972659111022949e+00,1.063804030418395996e+00,1.540418267250061035e+00,9.781339764595031738e-01,2.378931760787963867e+00,1.879352927207946777e+00,1.192183375358581543e+00,1.713394403457641602e+00,1.443630695343017578e+00,1.787959575653076172e+00,-7.234221324324607849e-03,5.772691369056701660e-01,5.707014203071594238e-01,1.001431584358215332e+00,1.079381108283996582e+00,1.053775906562805176e+00,1.784718155860900879e+00
7.217176556587219238e-01,7.025125026702880859e-01,1.267411470413208008e+00,1.194726467132568359e+00,2.322965621948242188e+00,1.798308253288269043e+00,1.330308794975280762e+00,1.757748365402221680e+00,1.824295878410339355e+00,1.235198378562927246e+00,1.399879217147827148e+00,1.364632129669189453e+00,1.097610831260681152e+00,1.780923724174499512e+00,1.349606752395629883e+00,1.287479877471923828e+00,1.888970851898193359e+00,1.207007050514221191e+00,1.178028464317321777e+00,1.990826606750488281e+00,1.368798494338989258e+00,1.365910410881042480e+00,1.288100838661193848e+00,1.441679120063781738e+00,1.599695086479187012e+00,1.029600262641906738e+00,1.129270195960998535e+00,1.134025573730468750e+00,9.430657029151916504e-01,1.342300176620483398e+00,1.633621573448181152e+00,1.415882945060729980e+00
3.019821047782897949e-01,5.821155309677124023e-01,4.579152762889862061e-01,6.453909873962402344e-01,9.081965684890747070e-01,1.011399030685424805e+00,5.327451974153518677e-02,1.472667098045349121e+00,1.740082263946533203e+00,1.479640722274780273e+00,1.253539800643920898e+00,1.246270418167114258e+00,1.262693047523498535e+00,1.558360219001770020e+00,5.573247075080871582e-01,3.684360384941101074e-01,1.479850769042968750e+00,5.559771656990051270e-01,-4.827370345592498779e-01,1.416814208030700684e+00,6.104124188423156738e-01,8.100873231887817383e-01,1.002122759819030762e+00,5.454661846160888672e-01,1.138228774070739746e+00,5.078149437904357910e-01,-1.973425596952438354e-01,6.736171245574951172e-01,3.215141892433166504e-01,4.409956336021423340e-01,-3.821761608123779297e-01,2.444799393415451050e-01
-4.328234493732452393e-01,-5.212625861167907715e-01,-6.982012093067169189e-02,-3.916159272193908691e-01,-5.083652138710021973e-01,9.927273541688919067e-02,-1.474040031433105469e+00,5.982242822647094727e-01,6.453899741172790527e-01,4.203762114048004150e-01,9.482341408729553223e-01,5.308597087860107422e-01,4.228142499923706055e-01,2.517856359481811523e-01,3.134014010429382324e-01,-4.900831580162048340e-01,2.487368136644363403e-02,1.468248963356018066e-01,-1.366294145584106445e+00,3.367192149162292480e-01,-8.744106441736221313e-02,-4.403757154941558838e-01,4.626315534114837646e-01,2.041224241256713867e-01,3.751364052295684814e-01,7.341302931308746338e-02,7.015837430953979492e-01,5.711200237274169922e-01,1.279718577861785889e-01,9.276519417762756348e-01,-6.650183200836181641e-01,3.670012578368186951e-02
-3.214915394783020020e-01,-7.267377972602844238e-01,-4.721667170524597168e-01,-6.097953319549560547e-01,-7.051382064819335938e-01,-5.869195461273193359e-01,-1.202000379562377930e+00,1.017613410949707031e-01,-1.463553756475448608e-01,-6.370576471090316772e-02,9.125699996948242188e-01,-1.024837866425514221e-01,7.430218160152435303e-02,4.274201989173889160e-01,7.687594890594482422e-01,2.032203525304794312e-01,-4.014907777309417725e-01,-5.270008742809295654e-02,-6.480889320373535156e-01,5.846726298332214355e-01,4.220068752765655518e-01,-1.005515903234481812e-01,5.848324894905090332e-01,8.634236454963684082e-01,8.220672607421875000e-01,2.010515928268432617e-01,1.153065204620361328e+00,2.873825132846832275e-01,1.938615143299102783e-01,4.322645664215087891e-01,-4.346005618572235107e-02,2.713224887847900391e-01
