8.548941016197204590e-01,-2.956118285655975342e-01,7.062858939170837402e-01,3.108729720115661621e-01,9.253203272819519043e-01,1.622825384140014648e+00,8.167405128479003906e-01,1.578330278396606445e+00,1.679422259330749512e+00,-1.223140805959701538e-01,2.451651990413665771e-01,2.019595146179199219e+00,1.798951625823974609e+00,1.193849563598632812e+00,5.577240586280822754e-01,7.695192098617553711e-01,8.870019912719726562e-01,1.830515742301940918e+00,1.603597879409790039e+00,1.297482609748840332e+00,1.977332830429077148e+00,1.745691180229187012e+00,2.221428394317626953e+00,6.122457385063171387e-01,1.193052291870117188e+00,1.129475235939025879e+00,1.955763816833496094e+00,-2.607539296150207520e-01,2.408433198928833008e+00,5.751424431800842285e-01,1.155349731445312500e+00,-1.127890586853027344e+00
-2.070547580718994141e+00,-2.195170164108276367e+00,-1.369475841522216797e+00,-1.150153517723083496e+00,-2.837966978549957275e-01,1.042613387107849121e+00,-8.147535920143127441e-01,1.165843725204467773e+00,9.079396724700927734e-01,8.694332838058471680e-01,-7.135955095291137695e-01,1.079558610916137695e+00,1.509652972221374512e+00,7.027674913406372070e-01,-1.359835505485534668e+00,3.159559369087219238e-01,7.034696340560913086e-01,-3.453597724437713623e-01,1.458220481872558594e-01,6.918280720710754395e-01,-3.093002922832965851e-02,-2.051385790109634399e-01,2.480004131793975830e-01,-1.773991346359252930e+00,-3.887218832969665527e-01,2.082423716783523560e-01,-2.170363426208496094e+00,-2.430159568786621094e+00,-1.748213052749633789e+00,-2.795181751251220703e+00,-2.131215333938598633e+00,-1.837803602218627930e+00
-3.333922147750854492e+00,-3.728691816329956055e+00,-2.505299329757690430e+00,-2.847739458084106445e+00,-2.496401309967041016e+00,-1.391951322555541992e+00,-2.864423513412475586e+00,-1.325960397720336914e+00,-1.185628175735473633e+00,-1.767844438552856445e+00,-2.441852569580078125e+00,-7.375284433364868164e-01,-2.368941068649291992e+00,-2.547261118888854980e-02,-2.794807672500610352e+00,-2.136898994445800781e+00,9.615956246852874756e-02,-2.824414491653442383e+00,-1.792699575424194336e+00,-9.372389912605285645e-01,-2.984134435653686523e+00,-2.189538240432739258e+00,-2.640450954437255859e+00,-3.206727027893066406e+00,-2.725034236907958984e+00,-3.584289252758026123e-01,-2.125118255615234375e+00,-3.260296106338500977e+00,-3.409896373748779297e+00,-3.491850376129150391e+00,-1.841834545135498047e+00,-2.500909328460693359e+00
-1.574952960014343262e+00,-2.443284749984741211e+00,-2.527571439743041992e+00,-2.930545330047607422e+00,-3.506332874298095703e+00,-2.390750408172607422e+00,-3.634639739990234375e+00,-2.439125776290893555e+00,-2.205637693405151367e+00,-2.790549755096435547e+00,-1.964411139488220215e+00,-1.165290474891662598e+00,-2.201082468032836914e+00,-5.623445510864257812e-01,-2.496539831161499023e+00,-1.490074396133422852e+00,-2.396678328514099121e-01,-2.171574354171752930e+00,-2.095916986465454102e+00,-9.702798724174499512e-01,-1.963953018188476562e+00,-2.258396625518798828e+00,-1.561077356338500977e+00,-2.478534698486328125e+00,-1.829158425331115723e+00,-6.126471161842346191e-01,-1.222651839256286621e+00,-2.936416149139404297e+00,-2.052938699722290039e+00,-3.160172939300537109e+00,-2.150984287261962891e+00,-2.964461565017700195e+00
-1.477915883064270020e+00,-7.327190637588500977e-01,-1.334742307662963867e+00,-1.711459040641784668e+00,-1.776989579200744629e+00,-2.138492107391357422e+00,-1.730399966239929199e+00,-1.654196619987487793e+00,-2.710077762603759766e+00,-2.751868724822998047e+00,-1.239551782608032227e+00,-9.741465449333190918e-01,-1.475380063056945801e+00,3.924497067928314209e-01,-7.890556454658508301e-01,-1.187344908714294434e+00,2.596569657325744629e-01,-2.440228909254074097e-01,8.016136474907398224e-03,-1.068173572421073914e-01,8.350541442632675171e-02,1.172000616788864136e-01,-1.577235460281372070e-01,-6.980953812599182129e-01,-7.409025430679321289e-01,4.274448752403259277e-01,-1.523467063903808594e+00,-1.255046129226684570e+00,-3.521678149700164795e-01,-5.650246143341064453e-01,-1.556110680103302002e-01,-1.999095082283020020e+00
-9.725877046585083008e-01,-1.324642419815063477e+00,-6.640918254852294922e-01,-1.074309706687927246e+00,2.115155607461929321e-01,-9.074251353740692139e-02,-6.860187053680419922e-01,1.530518084764480591e-01,-3.994166254997253418e-01,-1.173172235488891602e+00,-9.745300412178039551e-01,5.560382008552551270e-01,1.873167604207992554e-01,6.468992233276367188e-01,-5.438986420631408691e-01,-2.214439809322357178e-01,6.786814332008361816e-01,-3.036665543913841248e-02,-9.040818810462951660e-01,5.527713298797607422e-01,-3.298699855804443359e-01,-9.493974447250366211e-01,-5.933809280395507812e-01,-8.718205094337463379e-01,-1.060773015022277832e+00,3.034939169883728027e-01,-2.759934067726135254e-01,-2.134589672088623047e+00,-8.497239351272583008e-01,-8.050419688224792480e-01,-1.058862328529357910e+00,-6.379630565643310547e-01
-1.942606925964355469e+00,-2.276332139968872070e+00,-1.231252074241638184e+00,-1.933992147445678711e+00,-7.537890076637268066e-01,-3.210721313953399658e-01,-1.124037504196166992e+00,-5.996312499046325684e-01,1.185123324394226074e-01,-7.073159813880920410e-01,-1.051703333854675293e+00,2.604476213455200195e-01,-9.191313982009887695e-01,6.192693114280700684e-01,-1.703724384307861328e+00,-7.053579688072204590e-01,4.980047047138214111e-01,-6.630769968032836914e-01,-2.338760346174240112e-01,2.313218265771865845e-01,-7.631734609603881836e-01,-5.654839277267456055e-01,-2.741212546825408936e-01,-2.082149982452392578e+00,-9.938064217567443848e-01,1.016947269439697266e+00,-4.007634818553924561e-01,-7.529381513595581055e-01,-8.940662741661071777e-01,-2.106419801712036133e+00,-1.029056668281555176e+00,-2.044258832931518555e+00
-2.194351673126220703e+00,-2.138711929321289062e+00,-2.530058383941650391e+00,-2.205923080444335938e+00,-1.333052992820739746e+00,-1.592142343521118164e+00,-1.566133260726928711e+00,-1.922601580619812012e+00,-1.536544561386108398e+00,-2.554750442504882812e+00,-2.186437129974365234e+00,-1.605483889579772949e+00,-2.523895978927612305e+00,2.954712212085723877e-01,-2.332647800445556641e+00,-2.394200801849365234e+00,4.032889604568481445e-01,-2.611618518829345703e+00,-2.231746673583984375e+00,-3.399381637573242188e-01,-2.337302446365356445e+00,-2.111575841903686523e+00,-1.663472771644592285e+00,-2.742843151092529297e+00,-2.518691778182983398e+00,-2.075555035844445229e-03,-2.284168004989624023e+00,-2.274018287658691406e+00,-2.601566076278686523e+00,-1.438530564308166504e+00,-1.376972079277038574e+00,-1.778288125991821289e+00
-2.115294456481933594e+00,-2.056984663009643555e+00,-2.321930170059204102e+00,-2.506008625030517578e+00,-1.794546008110046387e+00,-2.244761228561401367e+00,-1.586389183998107910e+00,-2.978456735610961914e+00,-2.202773094177246094e+00,-2.830551147460937500e+00,-2.564370632171630859e+00,-1.962960004806518555e+00,-3.246392011642456055e+00,-9.816220402717590332e-02,-2.485882043838500977e+00,-1.882465481758117676e+00,3.138948082923889160e-01,-2.838579893112182617e+00,-2.156735897064208984e+00,-3.915923833847045898e-01,-2.548283338546752930e+00,-2.423476696014404297e+00,-1.740768671035766602e+00,-1.890775561332702637e+00,-2.312349081039428711e+00,-5.254140496253967285e-01,-2.545169293880462646e-01,-1.880789518356323242e+00,-2.039972543716430664e+00,-2.336319446563720703e+00,-1.625230550765991211e+00,-2.048367261886596680e+00
-9.711817502975463867e-01,-9.550266861915588379e-01,-1.291701078414916992e+00,-6.117235422134399414e-01,-3.957322537899017334e-01,-1.100930690765380859e+00,2.299114763736724854e-01,-1.589000821113586426e+00,-2.173358917236328125e+00,-2.502718925476074219e+00,-1.981725215911865234e+00,-5.078372955322265625e-01,-2.184167146682739258e+00,2.463348060846328735e-01,-5.208957791328430176e-01,-1.826318860054016113e+00,5.295353531837463379e-01,-1.438358664512634277e+00,-1.732028961181640625e+00,-5.605372786521911621e-02,-1.776089429855346680e+00,-1.672934770584106445e+00,-1.579277992248535156e+00,-1.780400276184082031e+00,-2.242939949035644531e+00,-7.210686802864074707e-02,-6.845627427101135254e-01,-1.325856566429138184e+00,-5.417094230651855469e-01,-4.868924617767333984e-01,-1.811805367469787598e+00,-5.393640398979187012e-01
-2.060057163238525391e+00,-2.181634187698364258e+00,-1.632942795753479004e+00,-1.079282641410827637e+00,2.574365437030792236e-01,8.501530438661575317e-02,7.537535429000854492e-01,1.419708579778671265e-01,3.189120888710021973e-01,-8.414291143417358398e-01,-9.767827987670898438e-01,6.523553729057312012e-01,-4.572676718235015869e-01,6.270908713340759277e-01,-4.607388973236083984e-01,-8.226876854896545410e-01,6.951916217803955078e-01,-3.589803278446197510e-01,-1.355196475982666016e+00,1.622654870152473450e-02,-7.829316854476928711e-01,-1.417838692665100098e+00,-3.621287345886230469e-01,-8.326067328453063965e-01,-8.442373275756835938e-01,3.284304440021514893e-01,-5.330709815025329590e-01,-1.029838919639587402e+00,-3.966613411903381348e-01,-2.543322741985321045e-01,-1.549995183944702148e+00,-9.890303015708923340e-01
-1.066136956214904785e+00,-8.666794896125793457e-01,-1.478349685668945312e+00,-1.424175739288330078e+00,-9.801717996597290039e-01,-4.835245311260223389e-01,-6.978626251220703125e-01,4.678618535399436951e-02,-2.655936181545257568e-01,-3.839394748210906982e-01,-7.492696642875671387e-01,6.087442040443420410e-01,-1.021871343255043030e-02,8.673963546752929688e-01,-9.322242736816406250e-01,-4.704138040542602539e-01,9.173454642295837402e-01,-8.673565983772277832e-01,-4.443953335285186768e-01,6.300923824310302734e-01,-1.190268278121948242e+00,-9.872502684593200684e-01,-6.494805812835693359e-01,-1.500410199165344238e+00,-1.286963343620300293e+00,-3.594293892383575439e-01,-1.642909288406372070e+00,-1.770684599876403809e+00,-1.233570218086242676e+00,-1.066306829452514648e+00,-2.370331048965454102e+00,-1.390191435813903809e+00
-8.665201663970947266e-01,-7.150388360023498535e-01,-7.549292445182800293e-01,-1.413209676742553711e+00,-7.274541854858398438e-01,-3.854433447122573853e-02,-9.715630412101745605e-01,-4.688585698604583740e-01,-5.663304589688777924e-03,-1.010724902153015137e+00,-1.120316147804260254e+00,4.530819654464721680e-01,-9.470710158348083496e-01,7.977712154388427734e-01,-8.939453363418579102e-01,-1.763055443763732910e+00,7.012695074081420898e-01,-1.200845003128051758e+00,-1.438754439353942871e+00,2.706502676010131836e-01,-1.574940443038940430e+00,-1.296048045158386230e+00,-7.081446647644042969e-01,-1.489910364151000977e+00,-1.458130240440368652e+00,2.412720769643783569e-01,-2.297632217407226562e+00,-1.501845479011535645e+00,-4.221780002117156982e-01,-7.197524309158325195e-01,-4.885525405406951904e-01,-1.412513136863708496e+00
-1.369442045688629150e-01,-3.872959017753601074e-01,-7.500376105308532715e-01,-9.517966508865356445e-01,-1.140058040618896484e+00,9.681814163923263550e-02,-1.381713747978210449e+00,-5.939735174179077148e-01,-4.659494757652282715e-01,-1.146966814994812012e+00,-7.923617959022521973e-01,7.914877533912658691e-01,3.152638971805572510e-01,4.804117977619171143e-01,-4.591698348522186279e-01,-5.650243163108825684e-01,7.490215301513671875e-01,-4.530624672770500183e-02,-1.416719317436218262e+00,6.523392796516418457e-01,-8.041996359825134277e-01,-1.470745444297790527e+00,-5.546195507049560547e-01,-7.928474545478820801e-01,-1.082851648330688477e+00,-1.557711511850357056e-01,-1.045140504837036133e+00,-1.799843192100524902e+00,-7.863669991493225098e-01,-8.095013499259948730e-01,1.237940043210983276e-01,-2.006490081548690796e-01
1.268322318792343140e-01,-1.375126466155052185e-02,4.904239177703857422e-01,-3.750877678394317627e-01,-8.202602267265319824e-01,1.187905967235565186e-01,-3.180828988552093506e-01,-1.455032825469970703e+00,-7.123141884803771973e-01,-9.823246002197265625e-01,-1.610453486442565918e+00,2.875796854496002197e-01,-1.440285801887512207e+00,7.453103661537170410e-01,-6.674985289573669434e-01,-1.268072009086608887e+00,7.939913272857666016e-01,-4.949277639389038086e-02,-8.581712841987609863e-01,2.451437860727310181e-01,-4.427768588066101074e-01,-1.476387381553649902e+00,-9.479071497917175293e-01,3.281648159027099609e-01,-1.415165424346923828e+00,5.069729685783386230e-01,1.082600355148315430e+00,-7.676470875740051270e-01,1.782915711402893066e+00,-7.390137910842895508e-01,4.451951682567596436e-01,1.913642585277557373e-01
-4.500908255577087402e-01,-1.666028946638107300e-01,-5.432211160659790039e-01,-4.808968007564544678e-01,-8.326157927513122559e-01,-4.977445602416992188e-01,-8.767600655555725098e-01,-1.896658092737197876e-01,-1.168550476431846619e-01,-1.011087894439697266e+00,-1.228416681289672852e+00,2.505906522274017334e-01,-7.592330574989318848e-01,5.090207457542419434e-01,-4.190257787704467773e-01,-1.417088270187377930e+00,7.509833574295043945e-01,-2.202227711677551270e-01,-1.243625164031982422e+00,1.453264653682708740e-01,-9.893835186958312988e-01,-1.636338591575622559e+00,-3.014902770519256592e-01,-8.652361631393432617e-01,-1.369296550750732422e+00,1.390382885932922363e+00,-8.066070079803466797e-02,-2.306052744388580322e-01,-9.657397270202636719e-01,1.666818708181381226e-01,-5.034655332565307617e-01,-8.554012775421142578e-01
-2.365768551826477051e-01,-1.812422126531600952e-01,-6.232914924621582031e-01,-2.979943156242370605e-01,-8.344678282737731934e-01,2.679811120033264160e-01,-4.694477617740631104e-01,-5.977843999862670898e-01,-3.743927180767059326e-01,-9.387258887290954590e-01,-1.109422445297241211e+00,2.851747274398803711e-01,-5.993662476539611816e-01,7.828472256660461426e-01,-1.539269924163818359e+00,-1.309152722358703613e+00,8.416792154312133789e-01,1.459262669086456299e-01,-9.287354946136474609e-01,6.952301263809204102e-01,-7.940468788146972656e-01,-5.569695830345153809e-01,6.186394020915031433e-02,-1.324464321136474609e+00,-8.528341054916381836e-01,1.234507322311401367e+00,-8.372935652732849121e-01,-7.614947557449340820e-01,-4.997864663600921631e-01,-9.439560770988464355e-01,-1.286295413970947266e+00,-1.131177186965942383e+00
-4.126981794834136963e-01,-4.483827352523803711e-01,-2.470429241657257080e-01,2.326829433441162109e-01,4.648928046226501465e-01,4.587864875793457031e-01,1.162562489509582520e+00,2.524577975273132324e-01,4.606373980641365051e-02,-3.661171197891235352e-01,-7.497202157974243164e-01,8.980852961540222168e-01,-2.921888791024684906e-02,1.081344127655029297e+00,3.038632571697235107e-01,-1.179976224899291992e+00,1.031541585922241211e+00,2.640666067600250244e-01,-1.031178951263427734e+00,8.901980519294738770e-01,-8.388095498085021973e-01,-9.559627175331115723e-01,6.321877241134643555e-01,-6.992057561874389648e-01,-6.477223634719848633e-01,1.325040340423583984e+00,2.017343491315841675e-01,-9.806204438209533691e-01,1.567668467760086060e-01,-2.542198300361633301e-01,-1.385444402694702148e-01,4.552261829376220703e-01
-1.704515933990478516e+00,-1.468478918075561523e+00,-1.242237806320190430e+00,-1.311991095542907715e+00,-5.163192152976989746e-01,8.762847781181335449e-01,-6.998236775398254395e-01,4.072098433971405029e-01,1.098670125007629395e+00,1.499057114124298096e-01,-6.683954000473022461e-01,1.447924733161926270e+00,2.306554764509201050e-01,7.229520082473754883e-01,-7.696645855903625488e-01,-6.213023066520690918e-01,7.650687694549560547e-01,-2.098424881696701050e-01,-7.603472471237182617e-01,4.685215353965759277e-01,-9.784759283065795898e-01,-1.254425406455993652e+00,1.441071331501007080e-01,-1.280205130577087402e+00,-8.104078173637390137e-01,7.334324717521667480e-01,-1.973399281501770020e+00,-9.086785912513732910e-01,-8.047012090682983398e-01,3.934711683541536331e-03,-1.808209180831909180e+00,-1.040603041648864746e+00
-1.729038834571838379e+00,-1.800635218620300293e+00,-1.479989290237426758e+00,-1.980329751968383789e+00,-1.879258871078491211e+00,-5.539278388023376465e-01,-1.627081632614135742e+00,-1.425600886344909668e+00,-1.083677649497985840e+00,-1.237035632133483887e+00,-1.792830824851989746e+00,-6.013091206550598145e-01,-1.273738145828247070e+00,3.810492455959320068e-01,-2.292503833770751953e+00,-1.765956997871398926e+00,6.373602151870727539e-01,-2.243519544601440430e+00,-2.207562446594238281e+00,-1.342475265264511108e-01,-2.422581672668457031e+00,-1.975346803665161133e+00,-1.627230405807495117e+00,-2.172811031341552734e+00,-2.120180606842041016e+00,-4.610867798328399658e-01,-9.261112213134765625e-01,-1.367060542106628418e+00,-2.498251914978027344e+00,-1.524607062339782715e+00,-1.272012352943420410e+00,-4.141432642936706543e-01
-5.020836740732192993e-02,-5.984894633293151855e-01,-5.474296212196350098e-01,-3.520081937313079834e-01,-1.125165343284606934e+00,-8.003502488136291504e-01,-1.171490550041198730e-02,-1.494871377944946289e+00,-1.684547781944274902e+00,-1.321064710617065430e+00,-1.230251073837280273e+00,-5.596287250518798828e-01,-1.258402228355407715e+00,7.204904556274414062e-01,-4.917054772377014160e-01,-1.652755022048950195e+00,8.533949255943298340e-01,-4.011323451995849609e-01,-1.365868091583251953e+00,6.400135159492492676e-01,-1.297155261039733887e+00,-1.138533234596252441e+00,-8.744919896125793457e-01,-1.078175187110900879e+00,-1.266692519187927246e+00,3.094219565391540527e-01,-1.435392856597900391e+00,-8.738626837730407715e-01,-4.964598715305328369e-01,1.298080086708068848e-01,-8.764322400093078613e-01,7.927361130714416504e-01
-1.113181948661804199e+00,-7.519600391387939453e-01,-9.889914989471435547e-01,-9.368268251419067383e-01,-6.057763099670410156e-01,1.382805220782756805e-02,-3.725546300411224365e-01,1.501496583223342896e-01,-4.394768178462982178e-01,-6.826617121696472168e-01,-3.638376295566558838e-01,2.292169332504272461e-01,2.670764178037643433e-02,8.951700925827026367e-01,-8.094829320907592773e-01,-7.407013773918151855e-01,8.709959983825683594e-01,1.416823863983154297e-01,-1.365966916084289551e+00,6.781308054924011230e-01,-4.689135849475860596e-01,-1.043567895889282227e+00,8.806420564651489258e-01,-2.931782305240631104e-01,-4.529960155487060547e-01,5.704043507575988770e-01,4.089204072952270508e-01,-3.264020383358001709e-01,7.371482253074645996e-02,6.697253584861755371e-01,-3.876359462738037109e-01,-2.914148867130279541e-01
-5.045440793037414551e-01,-3.560528159141540527e-01,-1.796526759862899780e-01,-8.522357344627380371e-01,-5.220276117324829102e-01,4.798225462436676025e-01,-1.126798510551452637e+00,9.826271981000900269e-02,7.666314393281936646e-02,-2.574998438358306885e-01,-2.781038284301757812e-01,9.178500175476074219e-01,6.163290143013000488e-01,9.521612524986267090e-01,3.789113163948059082e-01,1.100705265998840332e-01,9.566086530685424805e-01,4.189107418060302734e-01,-3.826871514320373535e-01,1.124672532081604004e+00,-1.808246076107025146e-01,-6.009516716003417969e-01,9.706238657236099243e-02,-8.078277707099914551e-01,-4.509958624839782715e-01,4.198593795299530029e-01,-1.206750988960266113e+00,-3.440339267253875732e-01,5.294235944747924805e-01,3.047715127468109131e-01,1.445583999156951904e-01,6.099444627761840820e-01
-1.840865254402160645e+00,-1.576739907264709473e+00,-1.136151432991027832e+00,-1.347643256187438965e+00,-7.823056578636169434e-01,7.750895619392395020e-01,-8.605810999870300293e-01,8.958557993173599243e-02,6.351900696754455566e-01,1.120497286319732666e-01,-7.639930844306945801e-01,1.059980154037475586e+00,2.480130791664123535e-01,6.082284450531005859e-01,-3.011100292205810547e-01,-1.358948945999145508e+00,6.486817002296447754e-01,-5.732674002647399902e-01,-1.215043783187866211e+00,6.301636099815368652e-01,-9.338830709457397461e-01,-1.098962187767028809e+00,1.507110893726348877e-01,-6.291351914405822754e-01,-6.766091585159301758e-01,4.522022008895874023e-01,-1.758655190467834473e+00,-9.126622676849365234e-01,-5.480602383613586426e-01,-7.137566804885864258e-01,-6.047478318214416504e-01,-9.849220514297485352e-01
-1.447579979896545410e+00,-1.616271376609802246e+00,-1.617857813835144043e+00,-1.448785424232482910e+00,-2.450023651123046875e+00,-1.124906659126281738e+00,-2.456182241439819336e+00,-1.737127661705017090e+00,-1.736724734306335449e+00,-1.500954747200012207e+00,-1.497284173965454102e+00,-9.234220981597900391e-01,-9.960639476776123047e-01,8.268503844738006592e-02,-1.579532384872436523e+00,-1.232870936393737793e+00,4.116815626621246338e-01,-1.990033984184265137e+00,-1.578301906585693359e+00,-1.568150669336318970e-01,-1.599661827087402344e+00,-1.995786309242248535e+00,-9.246912002563476562e-01,-1.049227476119995117e+00,-1.391971349716186523e+00,2.435417473316192627e-02,-6.203604936599731445e-01,-1.022767305374145508e+00,-1.330722570419311523e+00,-4.997833073139190674e-01,-1.262280225753784180e+00,-1.076756119728088379e+00
1.005681395530700684e+00,6.880476474761962891e-01,6.392235755920410156e-01,6.427088379859924316e-01,-4.636242687702178955e-01,-1.800042241811752319e-01,-2.716619372367858887e-01,-1.439759850502014160e+00,-9.867649674415588379e-01,-2.572358250617980957e-01,-4.019737243652343750e-01,5.728560090065002441e-01,2.274334989488124847e-02,1.129888653755187988e+00,1.137059688568115234e+00,-3.229304850101470947e-01,1.262729644775390625e+00,1.374843955039978027e+00,-7.900402545928955078e-01,1.732375502586364746e+00,6.203745007514953613e-01,-3.518053591251373291e-01,8.721317648887634277e-01,5.728371739387512207e-01,-1.978035122156143188e-01,-2.197101861238479614e-01,4.825186729431152344e-01,-7.396906614303588867e-02,4.596780613064765930e-02,7.895654439926147461e-02,3.313973248004913330e-01,1.408980011940002441e+00
7.090546488761901855e-01,6.198832988739013672e-01,1.316377967596054077e-01,1.317219018936157227e+00,5.910105705261230469e-01,1.430865883827209473e+00,1.291787624359130859e+00,-9.541919827461242676e-02,1.334311842918395996e+00,1.238652840256690979e-01,-1.838578134775161743e-01,1.763855934143066406e+00,6.186665296554565430e-01,1.413638710975646973e+00,7.403262257575988770e-01,-3.392445147037506104e-01,1.319859862327575684e+00,9.706720113754272461e-01,2.944478988647460938e-01,1.358042716979980469e+00,1.615192890167236328e-01,1.448715925216674805e-01,9.995133876800537109e-01,1.968287676572799683e-01,5.584656000137329102e-01,1.259040594100952148e+00,1.205986887216567993e-01,2.144112884998321533e-01,7.763115763664245605e-01,9.005243182182312012e-01,3.788588047027587891e-01,3.927253782749176025e-01
-1.332941558212041855e-02,1.172490417957305908e-01,-4.189891517162322998e-01,1.347031295299530029e-01,-3.849497139453887939e-01,9.696186780929565430e-01,-1.544870883226394653e-01,9.190143644809722900e-02,1.070364594459533691e+00,3.601103425025939941e-01,-9.127238392829895020e-01,1.212373614311218262e+00,2.662867307662963867e-01,7.189029455184936523e-01,2.035327255725860596e-01,-1.792355068027973175e-02,9.420694708824157715e-01,4.311835765838623047e-01,-5.625005960464477539e-01,8.485362529754638672e-01,8.548690006136894226e-03,-1.060775995254516602e+00,7.229638695716857910e-01,2.709901928901672363e-01,-4.212436079978942871e-01,5.900250673294067383e-01,1.055238544940948486e-01,-4.849947392940521240e-01,-2.017895877361297607e-01,-5.639753341674804688e-01,-5.707161426544189453e-01,-6.582580208778381348e-01
-4.455756023526191711e-02,-6.105992197990417480e-02,-6.524228453636169434e-01,-2.489024028182029724e-02,-1.664876341819763184e+00,-1.790678352117538452e-01,-3.339780271053314209e-01,-1.689931154251098633e+00,-2.498329430818557739e-01,-7.419705390930175781e-01,-1.260373711585998535e+00,-2.425289154052734375e-02,-1.315402746200561523e+00,7.587131857872009277e-01,-1.479468345642089844e+00,-1.295992016792297363e+00,8.041119575500488281e-01,-1.191984415054321289e+00,-8.608762621879577637e-01,4.320785999298095703e-01,-1.511834859848022461e+00,-1.302074790000915527e+00,-7.212618589401245117e-01,-1.320509791374206543e+00,-1.344006061553955078e+00,3.661040067672729492e-01,-1.027608156204223633e+00,-1.913813948631286621e-01,-1.052345156669616699e+00,-7.463585734367370605e-01,-1.387171387672424316e+00,5.661226809024810791e-02
2.087824493646621704e-01,3.991634249687194824e-01,8.985366672277450562e-02,2.437254339456558228e-01,-1.116311028599739075e-01,-4.192839860916137695e-01,4.904262125492095947e-01,-1.098625302314758301e+00,-4.348452091217041016e-01,-5.770148634910583496e-01,-1.349695920944213867e+00,1.496329009532928467e-01,-1.289927005767822266e+00,6.939004659652709961e-01,4.158580601215362549e-01,-1.536914348602294922e+00,9.065189957618713379e-01,-3.684143424034118652e-01,-5.063752532005310059e-01,4.631958007812500000e-01,-8.949704766273498535e-01,-7.623133063316345215e-01,-4.264209270477294922e-01,-1.386859655380249023e+00,-1.332582116127014160e+00,2.040360212326049805e+00,-2.076816856861114502e-01,-3.109623491764068604e-01,6.914449930191040039e-01,2.238663583993911743e-01,-7.986775040626525879e-02,1.941852830350399017e-02
-6.461657285690307617e-01,-6.620520949363708496e-01,-5.596997737884521484e-01,-1.499279886484146118e-01,4.879547655582427979e-01,1.074145674705505371e+00,7.026363015174865723e-01,6.489971280097961426e-01,8.149341344833374023e-01,1.101222753524780273e+00,6.199930980801582336e-02,1.302119493484497070e+00,1.286215424537658691e+00,1.048879742622375488e+00,9.200567603111267090e-01,2.470099478960037231e-01,1.029130578041076660e+00,1.077084302902221680e+00,-1.618049107491970062e-02,1.114466428756713867e+00,1.961292177438735962e-01,-1.690040342509746552e-02,5.805134177207946777e-01,1.210309863090515137e-01,3.568540811538696289e-01,1.221814990043640137e+00,2.503248751163482666e-01,6.766825914382934570e-01,1.395856261253356934e+00,1.377786159515380859e+00,6.095223943702876568e-04,8.000215142965316772e-02
5.945514142513275146e-02,-2.807572185993194580e-01,2.669921889901161194e-02,1.040493696928024292e-02,4.368835315108299255e-02,8.507192134857177734e-01,3.795990645885467529e-01,9.146171808242797852e-02,7.735239863395690918e-01,1.265947461128234863e+00,-5.976746678352355957e-01,8.611978292465209961e-01,5.634033083915710449e-01,9.941011667251586914e-01,4.142298102378845215e-01,-1.405307054519653320e-01,1.129960775375366211e+00,2.815869450569152832e-01,-1.631882786750793457e-01,1.428666472434997559e+00,-5.402281284332275391e-01,-3.302631080150604248e-01,1.086272716522216797e+00,-3.359764218330383301e-01,-2.785981297492980957e-01,8.975655436515808105e-01,1.639254212379455566e+00,1.998437643051147461e-01,-1.140500530600547791e-01,-1.306698918342590332e-01,-1.275324076414108276e-01,9.295696616172790527e-01
1.449202187359333038e-02,-2.288199663162231445e-01,-3.516262471675872803e-01,-3.807492554187774658e-02,2.846085727214813232e-01,1.032400250434875488e+00,5.860033035278320312e-01,5.716063976287841797e-01,1.016771674156188965e+00,2.256836742162704468e-01,-7.107634544372558594e-01,8.250386714935302734e-01,-4.512343928217887878e-02,1.111197710037231445e+00,2.605218887329101562e-01,-1.197439908981323242e+00,9.317930340766906738e-01,-3.849310576915740967e-01,-3.127281367778778076e-01,9.939873814582824707e-01,-6.437748670578002930e-01,-2.489154934883117676e-01,1.737954616546630859e+00,-1.064441561698913574e+00,2.888681292533874512e-01,1.787217140197753906e+00,1.811664849519729614e-01,4.374027848243713379e-01,3.397307991981506348e-01,9.776821732521057129e-01,-9.956345558166503906e-01,-5.751883387565612793e-01
1.686049401760101318e-01,-2.593095600605010986e-01,-2.488465458154678345e-01,-4.422353208065032959e-01,-7.198937535285949707e-01,4.296931326389312744e-01,-7.537535429000854492e-01,8.571604639291763306e-02,5.377944186329841614e-02,-2.878308296203613281e-01,-4.337538182735443115e-01,1.405549943447113037e-01,2.294551283121109009e-01,7.624746561050415039e-01,-4.736465513706207275e-01,-7.524168491363525391e-01,1.010896921157836914e+00,-7.292012125253677368e-02,-1.309891104698181152e+00,8.188083767890930176e-01,-3.735192716121673584e-01,-8.338387012481689453e-01,6.034117341041564941e-01,-2.560098469257354736e-01,-6.144121289253234863e-01,9.905325174331665039e-01,-4.148677587509155273e-01,-1.327105909585952759e-01,-1.508318632841110229e-02,-3.174000680446624756e-01,-1.245355844497680664e+00,-6.766083836555480957e-01
8.682235479354858398e-01,1.107716798782348633e+00,-3.232873603701591492e-02,1.506930589675903320e+00,8.287594318389892578e-01,1.285181403160095215e+00,1.616527915000915527e+00,1.107888698577880859e+00,7.069143056869506836e-01,4.640080034732818604e-01,5.438818410038948059e-02,1.576539635658264160e+00,1.171787977218627930e+00,1.597500562667846680e+00,6.665511727333068848e-01,4.255556762218475342e-01,1.424540281295776367e+00,1.443061351776123047e+00,4.194576144218444824e-01,1.806935667991638184e+00,9.912517666816711426e-01,5.647915005683898926e-01,1.424504637718200684e+00,8.949241042137145996e-01,3.442761898040771484e-01,7.921452522277832031e-01,-7.115735411643981934e-01,-3.585778772830963135e-01,9.156514406204223633e-01,5.192320346832275391e-01,-2.861098051071166992e-01,-5.924157798290252686e-02
-9.274082779884338379e-01,-6.219016313552856445e-01,-5.039784908294677734e-01,-1.763228774070739746e-01,1.387270092964172363e-01,1.299096584320068359e+00,-1.309024542570114136e-01,1.141395330429077148e+00,1.425594210624694824e+00,9.187087416648864746e-01,-4.087481200695037842e-01,1.697770237922668457e+00,1.166607499122619629e+00,9.152605533599853516e-01,-3.808356225490570068e-01,-1.118990108370780945e-01,9.404285550117492676e-01,-2.921392619609832764e-01,5.070298910140991211e-02,6.578965783119201660e-01,-4.147152602672576904e-01,-5.865389108657836914e-01,3.161279261112213135e-01,-9.157095551490783691e-01,-4.306481480598449707e-01,9.217106699943542480e-01,-1.756879210472106934e+00,-2.216714769601821899e-01,-4.836070239543914795e-01,1.969604194164276123e-01,-5.835770964622497559e-01,-6.463713645935058594e-01
-7.386335134506225586e-01,-8.012331724166870117e-01,-1.417326807975769043e+00,-7.824614048004150391e-01,-1.636943221092224121e+00,-1.060731410980224609e-01,-9.905546307563781738e-01,-2.017434388399124146e-01,8.735317736864089966e-02,5.862560868263244629e-01,-4.517437517642974854e-01,9.977219998836517334e-02,3.156745433807373047e-01,7.879915237426757812e-01,-1.170216917991638184e+00,-1.224538683891296387e-01,8.297251462936401367e-01,1.682066172361373901e-01,-8.134464025497436523e-01,7.441412806510925293e-01,-4.605913460254669189e-01,-2.730479538440704346e-01,4.924605600535869598e-03,-3.743720352649688721e-01,-6.606656312942504883e-01,1.367477178573608398e-01,-2.277745753526687622e-01,-5.270236730575561523e-01,-5.026594400405883789e-01,-1.136719465255737305e+00,-8.969935178756713867e-01,3.938482999801635742e-01
-9.134840369224548340e-01,-5.529838204383850098e-01,-1.510377764701843262e+00,-8.260193467140197754e-01,-1.815781354904174805e+00,-1.601179599761962891e+00,-1.345588445663452148e+00,-1.279027581214904785e+00,-1.269074082374572754e+00,-1.502274990081787109e+00,-1.539507389068603516e+00,-9.735199213027954102e-01,-1.209314465522766113e+00,2.531994283199310303e-01,-1.219035267829895020e+00,-1.593893051147460938e+00,3.484552502632141113e-01,-9.912031888961791992e-01,-1.740366220474243164e+00,-1.855811327695846558e-01,-1.032410025596618652e+00,-9.877119064331054688e-01,-5.572974085807800293e-01,-2.839445769786834717e-01,-1.219592809677124023e+00,3.587275743484497070e-01,1.275578886270523071e-01,-7.029653787612915039e-01,-6.765508055686950684e-01,-2.713451981544494629e-01,-8.872817754745483398e-01,-3.550934195518493652e-01
3.541893512010574341e-02,8.461737036705017090e-01,2.209449112415313721e-01,1.134495139122009277e+00,-2.351864241063594818e-02,2.727719545364379883e-01,3.220050930976867676e-01,-1.705819666385650635e-01,-4.892941415309906006e-01,1.725796908140182495e-01,-5.680990815162658691e-01,5.918416976928710938e-01,5.357322692871093750e-01,8.433840870857238770e-01,1.277149319648742676e-01,-3.517264127731323242e-01,8.177802562713623047e-01,8.121575117111206055e-01,-5.123534202575683594e-01,7.447112798690795898e-01,1.600095927715301514e-01,-7.384373545646667480e-01,5.709138512611389160e-01,4.273389279842376709e-01,-2.655586600303649902e-01,5.105267763137817383e-01,-2.051210254430770874e-01,-2.137512713670730591e-01,1.809188485145568848e+00,4.839320480823516846e-01,2.269455045461654663e-02,8.281496167182922363e-01
7.320904731750488281e-01,1.229163885116577148e+00,3.148430883884429932e-01,1.426037311553955078e+00,4.376192986965179443e-01,8.145920634269714355e-01,1.425631761550903320e+00,5.594115257263183594e-01,1.236499071121215820e+00,2.752231657505035400e-01,7.352059334516525269e-02,1.218521595001220703e+00,8.822840452194213867e-01,1.344478130340576172e+00,-3.307147622108459473e-01,2.409003973007202148e-01,1.102404117584228516e+00,3.303054869174957275e-01,3.459660708904266357e-01,9.650610685348510742e-01,-2.141512930393218994e-01,-3.003091514110565186e-01,8.007817268371582031e-01,-6.486933827400207520e-01,3.234477043151855469e-01,1.074958324432373047e+00,-1.819161057472229004e+00,1.262282729148864746e-01,2.297256141901016235e-01,3.697130084037780762e-01,-2.201594859361648560e-01,-2.778575122356414795e-01
-3.952050209045410156e-01,-1.143911480903625488e+00,-7.559130787849426270e-01,-6.780040264129638672e-01,-3.651351928710937500e-01,4.753365814685821533e-01,4.198271334171295166e-01,2.327290326356887817e-01,1.622602641582489014e-01,2.066401690244674683e-01,-6.430678367614746094e-01,4.853288233280181885e-01,-2.546465396881103516e-01,8.921387791633605957e-01,-6.784226894378662109e-01,-8.018845319747924805e-01,8.435310125350952148e-01,-7.194803953170776367e-01,-3.716572225093841553e-01,3.993939459323883057e-01,-7.350175380706787109e-01,-6.006183028221130371e-01,1.506883949041366577e-01,-6.332260370254516602e-01,-4.290518760681152344e-01,9.865456223487854004e-01,-1.396962404251098633e+00,-6.311649680137634277e-01,-7.976321503520011902e-03,-3.818543851375579834e-01,-7.762674093246459961e-01,-2.987276315689086914e-01
-4.062092006206512451e-01,-2.923825681209564209e-01,-5.223427414894104004e-01,-2.428073585033416748e-01,-6.589787006378173828e-01,1.988190785050392151e-02,-3.710064291954040527e-01,-4.961211979389190674e-01,-6.922182440757751465e-01,-1.884217709302902222e-01,-1.000517249107360840e+00,-8.324229717254638672e-02,-3.177751302719116211e-01,4.040824770927429199e-01,6.144171953201293945e-01,-9.754484295845031738e-01,5.789924860000610352e-01,-2.139429897069931030e-01,-6.994789242744445801e-01,2.042656987905502319e-01,-7.565496563911437988e-01,-8.491234779357910156e-01,7.749559283256530762e-01,3.386452198028564453e-01,-3.898565769195556641e-01,1.533222943544387817e-01,-4.205259680747985840e-01,-5.635367631912231445e-01,2.603078186511993408e-01,3.273305296897888184e-01,1.945595592260360718e-01,1.714527420699596405e-02
6.092327237129211426e-01,8.096292614936828613e-01,3.647982180118560791e-01,3.439494669437408447e-01,2.731663882732391357e-01,1.858403086662292480e-01,7.450834512710571289e-01,-9.571234136819839478e-02,-8.781524300575256348e-01,1.707314401865005493e-01,-3.418570756912231445e-01,5.652346611022949219e-01,6.810685396194458008e-01,1.194164872169494629e+00,1.420732498168945312e+00,-7.665410637855529785e-02,1.287142038345336914e+00,1.125516176223754883e+00,-3.133580461144447327e-02,1.674576163291931152e+00,2.320035248994827271e-01,6.177495121955871582e-01,4.093776941299438477e-01,-2.583669722080230713e-01,-4.686318039894104004e-01,9.992677569389343262e-01,-5.721416473388671875e-01,-4.516638815402984619e-01,3.458926081657409668e-01,1.086617469787597656e+00,7.332147955894470215e-01,1.711350321769714355e+00
-3.616786897182464600e-01,-3.308376669883728027e-01,-3.580209314823150635e-01,-4.359362423419952393e-01,3.171338140964508057e-01,1.103565692901611328e+00,2.751196622848510742e-01,7.368237972259521484e-01,8.485737442970275879e-01,3.406047821044921875e-02,-3.265543878078460693e-01,1.177061319351196289e+00,4.045473337173461914e-01,1.009069442749023438e+00,3.069717586040496826e-01,-9.103236794471740723e-01,9.933784008026123047e-01,7.452590763568878174e-02,-8.353580236434936523e-01,1.174973130226135254e+00,-5.621188282966613770e-01,-4.030964076519012451e-01,1.671937704086303711e+00,-6.064990758895874023e-01,-1.479343324899673462e-01,1.497371077537536621e+00,9.122753739356994629e-01,-9.428815974388271570e-05,1.114001035690307617e+00,2.170461863279342651e-01,-3.793667554855346680e-01,2.137681543827056885e-01
-9.773192405700683594e-01,-1.021334171295166016e+00,-1.162522792816162109e+00,-8.055155277252197266e-01,-1.007419943809509277e+00,1.364077478647232056e-01,-8.668771982192993164e-01,-7.900299131870269775e-02,-2.509524226188659668e-01,4.604765176773071289e-01,-1.040294647216796875e+00,8.878049254417419434e-02,5.992240831255912781e-02,6.027135252952575684e-01,-4.085456952452659607e-02,-1.524947047233581543e+00,6.990235447883605957e-01,-2.665326297283172607e-01,-1.242439389228820801e+00,3.991624116897583008e-01,-9.206920266151428223e-01,-1.027308583259582520e+00,-1.475339233875274658e-01,-8.321586847305297852e-01,-9.570920467376708984e-01,4.636550843715667725e-01,-7.096323966979980469e-01,-3.176332414150238037e-01,-7.725313305854797363e-01,-4.128449261188507080e-01,-8.362850546836853027e-01,-1.305012822151184082e+00
-8.256126642227172852e-01,-1.026473999023437500e+00,-1.162304162979125977e+00,-8.511391282081604004e-01,-1.612841010093688965e+00,-6.541430950164794922e-01,-1.098130464553833008e+00,-8.303082585334777832e-01,-1.159012794494628906e+00,-9.245505332946777344e-01,-1.003719449043273926e+00,-3.788159489631652832e-01,-2.128714323043823242e-01,2.153417468070983887e-01,-8.424330353736877441e-01,-1.017383217811584473e+00,5.659842491149902344e-01,-1.176672101020812988e+00,-1.559762239456176758e+00,3.652665615081787109e-01,-1.349277734756469727e+00,-1.651905417442321777e+00,-3.956024348735809326e-01,-1.272490978240966797e+00,-1.200495243072509766e+00,-6.406745314598083496e-01,-7.324718236923217773e-01,-1.268152236938476562e+00,-1.386821508407592773e+00,-1.225943684577941895e+00,-1.658876180648803711e+00,-8.708210587501525879e-01
1.376363515853881836e+00,1.380992889404296875e+00,3.039393126964569092e-01,5.388125181198120117e-01,-6.920874714851379395e-01,-8.531364202499389648e-01,-2.574957013130187988e-01,-7.248927354812622070e-01,-1.598434805870056152e+00,-1.395093351602554321e-01,-9.969128966331481934e-01,-8.082039356231689453e-01,-5.846936255693435669e-02,5.595511198043823242e-01,-4.938369989395141602e-01,-9.129952192306518555e-01,8.794115185737609863e-01,-1.703285612165927887e-02,-6.036064028739929199e-01,8.770529627799987793e-01,-2.902969121932983398e-01,-5.488142967224121094e-01,1.277674138545989990e-01,-1.035571768879890442e-01,-4.830367565155029297e-01,8.110641837120056152e-01,8.582331240177154541e-02,5.874859690666198730e-01,1.522910356521606445e+00,1.214514255523681641e+00,-1.444364935159683228e-01,8.314909934997558594e-01
1.627648808062076569e-02,-3.015321195125579834e-01,-1.126450151205062866e-01,-1.578081995248794556e-01,3.617101311683654785e-01,9.439877867698669434e-01,3.870563581585884094e-02,1.386319279670715332e+00,7.799006700515747070e-01,1.157231092453002930e+00,1.542017608880996704e-01,9.856294393539428711e-01,1.883244156837463379e+00,1.106993794441223145e+00,1.312201380729675293e+00,5.355714559555053711e-01,1.008605122566223145e+00,1.073385357856750488e+00,1.058772280812263489e-01,9.175035357475280762e-01,4.383987188339233398e-01,2.980010509490966797e-01,1.730011701583862305e+00,3.959756791591644287e-01,6.878985166549682617e-01,1.384215950965881348e+00,4.393178820610046387e-01,5.998141765594482422e-01,1.226614594459533691e+00,1.781974673271179199e+00,8.366710692644119263e-02,1.100419878959655762e+00
3.644635528326034546e-02,2.381040900945663452e-01,-2.420146167278289795e-01,5.813503265380859375e-01,-3.671902120113372803e-01,1.291344165802001953e+00,1.789748519659042358e-01,1.301453351974487305e+00,8.208498954772949219e-01,1.714278340339660645e+00,4.803699553012847900e-01,9.667623043060302734e-01,1.559846282005310059e+00,1.118012547492980957e+00,2.125325798988342285e-01,1.755128353834152222e-01,1.048390865325927734e+00,5.247209072113037109e-01,-1.044938564300537109e-01,1.590771675109863281e+00,4.427202418446540833e-02,-4.918812215328216553e-02,1.140125632286071777e+00,-9.029110521078109741e-02,3.460455536842346191e-01,7.164546847343444824e-01,-2.400409579277038574e-01,7.519480772316455841e-03,-6.998749375343322754e-01,-1.168909192085266113e+00,-8.102177977561950684e-01,-3.548469245433807373e-01
1.030285477638244629e+00,5.823162794113159180e-01,7.955656647682189941e-01,4.847731292247772217e-01,8.244464397430419922e-01,1.320764064788818359e+00,6.420748829841613770e-01,1.190438747406005859e+00,1.226599335670471191e+00,1.235022306442260742e+00,-2.349312156438827515e-01,1.193167805671691895e+00,2.365308403968811035e-01,1.089967846870422363e+00,4.950211942195892334e-01,-1.096621274948120117e+00,9.815343618392944336e-01,4.942682385444641113e-01,-3.354302346706390381e-01,8.095462322235107422e-01,5.485503673553466797e-01,-1.351006478071212769e-01,1.160958766937255859e+00,2.748667597770690918e-01,2.618853151798248291e-01,1.540584444999694824e+00,1.107484176754951477e-01,-5.730362981557846069e-02,1.762993812561035156e+00,-1.869924925267696381e-02,4.840420484542846680e-01,-4.201687574386596680e-01
2.706439234316349030e-02,-7.252379506826400757e-02,-3.570097982883453369e-01,-6.419183015823364258e-01,-4.495688900351524353e-02,7.457566857337951660e-01,-9.202135801315307617e-01,1.158309936523437500e+00,4.886575639247894287e-01,8.451421260833740234e-01,5.691771507263183594e-01,8.437872529029846191e-01,9.343094229698181152e-01,1.260260939598083496e+00,5.834209918975830078e-01,2.165278792381286621e-01,1.108940362930297852e+00,3.659483194351196289e-01,-2.731167972087860107e-01,1.461921215057373047e+00,-2.512899637222290039e-01,3.872474655508995056e-02,1.523496031761169434e+00,-2.170103415846824646e-02,-2.683088779449462891e-01,7.735698223114013672e-01,-2.070002108812332153e-01,-1.272654533386230469e-01,3.202625513076782227e-01,4.841943681240081787e-01,-3.855229318141937256e-01,2.891142368316650391e-01
5.207664966583251953e-01,1.168184727430343628e-01,4.557996392250061035e-01,-1.006830632686614990e-01,-1.798529177904129028e-01,2.847707867622375488e-01,-4.069510400295257568e-01,6.076341271400451660e-01,4.163845777511596680e-01,2.796127498149871826e-01,2.380689829587936401e-01,6.276451945304870605e-01,7.733212709426879883e-01,1.438646674156188965e+00,3.967629969120025635e-01,1.756004244089126587e-01,1.111406326293945312e+00,5.988166928291320801e-01,2.258351892232894897e-01,1.270515561103820801e+00,5.717997997999191284e-02,9.152889251708984375e-02,8.714056015014648438e-01,7.668802142143249512e-01,-1.385682374238967896e-01,1.130565285682678223e+00,1.131893038749694824e+00,9.924771785736083984e-01,1.109729409217834473e+00,1.664570420980453491e-01,1.911868527531623840e-02,6.965199112892150879e-01
1.858061075210571289e+00,1.350718617439270020e+00,1.136424779891967773e+00,8.720254898071289062e-01,1.005212664604187012e+00,1.142523765563964844e+00,6.781743168830871582e-01,1.394058346748352051e+00,7.304894328117370605e-01,1.074555277824401855e+00,4.109847843647003174e-01,7.393914461135864258e-01,1.035043597221374512e+00,1.158741116523742676e+00,1.092652440071105957e+00,-1.821917444467544556e-01,9.203706383705139160e-01,9.785862565040588379e-01,2.087283432483673096e-01,1.216314315795898438e+00,2.038664519786834717e-01,1.755949407815933228e-01,1.876796722412109375e+00,-9.297937899827957153e-02,3.726245164871215820e-01,1.165939331054687500e+00,7.072576284408569336e-01,5.554044246673583984e-01,2.838587462902069092e-01,1.515426039695739746e+00,2.922863066196441650e-01,9.379779696464538574e-01
-1.417568475008010864e-01,-4.580973982810974121e-01,-7.000824809074401855e-01,-7.358942627906799316e-01,2.197103016078472137e-02,2.666963040828704834e-01,-4.268199503421783447e-01,5.272533297538757324e-01,2.375953793525695801e-01,1.302582263946533203e+00,-1.202654689550399780e-01,5.693163275718688965e-01,3.624089658260345459e-01,7.893965244293212891e-01,-4.253611862659454346e-01,-2.686123847961425781e-01,8.702167868614196777e-01,5.502701923251152039e-02,-3.946434259414672852e-01,7.865689992904663086e-01,-5.134686827659606934e-01,-8.722813725471496582e-01,7.394851446151733398e-01,-1.424982547760009766e-01,-5.217320322990417480e-01,8.650435209274291992e-01,5.043874979019165039e-01,-2.716913521289825439e-01,-3.365932106971740723e-01,-1.944496929645538330e-01,-8.629618287086486816e-01,-2.903193421661853790e-02
-9.937309026718139648e-01,-8.347636461257934570e-01,-1.125357031822204590e+00,-8.218879699707031250e-01,-9.866159558296203613e-01,-3.375786840915679932e-01,-7.252919673919677734e-01,-1.055034399032592773e+00,-6.377034783363342285e-01,-4.880021512508392334e-01,-6.315143704414367676e-01,-4.198866784572601318e-01,-1.142916560173034668e+00,5.836242437362670898e-01,-1.220160245895385742e+00,-9.251376986503601074e-01,6.943803429603576660e-01,-1.221433520317077637e+00,-1.155546426773071289e+00,3.933201432228088379e-01,-1.323744893074035645e+00,-6.621162295341491699e-01,-1.969842314720153809e-01,-6.688359975814819336e-01,-1.268846511840820312e+00,3.177540376782417297e-02,-8.066689372062683105e-01,-2.104040384292602539e-01,-4.854593276977539062e-01,-1.001927495002746582e+00,-1.102463483810424805e+00,-2.422523051500320435e-01
1.898022368550300598e-02,3.030391335487365723e-01,5.118488892912864685e-02,4.406796693801879883e-01,1.454248726367950439e-01,-1.053545176982879639e-01,7.306333780288696289e-01,-8.750423789024353027e-02,-4.320355057716369629e-01,-1.437668949365615845e-01,-1.129117980599403381e-01,7.802588939666748047e-01,5.805872008204460144e-02,9.003862738609313965e-01,1.137059688568115234e+00,-7.003871202468872070e-01,9.670409560203552246e-01,7.239537239074707031e-01,-5.550773069262504578e-02,9.197300076484680176e-01,-6.569092720746994019e-02,-1.683885455131530762e-01,4.660447239875793457e-01,4.156507551670074463e-01,-1.948032826185226440e-01,8.250704407691955566e-01,1.603095233440399170e-01,9.626821428537368774e-02,1.834742903709411621e+00,1.823307871818542480e+00,2.076642811298370361e-01,1.699737459421157837e-01
2.174749612808227539e+00,2.221596240997314453e+00,1.623842597007751465e+00,2.303749799728393555e+00,8.629337549209594727e-01,2.371478319168090820e+00,1.268228888511657715e+00,8.937744498252868652e-01,1.941909790039062500e+00,9.159364104270935059e-01,3.511577844619750977e-01,1.878176450729370117e+00,1.118514776229858398e+00,9.329890012741088867e-01,8.711792826652526855e-01,5.274253487586975098e-01,9.379442334175109863e-01,7.692025899887084961e-01,2.659282386302947998e-01,1.331716895103454590e+00,3.514587283134460449e-01,-8.598946034908294678e-02,2.302899837493896484e+00,9.188848733901977539e-02,8.744319081306457520e-01,7.032697200775146484e-01,1.090179085731506348e+00,4.745759069919586182e-01,1.031251400709152222e-01,-4.020525813102722168e-01,-2.650203406810760498e-01,3.402761816978454590e-01
2.148928940296173096e-01,1.772325485944747925e-01,1.888348013162612915e-01,5.335335135459899902e-01,-5.277106538414955139e-03,1.043331980705261230e+00,8.017227053642272949e-02,4.115777462720870972e-02,8.439860343933105469e-01,5.285314917564392090e-01,-1.367589235305786133e-01,1.047616600990295410e+00,-2.069013118743896484e-01,1.002326488494873047e+00,1.227709427475929260e-01,-1.870093047618865967e-01,1.245926141738891602e+00,8.658654689788818359e-01,4.313150793313980103e-02,1.186657667160034180e+00,4.945974051952362061e-01,3.308529555797576904e-01,3.414544463157653809e-01,2.815095484256744385e-01,-4.869408905506134033e-01,1.693608045578002930e+00,-5.794519186019897461e-01,1.332197427749633789e+00,6.291843056678771973e-01,-2.289627492427825928e-02,-9.886453300714492798e-02,1.122385486960411072e-01
1.971888303756713867e+00,1.163448452949523926e+00,1.593700051307678223e+00,1.004917979240417480e+00,3.806366920471191406e-01,5.653169155120849609e-01,2.003919780254364014e-01,1.550745125859975815e-02,-3.335093557834625244e-01,-4.306076169013977051e-01,-3.931718468666076660e-01,2.879184186458587646e-01,-5.798764824867248535e-01,7.033427953720092773e-01,1.211456418037414551e+00,-5.908968448638916016e-01,7.253746986389160156e-01,1.161703824996948242e+00,-7.748108357191085815e-02,8.509942889213562012e-01,1.691810339689254761e-01,2.724324464797973633e-01,9.314993619918823242e-01,-5.114742517471313477e-01,-2.013614773750305176e-01,1.586933493614196777e+00,6.137936115264892578e-01,4.618941247463226318e-01,7.280377745628356934e-01,9.131153821945190430e-01,1.378536522388458252e-01,1.885514497756958008e+00
-1.821506619453430176e-01,1.743531227111816406e-01,3.678315877914428711e-02,4.685536623001098633e-01,8.150846362113952637e-01,3.855086863040924072e-01,2.213446199893951416e-01,8.117813467979431152e-01,6.211086511611938477e-01,4.352612197399139404e-01,-1.560844364576041698e-03,1.004005432128906250e+00,7.612230777740478516e-01,1.209299087524414062e+00,9.350663423538208008e-01,-3.264998644590377808e-02,1.176319479942321777e+00,1.198321580886840820e+00,1.964879781007766724e-01,1.482119679450988770e+00,7.765532284975051880e-02,3.164658322930335999e-02,1.274792075157165527e+00,8.738269805908203125e-01,-1.157395765185356140e-01,1.135701894760131836e+00,8.632099032402038574e-01,5.633717868477106094e-03,8.138872385025024414e-01,5.093016028404235840e-01,-1.980541497468948364e-01,1.565067648887634277e+00
2.187051624059677124e-01,-8.414912968873977661e-02,3.832444548606872559e-01,1.583947539329528809e-01,9.361790120601654053e-02,8.490642309188842773e-01,-4.393089711666107178e-01,2.434581965208053589e-01,1.326255917549133301e+00,5.432184338569641113e-01,-2.952892184257507324e-01,1.127065062522888184e+00,6.833902597427368164e-01,8.069424629211425781e-01,5.661910176277160645e-01,3.191859126091003418e-01,8.854343891143798828e-01,9.287780523300170898e-01,-4.085635840892791748e-01,1.109532594680786133e+00,6.387550830841064453e-01,-3.621917963027954102e-01,6.922815442085266113e-01,1.047259941697120667e-01,-5.327328573912382126e-03,1.173076868057250977e+00,9.125438332557678223e-02,-2.275173366069793701e-01,5.107870101928710938e-01,-2.295623123645782471e-01,-4.410300850868225098e-01,1.149308562278747559e+00
-9.940283298492431641e-01,-1.002631306648254395e+00,-1.014433622360229492e+00,-6.658904552459716797e-01,-1.150130152702331543e+00,-8.257634192705154419e-02,-1.530007958412170410e+00,-9.339355230331420898e-01,3.699147701263427734e-01,1.356148272752761841e-01,-6.609451770782470703e-01,4.010872840881347656e-01,-1.803042292594909668e-01,1.481338888406753540e-01,-2.656139135360717773e-01,-7.095513939857482910e-01,4.628621637821197510e-01,-7.481265813112258911e-02,-1.080140471458435059e+00,7.125075459480285645e-01,-6.603627204895019531e-01,-4.857262969017028809e-01,2.348151803016662598e-01,4.182416498661041260e-01,-2.955801784992218018e-01,-3.170970082283020020e-01,1.145894080400466919e-01,-5.707026720046997070e-01,-1.285662055015563965e-01,-7.920386791229248047e-01,-9.769222140312194824e-01,5.760374069213867188e-01
-2.493114471435546875e-01,-4.185658991336822510e-01,-6.621242165565490723e-01,-3.504015505313873291e-01,-5.667054057121276855e-01,-3.956347405910491943e-01,-2.309694290161132812e-01,-9.225028157234191895e-01,-2.879614830017089844e-01,-1.048613786697387695e+00,-9.599353671073913574e-01,-1.534774452447891235e-01,-1.095155477523803711e+00,2.514680624008178711e-01,8.918433785438537598e-01,-8.582282066345214844e-01,3.852753937244415283e-01,-2.606829702854156494e-01,-4.974945187568664551e-01,4.360684454441070557e-01,-8.588697314262390137e-01,-8.357878029346466064e-02,2.946593463420867920e-01,-4.752214550971984863e-01,-5.980647206306457520e-01,5.181570649147033691e-01,1.439522981643676758e+00,-1.051313057541847229e-02,7.653110623359680176e-01,5.677226558327674866e-02,-8.417504280805587769e-02,-4.910778999328613281e-01
6.679307818412780762e-01,5.491625666618347168e-01,9.170101881027221680e-01,8.220409750938415527e-01,8.477621078491210938e-01,6.998518705368041992e-01,1.391803026199340820e+00,-6.129693984985351562e-02,-2.981466352939605713e-01,9.511850029230117798e-02,-4.162787795066833496e-01,6.214464902877807617e-01,-6.126963496208190918e-01,5.955723524093627930e-01,1.052834033966064453e+00,2.381412498652935028e-02,5.664334297180175781e-01,7.577039599418640137e-01,-5.129462480545043945e-01,7.835588455200195312e-01,2.852960228919982910e-01,1.312025189399719238e-01,1.366544008255004883e+00,8.776061534881591797e-01,4.455915987491607666e-01,7.087049484252929688e-01,-6.533806025981903076e-02,-3.408516943454742432e-02,1.207335352897644043e+00,7.612730264663696289e-01,6.834574937820434570e-01,1.971925616264343262e+00
7.729709148406982422e-01,-4.149599000811576843e-02,8.254895210266113281e-01,-4.238481447100639343e-02,2.346790134906768799e-01,3.876210153102874756e-01,1.878771483898162842e-01,1.634291857481002808e-01,4.091956913471221924e-01,6.547400951385498047e-01,-3.855768144130706787e-01,8.628576397895812988e-01,3.732120618224143982e-02,9.077542424201965332e-01,1.077257990837097168e+00,4.152964428067207336e-02,8.824733495712280273e-01,1.009727120399475098e+00,3.492145240306854248e-01,1.120736122131347656e+00,4.889926314353942871e-01,6.388557553291320801e-01,1.078284382820129395e+00,2.399581074714660645e-01,2.031885385513305664e-01,1.386963486671447754e+00,-4.621573165059089661e-02,9.501653909683227539e-01,2.116862773895263672e+00,3.663778603076934814e-01,5.381270051002502441e-01,1.749694347381591797e+00
1.084576487541198730e+00,1.003088831901550293e+00,7.474687695503234863e-01,1.124625682830810547e+00,5.326833128929138184e-01,7.956247925758361816e-01,5.717080235481262207e-01,1.067493081092834473e+00,5.793692469596862793e-01,1.173601269721984863e+00,5.862016230821609497e-02,5.513299107551574707e-01,6.031883955001831055e-01,8.197755813598632812e-01,7.349973917007446289e-01,-4.359681904315948486e-01,8.012884259223937988e-01,3.810312747955322266e-01,-3.701750561594963074e-02,9.460024237632751465e-01,3.731418251991271973e-01,4.006600975990295410e-01,1.068412542343139648e+00,8.104576468467712402e-01,1.299137324094772339e-01,1.525861382484436035e+00,3.219819664955139160e-01,1.170233964920043945e+00,2.990931570529937744e-01,1.923886537551879883e-01,-4.803036525845527649e-02,-2.255726456642150879e-01
1.295819282531738281e+00,8.867816329002380371e-01,1.033699750900268555e+00,1.443710446357727051e+00,4.669731855392456055e-01,1.302254080772399902e+00,1.307192564010620117e+00,9.730998873710632324e-01,4.017104804515838623e-01,7.278116941452026367e-01,5.021091103553771973e-01,1.249938488006591797e+00,1.169892668724060059e+00,9.774402379989624023e-01,1.111984372138977051e+00,1.219644546508789062e+00,9.227999448776245117e-01,1.824379324913024902e+00,1.054202198982238770e+00,1.608440995216369629e+00,1.212951540946960449e+00,1.205775856971740723e+00,2.235317230224609375e+00,1.976079791784286499e-01,7.230935096740722656e-01,1.104180335998535156e+00,1.290488600730895996e+00,2.373704500496387482e-02,1.146700143814086914e+00,3.388723433017730713e-01,4.770122468471527100e-01,8.099635243415832520e-01
1.147032737731933594e+00,1.004676580429077148e+00,6.227995753288269043e-01,1.440981745719909668e+00,1.499028086662292480e+00,1.358154296875000000e+00,1.746527314186096191e+00,1.511932611465454102e+00,3.817571997642517090e-01,1.324860215187072754e+00,1.864967644214630127e-01,8.020560145378112793e-01,5.673202127218246460e-02,8.660687804222106934e-01,1.079004645347595215e+00,-2.340025156736373901e-01,8.558425903320312500e-01,1.295242547988891602e+00,1.034810319542884827e-01,1.052623867988586426e+00,5.035612583160400391e-01,7.143305540084838867e-01,8.403147459030151367e-01,7.262443900108337402e-01,6.098540872335433960e-02,9.326857328414916992e-01,1.124355673789978027e+00,3.082044422626495361e-01,1.543437123298645020e+00,1.292421579360961914e+00,4.772560298442840576e-01,5.502647161483764648e-01
1.734446287155151367e-01,-3.439969122409820557e-01,1.993013322353363037e-01,6.248062252998352051e-01,7.132719755172729492e-01,1.743989586830139160e+00,5.508844256401062012e-01,1.633324503898620605e+00,1.789417624473571777e+00,7.971208095550537109e-01,8.236591815948486328e-01,1.732777714729309082e+00,1.013532161712646484e+00,1.015895366668701172e+00,1.636225461959838867e+00,2.209403365850448608e-01,8.193295598030090332e-01,1.712690830230712891e+00,3.812543749809265137e-01,1.297073006629943848e+00,1.156413197517395020e+00,1.013742089271545410e+00,2.353167295455932617e+00,1.051896214485168457e+00,1.193379282951354980e+00,1.300730943679809570e+00,7.647898197174072266e-01,1.112553238868713379e+00,9.613924622535705566e-01,8.914557695388793945e-01,1.149356067180633545e-01,6.489732861518859863e-01
3.656531870365142822e-01,3.671130239963531494e-01,-6.796412914991378784e-02,9.946915507316589355e-01,6.611605733633041382e-02,3.749035596847534180e-01,3.135930597782135010e-01,-2.497315257787704468e-01,4.914453327655792236e-01,1.871675997972488403e-01,-3.990773260593414307e-01,2.930332124233245850e-01,-1.315007805824279785e+00,3.440987467765808105e-01,5.044651031494140625e-01,-3.832267522811889648e-01,2.719960212707519531e-01,4.644463956356048584e-01,-6.821373701095581055e-01,3.991089761257171631e-01,4.929178580641746521e-02,-4.647739231586456299e-01,3.801704943180084229e-01,2.024001255631446838e-02,-2.622122466564178467e-01,2.785275280475616455e-01,-8.562713265419006348e-01,-2.033795714378356934e-01,-3.547005951404571533e-01,7.251111418008804321e-02,-4.226021934300661087e-03,2.401981651782989502e-01
-1.481917351484298706e-01,6.159005761146545410e-01,1.186571195721626282e-01,6.573216915130615234e-01,-1.704150289297103882e-01,1.536808371543884277e+00,1.780459191650152206e-03,7.267395853996276855e-01,1.764744997024536133e+00,-3.981643319129943848e-01,9.327251911163330078e-01,1.273818850517272949e+00,6.821741461753845215e-01,1.002531200647354126e-01,1.317115724086761475e-01,-3.872012495994567871e-01,5.867021623998880386e-03,7.320686429738998413e-02,8.008354902267456055e-01,3.362689316272735596e-01,8.745895028114318848e-01,1.548707842826843262e+00,9.439811110496520996e-01,1.394476413726806641e+00,1.211226820945739746e+00,1.973121166229248047e-01,2.395040392875671387e-01,4.649820625782012939e-01,1.398691385984420776e-01,-5.283755660057067871e-01,-3.414341211318969727e-01,-1.662790298461914062e+00
3.798477947711944580e-01,9.920017123222351074e-01,2.069394350051879883e+00,1.862075567245483398e+00,2.475723981857299805e+00,1.906246066093444824e+00,2.109844207763671875e+00,1.321651101112365723e+00,3.387117087841033936e-01,5.141085982322692871e-01,1.871629357337951660e+00,4.490172266960144043e-01,2.209911346435546875e+00,-2.301440834999084473e-01,1.288488030433654785e+00,1.531155109405517578e+00,-6.255849003791809082e-01,2.680524110794067383e+00,1.335248708724975586e+00,-5.206032395362854004e-01,2.681457996368408203e+00,1.446202635765075684e+00,-3.469010293483734131e-01,1.742803335189819336e+00,1.106122612953186035e+00,-7.762724757194519043e-01,8.282486796379089355e-01,2.413776889443397522e-02,1.554021835327148438e+00,1.347582459449768066e+00,1.801951408386230469e+00,1.500238895416259766e+00
-3.094695508480072021e-01,1.668450832366943359e-01,8.300532698631286621e-01,1.423334121704101562e+00,2.389032363891601562e+00,1.549656510353088379e+00,2.228618860244750977e+00,1.946786165237426758e+00,2.409615278244018555e+00,1.393872261047363281e+00,1.315904378890991211e+00,1.443860054016113281e+00,1.438279986381530762e+00,-5.115210413932800293e-01,1.811663269996643066e+00,1.062744975090026855e+00,-7.220607399940490723e-01,7.046268582344055176e-01,6.235047578811645508e-01,-8.664905428886413574e-01,1.045072674751281738e+00,7.690067887306213379e-01,1.208911240100860596e-01,8.635219335556030273e-01,1.256018638610839844e+00,3.927875757217407227e-01,-7.271646857261657715e-01,1.532889753580093384e-01,-2.794358730316162109e-01,4.242368638515472412e-01,2.992348670959472656e-01,2.077974379062652588e-01
-7.840833067893981934e-01,-1.649075299501419067e-01,1.925787031650543213e-01,4.888280034065246582e-01,6.819391846656799316e-01,1.309309720993041992e+00,4.939355254173278809e-01,1.214066386222839355e+00,6.606749296188354492e-01,1.874943494796752930e+00,1.066732525825500488e+00,-2.696271240711212158e-02,6.432577371597290039e-01,-7.959955930709838867e-01,-1.475205272436141968e-01,1.118333220481872559e+00,-9.591800570487976074e-01,3.079964518547058105e-01,4.082177281379699707e-01,-9.368293285369873047e-01,6.015975475311279297e-01,1.055595636367797852e+00,-4.736925959587097168e-01,2.153545171022415161e-01,5.066154599189758301e-01,-5.620124936103820801e-01,3.917392343282699585e-02,-2.366397231817245483e-01,2.917594611644744873e-01,-7.430609464645385742e-01,3.902162313461303711e-01,1.494596749544143677e-01
-1.075032234191894531e+00,-7.671644687652587891e-01,-9.574279189109802246e-01,-4.561850726604461670e-01,-1.000544428825378418e+00,-1.040130853652954102e+00,-7.419870495796203613e-01,-1.272226691246032715e+00,-3.184511363506317139e-01,-8.349437713623046875e-01,3.131343424320220947e-02,-1.083504796028137207e+00,-1.165991544723510742e+00,-1.056325078010559082e+00,-4.587849676609039307e-01,-1.801004707813262939e-01,-1.167793989181518555e+00,-1.636702537536621094e+00,-1.092862486839294434e-01,-1.747533321380615234e+00,-8.952158093452453613e-01,-1.600024551153182983e-01,-1.005345821380615234e+00,-7.102510333061218262e-02,-3.651047050952911377e-01,-1.583230376243591309e+00,7.857087254524230957e-01,-6.248712539672851562e-01,-1.674460530281066895e+00,-1.305462360382080078e+00,-2.461251467466354370e-01,-7.247301936149597168e-01
-4.288665056228637695e-01,-4.413321614265441895e-02,-4.521377384662628174e-01,-5.534763336181640625e-01,-1.431110739707946777e+00,-2.017218828201293945e+00,-1.223278641700744629e+00,-2.123553514480590820e+00,-2.081132650375366211e+00,-1.231837391853332520e+00,-4.756874144077301025e-01,-2.703164339065551758e+00,-1.403312087059020996e+00,-1.916392207145690918e+00,-1.149345636367797852e+00,-4.567056298255920410e-01,-1.640052556991577148e+00,-9.382120966911315918e-01,-5.767295360565185547e-01,-2.205456972122192383e+00,-6.493607908487319946e-02,-8.216827362775802612e-02,-1.379570364952087402e+00,3.200610280036926270e-01,-6.308172363787889481e-03,-1.719933271408081055e+00,7.117594480514526367e-01,2.406705319881439209e-01,6.395800113677978516e-01,-4.595368504524230957e-01,6.363007426261901855e-01,-5.322703719139099121e-01
5.285532474517822266e-01,1.030106902122497559e+00,9.999226033687591553e-02,5.568936467170715332e-01,-5.969726666808128357e-02,-1.646126270294189453e+00,6.394944787025451660e-01,-1.594980955123901367e+00,-1.685711145401000977e+00,-1.564191102981567383e+00,-4.164718985557556152e-01,-1.196944594383239746e+00,-4.211310446262359619e-01,-1.679809451103210449e+00,-2.771597802639007568e-01,3.027952313423156738e-01,-1.200580477714538574e+00,1.598335653543472290e-01,1.322477310895919800e-01,-1.363119125366210938e+00,4.283025860786437988e-01,2.692780494689941406e-01,-1.132228136062622070e+00,1.909457147121429443e-01,7.748666405677795410e-02,-9.555317759513854980e-01,-2.284560501575469971e-01,1.617984920740127563e-01,-2.153606861829757690e-01,-5.760417580604553223e-01,-1.144479885697364807e-01,-3.349901735782623291e-01
7.029712432995438576e-04,6.806472539901733398e-01,1.174000427126884460e-01,5.257043242454528809e-01,1.207112789154052734e+00,-5.447164177894592285e-01,1.086105942726135254e+00,-4.215740263462066650e-01,-6.304486989974975586e-01,-6.404821872711181641e-01,1.671390682458877563e-01,-9.612071514129638672e-01,-1.525699794292449951e-01,-1.117149591445922852e+00,2.010163217782974243e-01,2.642875015735626221e-01,-1.063759684562683105e+00,-4.277999401092529297e-01,1.731436103582382202e-01,-1.490491271018981934e+00,-3.222648501396179199e-01,1.366906613111495972e-01,-1.641346096992492676e+00,2.780420482158660889e-01,-5.963915213942527771e-02,-1.048663020133972168e+00,-8.208764791488647461e-01,3.227012231945991516e-02,-5.488919019699096680e-01,1.120830655097961426e+00,-1.697113513946533203e-01,-1.387781202793121338e-01
-1.324046254158020020e+00,-7.583378553390502930e-01,-9.818589687347412109e-01,-5.656919479370117188e-01,-2.788747847080230713e-01,-4.491612911224365234e-01,2.250087633728981018e-02,-4.918998777866363525e-01,1.947364509105682373e-01,-2.347928583621978760e-01,6.553132534027099609e-01,-2.217479944229125977e-01,1.880748718976974487e-01,-1.038170695304870605e+00,-1.003867864608764648e+00,6.256490349769592285e-01,-1.033925056457519531e+00,-9.841205477714538574e-01,3.112583160400390625e-01,-1.423964262008666992e+00,-9.169555455446243286e-02,2.892815694212913513e-02,-9.148192405700683594e-01,-7.593023777008056641e-01,2.268826514482498169e-01,-1.899043202400207520e+00,-2.641896009445190430e+00,-6.890814900398254395e-01,-1.476299881935119629e+00,-1.230515480041503906e+00,-1.341416597366333008e+00,-1.577885627746582031e+00
9.831593036651611328e-01,1.124562859535217285e+00,7.202776670455932617e-01,5.157839059829711914e-01,-5.602359175682067871e-01,-1.008772730827331543e+00,-4.004743099212646484e-01,-1.189852476119995117e+00,-9.657031893730163574e-01,4.455585777759552002e-02,3.016452491283416748e-01,-1.143103837966918945e+00,-1.127059310674667358e-01,-1.143352389335632324e+00,-7.899734377861022949e-01,4.470157623291015625e-01,-1.083244681358337402e+00,-2.104159742593765259e-01,8.806633949279785156e-02,-1.243690967559814453e+00,2.992041409015655518e-01,6.655527353286743164e-01,-7.671265006065368652e-01,6.296611428260803223e-01,6.403948664665222168e-01,-9.445118904113769531e-01,9.604942202568054199e-01,7.368384003639221191e-01,3.389369547367095947e-01,4.379896223545074463e-01,1.979525536298751831e-01,-2.894155085086822510e-01
4.451970756053924561e-01,7.864862084388732910e-01,3.738710284233093262e-01,2.528042495250701904e-01,-1.942381113767623901e-01,-9.392187595367431641e-01,6.690914183855056763e-02,-1.095517873764038086e+00,-7.499598264694213867e-01,-6.001178622245788574e-01,2.279315441846847534e-01,-1.191524982452392578e+00,-7.956066131591796875e-01,-1.165251612663269043e+00,2.474365830421447754e-01,-1.004353836178779602e-01,-1.237162351608276367e+00,-1.153359413146972656e+00,7.225639186799526215e-03,-1.599552869796752930e+00,-3.195096552371978760e-01,2.569681964814662933e-02,-1.022048592567443848e+00,5.897460579872131348e-01,3.669509887695312500e-01,-1.651006937026977539e+00,5.123585462570190430e-01,8.946768045425415039e-01,-7.367323637008666992e-01,3.571219369769096375e-02,-2.186153680086135864e-01,-1.824164032936096191e+00
2.977353334426879883e-01,-1.569420248270034790e-01,5.984231829643249512e-01,-8.225255608558654785e-01,-1.678272038698196411e-01,-1.302319407463073730e+00,-1.191875562071800232e-01,-1.003411293029785156e+00,-1.070419430732727051e+00,-5.407100915908813477e-01,6.598992347717285156e-01,-1.767835974693298340e+00,-1.971090286970138550e-01,-9.325022697448730469e-01,-8.311832547187805176e-01,9.782295227050781250e-01,-1.006102561950683594e+00,3.015733063220977783e-01,7.030732035636901855e-01,-1.118990659713745117e+00,9.733617901802062988e-01,1.090191364288330078e+00,-7.627919316291809082e-01,1.083668589591979980e+00,5.966607928276062012e-01,-1.135209083557128906e+00,6.657708287239074707e-01,7.025646567344665527e-01,5.462456941604614258e-01,2.468000948429107666e-01,1.767980694770812988e+00,3.964228332042694092e-01
-5.725700259208679199e-01,-3.280658721923828125e-01,-5.510641932487487793e-01,-5.439384579658508301e-01,-2.632210552692413330e-01,-1.682950258255004883e+00,-1.168497323989868164e+00,-1.681488454341888428e-01,6.846452504396438599e-02,-5.477399826049804688e-01,1.045701384544372559e+00,-6.069658994674682617e-01,-1.489373575896024704e-02,-9.545950889587402344e-01,5.925688743591308594e-01,7.530847191810607910e-01,-1.265851140022277832e+00,-5.927662849426269531e-01,7.776517271995544434e-01,-1.509567737579345703e+00,3.460804224014282227e-01,-7.537221163511276245e-02,-6.356599330902099609e-01,-1.986988587304949760e-03,4.746899604797363281e-01,-1.362265944480895996e+00,-6.431792378425598145e-01,3.121173977851867676e-01,-5.533903837203979492e-01,-9.076067805290222168e-02,5.221575498580932617e-03,-9.112466573715209961e-01
-7.500162124633789062e-01,-4.422202110290527344e-01,-6.147105693817138672e-01,-1.260553002357482910e+00,-6.372867226600646973e-01,-1.565161347389221191e+00,-1.033930778503417969e+00,-6.091291904449462891e-01,-6.896829009056091309e-01,-6.148708462715148926e-01,3.746187388896942139e-01,-1.508201360702514648e+00,-1.014321804046630859e+00,-1.278951883316040039e+00,-1.271317243576049805e+00,5.123376250267028809e-01,-1.118790626525878906e+00,-1.110834598541259766e+00,2.459805160760879517e-01,-1.219092965126037598e+00,1.795979738235473633e-01,1.701067835092544556e-01,-8.008725047111511230e-01,-5.473764538764953613e-01,-1.509730219841003418e-01,-8.688512444496154785e-01,-5.353838205337524414e-01,-5.376782640814781189e-02,-6.881939768791198730e-01,-1.391538858413696289e+00,2.149582281708717346e-02,-3.480271399021148682e-01
-4.836712479591369629e-01,-1.019907835870981216e-02,-3.650441765785217285e-01,-2.157239168882369995e-01,-6.865312457084655762e-01,-2.272569656372070312e+00,-4.345868825912475586e-01,-1.081798672676086426e+00,-9.025397896766662598e-01,-1.043712735176086426e+00,3.806850910186767578e-01,-1.372049808502197266e+00,-1.072838544845581055e+00,-9.100332260131835938e-01,-1.284284114837646484e+00,1.938962489366531372e-01,-1.002916932106018066e+00,-1.691901564598083496e+00,4.367620944976806641e-01,-1.368907928466796875e+00,-6.112408041954040527e-01,3.637561798095703125e-01,-1.353790044784545898e+00,-5.856162309646606445e-01,-4.735552668571472168e-01,-1.899521112442016602e+00,-1.025708392262458801e-01,4.405614361166954041e-02,-8.981111049652099609e-01,-1.282078981399536133e+00,-9.537197351455688477e-01,-6.238852739334106445e-01
-3.715473115444183350e-01,-8.993488550186157227e-02,-6.945349574089050293e-01,-6.127181649208068848e-01,3.897701501846313477e-01,-1.079655170440673828e+00,4.843623042106628418e-01,2.791634500026702881e-01,-1.843976378440856934e-01,3.521562740206718445e-02,1.044671535491943359e+00,-7.483168840408325195e-01,6.480275094509124756e-02,-9.544789195060729980e-01,-4.269598424434661865e-01,1.180873990058898926e+00,-1.024964094161987305e+00,-2.868917882442474365e-01,9.464722871780395508e-01,-1.402625679969787598e+00,3.631966710090637207e-01,6.968146562576293945e-01,-5.807630419731140137e-01,9.174433350563049316e-01,6.455683708190917969e-01,-6.207253336906433105e-01,8.201124072074890137e-01,4.140428900718688965e-01,8.986781835556030273e-01,1.220285177230834961e+00,1.184647440910339355e+00,6.673236489295959473e-01
4.123737215995788574e-01,5.969555974006652832e-01,3.007146418094635010e-01,6.319468617439270020e-01,4.946018755435943604e-01,-5.420161038637161255e-02,8.257976174354553223e-01,8.717591762542724609e-01,2.215383797883987427e-01,1.301163077354431152e+00,1.484668731689453125e+00,-9.260810911655426025e-02,1.321878194808959961e+00,-5.424034595489501953e-01,1.892336308956146240e-01,1.903421878814697266e+00,-8.677874803543090820e-01,6.126953363418579102e-01,1.426946401596069336e+00,-9.176104068756103516e-01,8.235804438591003418e-01,7.991146445274353027e-01,-6.678400635719299316e-01,3.197688162326812744e-01,7.228819131851196289e-01,-8.036130666732788086e-01,-4.813209474086761475e-01,4.886719882488250732e-01,5.700990557670593262e-01,6.776322722434997559e-01,4.454186558723449707e-01,4.738230723887681961e-03
-5.734081864356994629e-01,-1.677869558334350586e-01,-4.357683956623077393e-01,-2.428073585033416748e-01,4.951346814632415771e-01,1.318564713001251221e-01,3.377453684806823730e-01,9.293624758720397949e-01,9.606983661651611328e-01,1.840651988983154297e+00,1.556547999382019043e+00,3.516838848590850830e-01,7.537999153137207031e-01,-3.879193961620330811e-01,1.023377299308776855e+00,1.119340538978576660e+00,-8.906780481338500977e-01,-1.037455722689628601e-01,1.173666119575500488e+00,-9.492263793945312500e-01,1.237767264246940613e-01,3.444707393646240234e-01,-8.070225715637207031e-01,1.011201977729797363e+00,3.663355708122253418e-01,-1.341689467430114746e+00,-3.593180095776915550e-03,3.289713859558105469e-01,7.031259685754776001e-02,-1.656326279044151306e-02,-1.812719702720642090e-01,-6.473573446273803711e-01
2.083228230476379395e-01,3.262898027896881104e-01,-3.634591698646545410e-01,5.576332211494445801e-01,5.439478904008865356e-02,-2.931111752986907959e-01,2.123649120330810547e-01,-9.917147457599639893e-02,2.380673289299011230e-01,6.163560152053833008e-01,6.303075551986694336e-01,-6.723572611808776855e-01,-2.674396932125091553e-01,-1.084082245826721191e+00,-4.569198787212371826e-01,3.198209702968597412e-01,-1.014843463897705078e+00,-8.778515458106994629e-01,3.061447739601135254e-01,-1.398439884185791016e+00,-3.261145949363708496e-01,-1.471796929836273193e-01,-1.010293126106262207e+00,4.655787348747253418e-02,1.593775153160095215e-01,-1.786067366600036621e+00,-7.191935777664184570e-01,-4.984779357910156250e-01,-6.503537297248840332e-01,-4.817211329936981201e-01,-1.743234135210514069e-02,2.538924664258956909e-02
1.073355913162231445e+00,1.050666570663452148e+00,1.774937808513641357e-01,5.329214930534362793e-01,-4.025062322616577148e-01,-5.374212861061096191e-01,4.408313930034637451e-01,-9.917147457599639893e-02,1.661565303802490234e-01,7.408154010772705078e-01,9.149605035781860352e-01,-7.451328635215759277e-01,4.011200368404388428e-01,-1.251930475234985352e+00,-4.970343112945556641e-01,1.060511350631713867e+00,-1.306164026260375977e+00,-7.508793473243713379e-01,4.132324457168579102e-01,-1.364187836647033691e+00,-2.326640188694000244e-01,5.332474708557128906e-01,-8.907182216644287109e-01,4.727084934711456299e-01,5.667546391487121582e-01,-2.109450817108154297e+00,1.621226310729980469e+00,-5.065160393714904785e-01,-1.058091148734092712e-01,-3.293541073799133301e-01,5.246362686157226562e-01,-6.472477912902832031e-01
1.825643301010131836e+00,1.912636756896972656e+00,1.403963446617126465e+00,1.671063423156738281e+00,1.155407309532165527e+00,-9.553551077842712402e-01,1.834698677062988281e+00,7.117597758769989014e-02,-4.025007188320159912e-01,1.862434893846511841e-01,1.340411305427551270e+00,-7.241317629814147949e-01,1.293528079986572266e-01,-5.052869915962219238e-01,1.219775319099426270e+00,1.038054943084716797e+00,-1.006006240844726562e+00,4.599157571792602539e-01,1.227938771247863770e+00,-1.050112366676330566e+00,9.139549732208251953e-01,6.898646950721740723e-01,-4.834283590316772461e-01,8.891774415969848633e-01,5.554076433181762695e-01,-6.750182509422302246e-01,1.222920268774032593e-01,8.269071578979492188e-02,4.211573302745819092e-01,1.212640643119812012e+00,9.369171857833862305e-01,1.282663702964782715e+00
1.475563645362854004e+00,6.591726541519165039e-01,1.954535841941833496e+00,1.362230658531188965e+00,2.411003351211547852e+00,2.144807100296020508e+00,2.627725601196289062e+00,2.228734493255615234e+00,2.523572921752929688e+00,2.553644657135009766e+00,2.099383831024169922e+00,1.107503533363342285e+00,1.882580757141113281e+00,-4.529201686382293701e-01,1.723648309707641602e+00,1.746752381324768066e+00,-8.124403953552246094e-01,1.710196137428283691e+00,1.790550470352172852e+00,-1.714563667774200439e-01,1.899186849594116211e+00,1.895384073257446289e+00,1.229585528373718262e+00,1.458897709846496582e+00,2.288154840469360352e+00,1.033297926187515259e-01,1.259863972663879395e+00,1.188643693923950195e+00,1.331251859664916992e+00,1.087216973304748535e+00,2.209478139877319336e+00,1.485175132751464844e+00
4.496312141418457031e-01,7.258299589157104492e-01,7.070237398147583008e-01,9.699543118476867676e-01,1.362406849861145020e+00,9.789172410964965820e-01,1.152060270309448242e+00,1.887717127799987793e+00,1.684086799621582031e+00,2.172378540039062500e+00,2.073444843292236328e+00,9.682527184486389160e-01,1.808033108711242676e+00,-1.890891939401626587e-01,2.207123756408691406e+00,1.558111667633056641e+00,-9.408777356147766113e-01,1.439218878746032715e+00,1.688798666000366211e+00,-1.069598495960235596e-01,1.747008800506591797e+00,2.529008150100708008e+00,1.134974122047424316e+00,2.298283576965332031e+00,2.562387228012084961e+00,-9.659692645072937012e-01,2.099491119384765625e+00,1.254433274269104004e+00,8.689653873443603516e-01,1.101269602775573730e+00,1.218983888626098633e+00,4.627032876014709473e-01
3.605431318283081055e-01,8.353287577629089355e-01,1.381991982460021973e+00,1.375466346740722656e+00,1.468075871467590332e+00,8.727787733078002930e-01,4.741182327270507812e-01,1.469631552696228027e+00,1.009242534637451172e+00,1.538728237152099609e+00,1.238055229187011719e+00,1.296648979187011719e-01,1.135572314262390137e+00,-8.431240916252136230e-01,1.471238136291503906e+00,1.366098642349243164e+00,-9.384346604347229004e-01,1.311128377914428711e+00,6.574343442916870117e-01,-5.470715761184692383e-01,1.484603643417358398e+00,1.143098115921020508e+00,6.905794888734817505e-02,6.522971987724304199e-01,1.219458222389221191e+00,-9.213523268699645996e-01,1.622713208198547363e-01,4.060755372047424316e-01,-1.765753477811813354e-01,8.113375306129455566e-01,-1.561190038919448853e-01,9.240645170211791992e-01
1.083630084991455078e+00,1.227334022521972656e+00,1.006809234619140625e+00,8.650888800621032715e-01,1.756160110235214233e-01,3.516462743282318115e-01,-6.242187023162841797e-01,5.135633945465087891e-01,1.692043900489807129e+00,1.154920816421508789e+00,1.478827595710754395e+00,-8.268339186906814575e-02,5.845988392829895020e-01,-7.711369991302490234e-01,-2.852418720722198486e-01,8.373922109603881836e-01,-1.065538167953491211e+00,-5.582991242408752441e-01,3.374188244342803955e-01,-1.043041110038757324e+00,-2.464400529861450195e-01,4.392822682857513428e-01,-3.689823150634765625e-01,-3.523203730583190918e-01,4.604004323482513428e-01,-5.127367377281188965e-01,5.617338418960571289e-01,6.792519092559814453e-01,-1.175127625465393066e+00,-1.314605832099914551e+00,6.237649321556091309e-01,-1.941305100917816162e-01
1.264023303985595703e+00,1.135192513465881348e+00,1.426317572593688965e+00,6.017521619796752930e-01,4.931557476520538330e-01,-4.910373985767364502e-01,-2.071267515420913696e-01,2.633042037487030029e-01,4.435157775878906250e-02,-3.223533630371093750e-01,7.764959335327148438e-01,-9.706576466560363770e-01,-3.628038167953491211e-01,-1.074761629104614258e+00,3.863421082496643066e-01,-6.756641715764999390e-02,-1.125019669532775879e+00,-1.592600643634796143e-01,2.170285582542419434e-01,-1.490544676780700684e+00,4.626294374465942383e-01,6.405996680259704590e-01,-6.281254887580871582e-01,5.105586647987365723e-01,1.722438782453536987e-01,-2.380019575357437134e-01,-3.865559697151184082e-01,1.167735338211059570e+00,-5.105601549148559570e-01,3.883747756481170654e-01,1.261508226394653320e+00,-4.404089599847793579e-02
-3.833897039294242859e-02,2.285777777433395386e-01,1.207066997885704041e-01,5.179516226053237915e-02,7.622882127761840820e-01,-1.172205090522766113e+00,8.085607290267944336e-01,8.507112413644790649e-02,-1.352717578411102295e-01,-1.047227680683135986e-01,1.165065646171569824e+00,-5.787160396575927734e-01,2.241641432046890259e-01,-8.743439316749572754e-01,9.787333607673645020e-01,8.660458326339721680e-01,-1.002091884613037109e+00,3.753823339939117432e-01,6.596946716308593750e-01,-7.132378220558166504e-01,5.895199179649353027e-01,6.245198845863342285e-01,-9.036765098571777344e-01,9.214172959327697754e-01,1.745709776878356934e-01,-8.611462712287902832e-01,-1.988019794225692749e-01,3.553485274314880371e-01,7.602832913398742676e-01,1.497326374053955078e+00,1.410109758377075195e+00,3.716087341308593750e-01
1.191130638122558594e+00,1.425045490264892578e+00,1.176295995712280273e+00,6.144778132438659668e-01,1.012189626693725586e+00,-6.944513320922851562e-01,1.048845291137695312e+00,3.330437839031219482e-01,-7.378429770469665527e-01,5.867511034011840820e-01,1.152015805244445801e+00,-8.509343862533569336e-01,4.572834670543670654e-01,-6.567176580429077148e-01,4.393642544746398926e-01,1.179549217224121094e+00,-7.757485508918762207e-01,3.013725765049457550e-02,8.852952122688293457e-01,-3.532257676124572754e-01,2.829371094703674316e-01,1.013408660888671875e+00,-4.188411235809326172e-01,2.832432836294174194e-02,8.692392110824584961e-01,-7.909357547760009766e-01,2.191633433103561401e-01,9.295162558555603027e-01,3.516385853290557861e-01,7.714282870292663574e-01,7.977226376533508301e-01,8.184813857078552246e-01
-8.102284073829650879e-01,-1.132824301719665527e+00,3.371425271034240723e-01,-5.913472175598144531e-01,4.699161946773529053e-01,1.219699531793594360e-01,3.120706379413604736e-01,1.194718718528747559e+00,5.299031138420104980e-01,2.496448159217834473e-01,8.899387121200561523e-01,-2.490324974060058594e-01,4.533665776252746582e-01,-3.987832665443420410e-01,5.350764393806457520e-01,4.716072678565979004e-01,-7.612322568893432617e-01,-1.128010869026184082e+00,3.418900817632675171e-02,-9.688727855682373047e-01,-1.531970500946044922e-01,3.980186209082603455e-02,-7.014499306678771973e-01,-2.355945259332656860e-01,3.499881625175476074e-01,-1.375480771064758301e+00,-1.083798170089721680e+00,-7.305446863174438477e-01,-8.009209632873535156e-01,-5.709078907966613770e-01,-1.798294335603713989e-01,-2.477300316095352173e-01
7.952767610549926758e-01,1.148540079593658447e-01,5.732270479202270508e-01,3.772809505462646484e-01,9.517312645912170410e-01,1.221659407019615173e-02,5.319702625274658203e-01,8.683586716651916504e-01,2.001802474260330200e-01,2.207000106573104858e-01,9.280587434768676758e-01,-3.921618163585662842e-01,9.936316609382629395e-01,-4.582414925098419189e-01,-4.573935642838478088e-02,1.139059662818908691e+00,-5.098716616630554199e-01,4.850636124610900879e-01,1.126409173011779785e+00,-1.635123044252395630e-01,7.666268944740295410e-01,1.303972601890563965e+00,2.449821084737777710e-01,5.270584821701049805e-01,8.471221327781677246e-01,1.362698972225189209e-01,1.681505084037780762e+00,7.209508419036865234e-01,7.894667983055114746e-01,8.697586506605148315e-02,8.837871551513671875e-01,5.870475769042968750e-01
7.608311772346496582e-01,3.587438464164733887e-01,1.144131183624267578e+00,5.128001570701599121e-01,1.050905346870422363e+00,1.242760777473449707e+00,5.873451232910156250e-01,1.514658808708190918e+00,1.730348110198974609e+00,6.676777601242065430e-01,1.591401457786560059e+00,1.392187118530273438e+00,1.340388774871826172e+00,-1.073113293386995792e-03,1.048600554466247559e+00,1.138380885124206543e+00,-2.840279936790466309e-01,7.577613592147827148e-01,1.089947581291198730e+00,2.981160581111907959e-01,1.074492931365966797e+00,1.078650951385498047e+00,1.826642870903015137e+00,5.753111243247985840e-01,1.293098449707031250e+00,-8.942804932594299316e-01,5.311505198478698730e-01,-1.818583011627197266e-01,4.664824903011322021e-01,3.455801010131835938e-01,3.847305476665496826e-01,2.060445547103881836e-01
1.575466692447662354e-01,6.935104727745056152e-01,7.857823371887207031e-01,-1.305717509239912033e-02,-4.142274856567382812e-01,-5.075004100799560547e-01,-5.510134100914001465e-01,-4.816397652029991150e-02,-2.504366040229797363e-01,-1.279248148202896118e-01,2.320348024368286133e-01,-1.388156294822692871e+00,-9.459654092788696289e-01,-9.195418953895568848e-01,-1.221166729927062988e+00,-3.932341635227203369e-01,-9.503337144851684570e-01,-1.817411422729492188e+00,4.407145977020263672e-01,-9.686412215232849121e-01,-1.077436923980712891e+00,-3.900172114372253418e-01,-1.180770635604858398e+00,-3.699695169925689697e-01,-6.099502444267272949e-01,-3.229802474379539490e-02,-3.163650631904602051e-02,7.465736865997314453e-01,-1.583961367607116699e+00,-4.823581576347351074e-01,-3.264398872852325439e-01,-9.138211607933044434e-01
6.343774199485778809e-01,3.592282533645629883e-01,8.833423852920532227e-01,-1.740276664495468140e-01,1.455009877681732178e-01,-1.024081587791442871e+00,2.333949804306030273e-01,-1.385996788740158081e-01,-1.081811904907226562e+00,-9.297322481870651245e-02,9.550114274024963379e-01,-1.285911440849304199e+00,-9.293185174465179443e-02,-9.489032030105590820e-01,3.857500106096267700e-02,4.225337505340576172e-01,-8.984426856040954590e-01,1.185417920351028442e-01,3.679764866828918457e-01,-5.643134117126464844e-01,9.681910276412963867e-01,7.163565754890441895e-01,-1.472615897655487061e-01,1.193498373031616211e+00,2.511344850063323975e-01,-1.265924334526062012e+00,9.830651879310607910e-01,1.630525231361389160e+00,-3.952248394489288330e-01,2.974267303943634033e-01,1.020381093025207520e+00,-3.016034364700317383e-01
4.451430141925811768e-01,8.474385142326354980e-01,8.717007637023925781e-01,4.712824225425720215e-01,7.275303006172180176e-01,-3.244474828243255615e-01,9.146141409873962402e-01,1.493581533432006836e-01,-6.398655772209167480e-01,-4.257559776306152344e-02,9.383892416954040527e-01,-7.904207110404968262e-01,-7.067812234163284302e-02,-7.234055995941162109e-01,2.421669363975524902e-01,1.359879612922668457e+00,-8.094518780708312988e-01,5.517899394035339355e-01,6.392034888267517090e-01,-5.483183860778808594e-01,9.392991065979003906e-01,1.112605571746826172e+00,-5.331056118011474609e-01,1.537636995315551758e+00,5.710242390632629395e-01,-1.195265889167785645e+00,2.160038240253925323e-02,3.067429661750793457e-01,5.855981111526489258e-01,6.015986800193786621e-01,1.172213196754455566e+00,4.798485711216926575e-02
9.605560898780822754e-01,6.358412504196166992e-01,8.021516203880310059e-01,9.431769251823425293e-01,7.761405706405639648e-01,4.238352477550506592e-01,1.102929949760437012e+00,4.598882794380187988e-01,3.882985413074493408e-01,6.568193435668945312e-01,1.418936252593994141e+00,1.319343782961368561e-02,1.386633634567260742e+00,-7.499181032180786133e-01,1.215275406837463379e+00,1.178191542625427246e+00,-8.344554305076599121e-01,8.487752676010131836e-01,1.500561475753784180e+00,-5.893033742904663086e-01,1.578884601593017578e+00,1.516189336776733398e+00,4.800015389919281006e-01,1.559513449668884277e+00,1.626373767852783203e+00,1.161265596747398376e-01,5.336698293685913086e-01,5.694298148155212402e-01,8.845778554677963257e-02,8.111501932144165039e-01,1.132838010787963867e+00,6.314171552658081055e-01
-2.135951071977615356e-03,-8.552156388759613037e-02,3.658093512058258057e-01,-2.925113439559936523e-01,-2.333343774080276489e-01,-3.571774959564208984e-01,-5.332088470458984375e-01,-3.644984066486358643e-01,-9.254344701766967773e-01,3.448293209075927734e-01,4.050632417201995850e-01,-8.409758210182189941e-01,7.941219955682754517e-02,-1.200902223587036133e+00,6.928105950355529785e-01,7.730995416641235352e-01,-1.007211685180664062e+00,5.618548393249511719e-01,3.276364207267761230e-01,-8.818443417549133301e-01,5.854814648628234863e-01,3.250570595264434814e-01,-4.250592887401580811e-01,4.330271780490875244e-01,3.800481557846069336e-01,-1.213930845260620117e+00,1.228041529655456543e+00,1.626706570386886597e-01,1.285284012556076050e-01,-3.261688649654388428e-01,-1.337292194366455078e-01,9.712003171443939209e-02
3.561360239982604980e-01,-3.180820867419242859e-02,1.335234194993972778e-01,3.040893673896789551e-01,-4.343464672565460205e-01,-6.462164521217346191e-01,-1.290703862905502319e-01,-8.147421479225158691e-01,-7.193933129310607910e-01,-4.973753690719604492e-01,9.511817693710327148e-01,-7.580553293228149414e-01,4.608845114707946777e-01,-1.131404399871826172e+00,6.598901003599166870e-02,9.295939207077026367e-01,-1.347828984260559082e+00,3.514961898326873779e-01,1.453082203865051270e+00,-7.724264264106750488e-01,1.360751390457153320e+00,1.251194000244140625e+00,-9.983105957508087158e-02,1.764153718948364258e+00,1.274885535240173340e+00,-5.928471684455871582e-01,1.254412174224853516e+00,1.391103982925415039e+00,-3.675534427165985107e-01,1.927633881568908691e-01,9.145477414131164551e-01,-7.915583848953247070e-01
9.752103090286254883e-01,1.272140026092529297e+00,1.024736166000366211e+00,1.418131709098815918e+00,8.278207182884216309e-01,-4.914511740207672119e-01,7.723838686943054199e-01,-6.176304221153259277e-01,-1.249109864234924316e+00,-2.834742665290832520e-01,5.092858076095581055e-01,-9.918619990348815918e-01,-3.170170187950134277e-01,-1.523416996002197266e+00,1.539921164512634277e+00,9.026374220848083496e-01,-1.329242467880249023e+00,6.647114753723144531e-01,5.116740465164184570e-01,-7.873170971870422363e-01,5.467010140419006348e-01,7.183312773704528809e-01,-6.240633130073547363e-01,5.736358165740966797e-01,6.617811322212219238e-01,-1.475092411041259766e+00,3.163650631904602051e-02,8.670974969863891602e-01,6.980982422828674316e-01,9.179869294166564941e-01,1.291456103324890137e+00,8.748471736907958984e-01
1.191103577613830566e+00,1.897620677947998047e+00,2.099154233932495117e+00,1.877835988998413086e+00,1.287791609764099121e+00,-3.006240427494049072e-01,1.426070451736450195e+00,-4.208704829216003418e-01,-5.819923281669616699e-01,-1.374300718307495117e-01,9.673694968223571777e-01,-5.919941067695617676e-01,-1.584769189357757568e-01,-7.056660056114196777e-01,2.333447188138961792e-01,1.009215235710144043e+00,-8.451627492904663086e-01,5.046198368072509766e-01,1.102817773818969727e+00,-6.797160506248474121e-01,1.202930927276611328e+00,9.984317421913146973e-01,-3.732261061668395996e-01,8.722685575485229492e-01,1.402491331100463867e+00,-7.281464934349060059e-01,-9.199780225753784180e-02,1.543567895889282227e+00,2.697584331035614014e-01,2.495731413364410400e-01,5.254489779472351074e-01,7.932291030883789062e-01
1.287113308906555176e+00,1.022679686546325684e+00,1.734219431877136230e+00,8.114320635795593262e-01,1.007775187492370605e+00,3.163901865482330322e-01,7.573660612106323242e-01,-4.133366048336029053e-03,6.317108869552612305e-01,2.390504181385040283e-01,5.034447312355041504e-01,-4.935768544673919678e-01,-7.374373078346252441e-01,-1.078932404518127441e+00,6.983762979507446289e-01,6.367732882499694824e-01,-8.485409021377563477e-01,-3.752389550209045410e-01,1.000250816345214844e+00,-6.101609468460083008e-01,6.538898944854736328e-01,1.145252346992492676e+00,4.871955513954162598e-01,4.839486181735992432e-01,1.128759026527404785e+00,-1.037180185317993164e+00,-2.502629160881042480e-01,4.141371846199035645e-01,-3.866814672946929932e-01,-1.639837920665740967e-01,1.588516950607299805e+00,8.398993015289306641e-01
5.036247968673706055e-01,5.526608824729919434e-01,7.284759879112243652e-01,6.413317322731018066e-01,5.614029765129089355e-01,-1.302450150251388550e-01,7.372133433818817139e-02,7.073625922203063965e-01,2.431818544864654541e-01,7.032564282417297363e-01,1.273118019104003906e+00,-7.642371058464050293e-01,5.462668538093566895e-01,-1.142461895942687988e+00,3.244089484214782715e-01,1.189282894134521484e+00,-1.172675490379333496e+00,5.445352196693420410e-01,5.609319210052490234e-01,-8.652971386909484863e-01,1.001008272171020508e+00,8.418401479721069336e-01,-8.311690688133239746e-01,9.529559016227722168e-01,7.702509164810180664e-01,-8.014330267906188965e-01,7.757964730262756348e-01,1.387992501258850098e+00,3.616940379142761230e-01,2.897071838378906250e-01,1.274612903594970703e+00,9.396486282348632812e-01
3.517559766769409180e-01,5.772302150726318359e-01,6.426395177841186523e-01,1.841520816087722778e-01,3.834274709224700928e-01,-8.976039290428161621e-01,3.940233588218688965e-02,-1.996034681797027588e-01,-5.326030850410461426e-01,-1.151521354913711548e-01,6.660943627357482910e-01,-1.002633571624755859e+00,-8.933398127555847168e-01,-1.439149975776672363e+00,9.370202422142028809e-01,4.065591096878051758e-01,-1.458931088447570801e+00,-3.434959053993225098e-01,8.353703618049621582e-01,-8.784244656562805176e-01,3.297190070152282715e-01,7.104580998420715332e-01,4.042715430259704590e-01,2.519969046115875244e-01,9.742087721824645996e-01,-1.161862850189208984e+00,1.204747855663299561e-01,8.316215872764587402e-01,-3.074097037315368652e-01,9.799680113792419434e-01,3.162608742713928223e-01,3.259245455265045166e-01
-4.378429055213928223e-01,1.543317139148712158e-01,-3.638144135475158691e-01,-3.618775680661201477e-02,4.383804202079772949e-01,-6.072583794593811035e-01,-1.991017907857894897e-01,-5.280448198318481445e-01,-2.192115932703018188e-01,2.792167067527770996e-01,1.151790499687194824e+00,-1.634800791740417480e+00,-2.088755518198013306e-01,-1.667501926422119141e+00,-1.600581407546997070e+00,1.180731654167175293e+00,-1.729698777198791504e+00,-4.550123810768127441e-01,1.613553166389465332e+00,-9.895879030227661133e-01,5.940490365028381348e-01,8.655365705490112305e-01,-4.953654110431671143e-01,1.202537298202514648e+00,1.167781114578247070e+00,-2.046377897262573242e+00,4.634582698345184326e-01,1.173840522766113281e+00,3.084303736686706543e-01,3.923469409346580505e-02,2.754431664943695068e-01,-3.414538800716400146e-01
8.317501544952392578e-01,9.407910108566284180e-01,1.524615526199340820e+00,1.191059231758117676e+00,1.127017498016357422e+00,-6.425144672393798828e-01,9.600803852081298828e-01,-6.131159663200378418e-01,-3.238729834556579590e-01,-4.147985279560089111e-01,5.065020322799682617e-01,-1.406125783920288086e+00,-7.235228419303894043e-01,-1.614122748374938965e+00,-1.096412301063537598e+00,1.093905925750732422e+00,-1.540097713470458984e+00,-4.833717942237854004e-01,1.395400643348693848e+00,-9.003329873085021973e-01,1.081626296043395996e+00,8.372752070426940918e-01,-4.195446372032165527e-01,8.463987708091735840e-01,1.313657641410827637e+00,-8.704489469528198242e-01,4.085693657398223877e-01,2.443242073059082031e-01,-6.276344060897827148e-01,-2.629511654376983643e-01,5.062286853790283203e-01,1.172397136688232422e+00
1.273134946823120117e+00,1.112291574478149414e+00,1.614496469497680664e+00,8.862302899360656738e-01,1.129681348800659180e+00,4.250547289848327637e-01,2.807448804378509521e-01,-1.036859303712844849e-01,6.617066264152526855e-02,2.412617206573486328e-01,-3.285657763481140137e-01,-1.019349694252014160e+00,-1.553323388099670410e+00,-1.909029841423034668e+00,3.340009152889251709e-01,1.338956058025360107e-01,-1.536105394363403320e+00,-7.547791600227355957e-01,4.682708382606506348e-01,-1.322864413261413574e+00,8.382622897624969482e-02,3.552162051200866699e-01,-1.475770473480224609e+00,9.236380457878112793e-01,2.199975103139877319e-01,-1.039927721023559570e+00,1.129043221473693848e+00,-8.792371302843093872e-02,-5.186499357223510742e-01,-3.274804353713989258e-01,1.714200496673583984e+00,1.330347299575805664e+00
7.334693670272827148e-01,8.611359517090022564e-04,4.510172903537750244e-01,-5.154778957366943359e-01,3.088122308254241943e-01,-8.736062645912170410e-01,-5.343441963195800781e-01,2.888959050178527832e-01,-4.179979562759399414e-01,4.970453381538391113e-01,1.158259153366088867e+00,-1.518735766410827637e+00,-3.931124806404113770e-01,-1.504139780998229980e+00,-1.060738563537597656e-01,1.585352778434753418e+00,-1.519535660743713379e+00,1.020250841975212097e-01,1.579043030738830566e+00,-1.023572802543640137e+00,3.384941518306732178e-01,8.952597379684448242e-01,-5.389606356620788574e-01,6.266222000122070312e-01,9.487452507019042969e-01,-1.154441595077514648e+00,1.612677097320556641e+00,1.925104975700378418e+00,6.505805253982543945e-01,1.238909482955932617e+00,1.496885418891906738e+00,1.158894538879394531e+00
3.248808383941650391e-01,2.259943634271621704e-01,8.348356485366821289e-01,-4.898991063237190247e-02,1.250496625900268555e+00,-9.078606367111206055e-01,-3.183409571647644043e-01,3.125235140323638916e-01,-4.449645280838012695e-01,5.861570686101913452e-02,8.012441396713256836e-01,-1.637984752655029297e+00,-4.476175606250762939e-01,-1.487987756729125977e+00,3.735232651233673096e-01,1.129610657691955566e+00,-1.512440204620361328e+00,-2.298575192689895630e-01,1.473190546035766602e+00,-1.211131095886230469e+00,3.438913524150848389e-01,9.557575583457946777e-01,-1.161548852920532227e+00,9.517286419868469238e-01,4.773632586002349854e-01,-2.483498603105545044e-01,1.206399917602539062e+00,1.747890353202819824e+00,6.440784931182861328e-01,2.730502367019653320e+00,2.011931896209716797e+00,2.097748994827270508e+00
6.654974222183227539e-01,5.520419478416442871e-01,5.111930370330810547e-01,-2.625206410884857178e-01,1.720641255378723145e-01,-1.064629435539245605e+00,-8.431377410888671875e-01,3.440074622631072998e-01,-1.863073557615280151e-01,5.474429726600646973e-01,1.055356025695800781e+00,-1.627704381942749023e+00,-4.866603016853332520e-01,-1.729228019714355469e+00,-4.293282330036163330e-01,1.405339956283569336e+00,-1.722236633300781250e+00,-8.511552810668945312e-01,7.598655223846435547e-01,-1.348513484001159668e+00,1.668221205472946167e-01,3.352383375167846680e-01,-7.359676063060760498e-02,-6.833682954311370850e-02,1.113738656044006348e+00,-9.764067530632019043e-01,8.979233503341674805e-01,1.335120439529418945e+00,-3.867948949337005615e-01,-6.827661395072937012e-02,5.805701017379760742e-01,1.100994944572448730e+00
9.948935508728027344e-01,5.929997563362121582e-01,7.822023630142211914e-01,6.431934237480163574e-01,8.535720109939575195e-01,3.013426661491394043e-01,2.554830014705657959e-01,5.389499068260192871e-01,3.099890947341918945e-01,4.551958441734313965e-01,1.105576634407043457e+00,-7.363429069519042969e-01,1.542425513267517090e+00,-1.950117826461791992e+00,8.536236286163330078e-01,1.502140283584594727e+00,-1.632828712463378906e+00,4.530624747276306152e-01,2.790405988693237305e+00,-6.515911817550659180e-01,1.660049915313720703e+00,2.146171808242797852e+00,-1.608099341392517090e-01,1.101707339286804199e+00,2.274634599685668945e+00,-7.998651266098022461e-01,1.456869363784790039e+00,1.918717026710510254e+00,-1.847784817218780518e-01,1.102056503295898438e+00,2.133308172225952148e+00,1.293701291084289551e+00
1.698838114738464355e+00,1.468801856040954590e+00,1.909445047378540039e+00,1.237141847610473633e+00,1.554082512855529785e+00,-2.380602657794952393e-01,3.393709957599639893e-01,7.124633193016052246e-01,1.239890530705451965e-01,7.139498591423034668e-01,5.831282138824462891e-01,-5.820863246917724609e-01,2.511718571186065674e-01,-2.416855812072753906e+00,5.698324441909790039e-01,1.957783818244934082e+00,-2.165765047073364258e+00,1.639082551002502441e+00,1.701001882553100586e+00,-1.896244049072265625e+00,2.269460201263427734e+00,1.451742053031921387e+00,-1.689298629760742188e+00,1.349165320396423340e+00,1.185224771499633789e+00,-8.012239336967468262e-01,2.081070899963378906e+00,2.564355134963989258e+00,1.424283742904663086e+00,1.648306846618652344e+00,2.591994047164916992e+00,1.613600373268127441e+00
-8.946660906076431274e-02,5.258311331272125244e-02,2.830882370471954346e-01,-7.581067681312561035e-01,7.755570411682128906e-01,-2.748407125473022461e-01,-6.172774434089660645e-01,1.577861189842224121e+00,9.534217119216918945e-01,9.436600208282470703e-01,1.401976108551025391e+00,-9.787871241569519043e-01,1.376762390136718750e-01,-2.025761365890502930e+00,-5.997924506664276123e-02,1.123260259628295898e+00,-1.742963671684265137e+00,6.712206602096557617e-01,1.628893733024597168e+00,-1.357009649276733398e+00,1.558730006217956543e+00,1.328412771224975586e+00,3.941726982593536377e-01,1.750420212745666504e+00,1.987401247024536133e+00,-4.407792091369628906e-01,9.056672453880310059e-01,1.996268987655639648e+00,-1.512098871171474457e-02,7.722152471542358398e-01,1.873936057090759277e+00,7.119944691658020020e-01
