-6.805997807532548904e-03,-1.583774209022521973e+00,3.210390806198120117e-01,4.003100693225860596e-01,7.141826152801513672e-01
8.120588660240173340e-01,2.614864706993103027e-01,-1.807676315307617188e+00,-1.693651914596557617e+00,-2.969838380813598633e-01
4.877696633338928223e-01,1.057152271270751953e+00,-2.027482509613037109e+00,-1.895740509033203125e+00,-1.391462922096252441e+00
-1.318101406097412109e+00,-7.484741210937500000e-01,-5.241005420684814453e-01,-1.514716446399688721e-01,-1.321823835372924805e+00
-2.261034250259399414e+00,-1.898949265480041504e+00,6.373878121376037598e-01,5.276731252670288086e-01,-1.070343852043151855e-01
-1.885417342185974121e+00,-1.231249213218688965e+00,-8.091443777084350586e-01,-8.400971442461013794e-02,-7.617057561874389648e-01
-2.587585687637329102e+00,-9.682274460792541504e-01,-1.652252078056335449e+00,-9.795053601264953613e-01,-1.522378087043762207e+00
-1.396575093269348145e+00,4.569282531738281250e-01,-2.057626247406005859e+00,-1.674544215202331543e+00,-2.020631790161132812e+00
-9.208768606185913086e-01,-2.081760615110397339e-01,4.899233877658843994e-01,1.099472165107727051e+00,-1.013440132141113281e+00
-1.977366566658020020e+00,-1.905639052391052246e+00,-5.142461657524108887e-01,-1.927222497761249542e-02,4.194405972957611084e-01
-1.151754260063171387e+00,-4.408935904502868652e-01,-1.387940645217895508e+00,-1.311174154281616211e+00,-1.766735076904296875e+00
-1.205734133720397949e+00,-1.659289836883544922e+00,3.722513318061828613e-01,1.386635661125183105e+00,4.559614062309265137e-01
-1.333195447921752930e+00,-6.277618408203125000e-01,-1.442727923393249512e+00,-7.752407789230346680e-01,-7.299706935882568359e-01
-3.579291701316833496e-01,-4.721470773220062256e-01,7.936676740646362305e-01,5.984629392623901367e-01,-1.814274191856384277e-01
-8.654537796974182129e-01,-4.683349430561065674e-01,-9.157398343086242676e-01,-6.748935580253601074e-01,1.708225607872009277e-01
-1.778783559799194336e+00,-3.090415894985198975e-01,-1.464560389518737793e+00,-6.573949456214904785e-01,-1.666314840316772461e+00
-1.661424040794372559e+00,-2.389793634414672852e+00,1.109038591384887695e+00,1.855948090553283691e+00,9.122089743614196777e-01
-1.349693655967712402e+00,-2.015604674816131592e-01,-1.674252510070800781e+00,-1.040343523025512695e+00,-5.750634074211120605e-01
-9.556089043617248535e-01,-1.881661266088485718e-01,-2.084699124097824097e-01,-6.666013598442077637e-01,-1.196489214897155762e+00
-8.619240522384643555e-01,-1.499284505844116211e+00,1.192487597465515137e+00,1.685135722160339355e+00,7.530565261840820312e-01
-1.841773152351379395e+00,-6.734776496887207031e-01,-1.589963078498840332e+00,-9.176888465881347656e-01,-9.510033726692199707e-01
-1.136601567268371582e+00,1.308211088180541992e-01,-1.125920891761779785e+00,-3.461503684520721436e-01,-2.098252296447753906e+00
-4.973253607749938965e-01,-4.100109636783599854e-01,8.761541843414306641e-01,8.490384221076965332e-01,-3.354920744895935059e-01
-1.449580073356628418e+00,-1.649173617362976074e+00,2.337399274110794067e-01,1.129102826118469238e+00,1.705840677022933960e-01
-1.767940759658813477e+00,-1.355031967163085938e+00,-9.620477557182312012e-01,-5.032308697700500488e-01,1.028210595250129700e-01
-6.238701343536376953e-01,3.575460314750671387e-01,-6.139664053916931152e-01,-1.249558806419372559e+00,-1.625294566154479980e+00
5.999028682708740234e-01,-1.178279876708984375e+00,1.583332419395446777e+00,1.503978610038757324e+00,9.750750064849853516e-01
5.544645786285400391e-01,-1.355120897293090820e+00,-3.327115774154663086e-01,-8.757525682449340820e-02,3.579896390438079834e-01
1.555238813161849976e-01,-2.630290985107421875e-01,-1.429649829864501953e+00,-1.024531722068786621e+00,-6.363394260406494141e-01
1.124686241149902344e+00,5.585799217224121094e-01,1.294896841049194336e+00,5.017635226249694824e-01,1.852432638406753540e-01
1.929081082344055176e-01,-1.560011506080627441e+00,1.052983164787292480e+00,1.524498820304870605e+00,1.193468332290649414e+00
-8.736639283597469330e-03,-1.544800102710723877e-01,-7.498194575309753418e-01,2.151394635438919067e-01,1.023981332778930664e+00
-7.642998695373535156e-01,-3.891481086611747742e-02,-1.687086105346679688e+00,-1.386237978935241699e+00,-1.157996892929077148e+00
-2.511783838272094727e-01,6.414528489112854004e-01,1.811984777450561523e-01,-2.012978345155715942e-01,-6.953577995300292969e-01
-1.385771393775939941e+00,-1.884383082389831543e+00,9.454252123832702637e-01,1.498506903648376465e+00,4.313651025295257568e-01
-5.351776480674743652e-01,7.583455741405487061e-02,-9.383361339569091797e-01,-3.646089136600494385e-01,1.250483393669128418e-01
-1.032659053802490234e+00,-1.771821640431880951e-02,-9.868288636207580566e-01,-9.514289498329162598e-01,-1.390429496765136719e+00
-2.435884237289428711e+00,-3.427388429641723633e+00,8.754055500030517578e-01,1.522176623344421387e+00,2.235606759786605835e-01
1.427114307880401611e-01,2.019535563886165619e-02,-9.748049974441528320e-01,-1.094174146652221680e+00,-2.363437563180923462e-01
4.454710781574249268e-01,6.180015802383422852e-01,3.099319040775299072e-01,-7.564439624547958374e-02,-6.121088266372680664e-01
-1.737382113933563232e-01,-1.706133008003234863e+00,8.546884655952453613e-01,1.114068031311035156e+00,7.819774746894836426e-01
-6.887513995170593262e-01,-6.401252746582031250e-02,-1.314208388328552246e+00,-2.525685429573059082e-01,-1.127104535698890686e-01
-1.850860834121704102e+00,4.928319156169891357e-02,-1.107953786849975586e+00,-1.163889646530151367e+00,-1.578375577926635742e+00
-8.990352749824523926e-01,-1.598592519760131836e+00,1.053823471069335938e+00,1.316769242286682129e+00,5.221662521362304688e-01
-8.609879761934280396e-02,-9.713498502969741821e-02,-7.877550125122070312e-01,-7.760133147239685059e-01,8.784388005733489990e-02
1.910944730043411255e-01,4.721174240112304688e-01,-7.043211907148361206e-02,7.734031230211257935e-02,-1.078627467155456543e+00
2.901227176189422607e-01,-3.306090235710144043e-01,1.187109760940074921e-02,4.086022377014160156e-01,4.788723587989807129e-01
-1.827147126197814941e+00,-5.698828101158142090e-01,-1.429313778877258301e+00,-7.667703032493591309e-01,-1.699146986007690430e+00
-6.454972084611654282e-03,1.659608781337738037e-01,1.233753800392150879e+00,1.128270864486694336e+00,-1.418221462517976761e-02
-5.516563653945922852e-01,-1.177286148071289062e+00,7.911467552185058594e-01,1.102566957473754883e+00,2.259773761034011841e-01
-1.425924777984619141e+00,-5.351731777191162109e-01,-7.887328267097473145e-01,2.160491347312927246e-01,-7.213850617408752441e-01
-1.282082319259643555e+00,-3.348587080836296082e-02,-1.404777050018310547e+00,-1.128225088119506836e+00,-1.042249679565429688e+00
-2.895961701869964600e-01,-1.313550919294357300e-01,7.091032862663269043e-01,3.885712027549743652e-01,-5.572243332862854004e-01
-7.385385036468505859e-01,-1.229350566864013672e+00,1.211554765701293945e+00,1.169996857643127441e+00,2.985260784626007080e-01
-8.625676035881042480e-01,-8.998762369155883789e-01,-7.979149818420410156e-01,4.355998039245605469e-01,2.676813602447509766e-01
-5.838922262191772461e-01,-4.723102450370788574e-01,-1.394662976264953613e+00,-1.171848177909851074e+00,-5.508645772933959961e-01
1.467852830886840820e+00,6.978188753128051758e-01,1.323222517967224121e+00,1.083980321884155273e+00,-3.003863096237182617e-01
6.725651621818542480e-01,-9.866651296615600586e-01,1.304033160209655762e+00,1.239831209182739258e+00,5.990077853202819824e-01
-5.001725554466247559e-01,-3.976104259490966797e-01,-1.762636452913284302e-01,1.412133812904357910e+00,8.606156110763549805e-01
-1.170183062553405762e+00,-4.588120579719543457e-01,-1.055274844169616699e+00,-9.689686894416809082e-01,1.987895071506500244e-01
-2.652193903923034668e-01,7.047904729843139648e-01,-1.710996329784393311e-01,-4.475169777870178223e-01,-9.559798836708068848e-01
5.814155340194702148e-01,-9.018490314483642578e-01,1.095884084701538086e+00,1.194960236549377441e+00,1.057163238525390625e+00
-4.605846703052520752e-01,4.972818866372108459e-02,-4.337304830551147461e-01,5.949339270591735840e-01,4.115386307239532471e-01
-1.344096779823303223e+00,-4.933585226535797119e-01,-9.509864449501037598e-01,-6.214652657508850098e-01,-2.108730077743530273e-01
3.526442945003509521e-01,9.301062226295471191e-01,6.861402839422225952e-02,4.907057583332061768e-01,-1.083635687828063965e+00
5.567657202482223511e-02,-7.586941719055175781e-01,2.989163696765899658e-01,7.251677513122558594e-01,1.231388330459594727e+00
-6.975660324096679688e-01,1.738372892141342163e-01,-2.200369834899902344e+00,-1.569858908653259277e+00,-1.615389227867126465e+00
-5.386294052004814148e-02,2.681168913841247559e-01,6.809915304183959961e-01,1.070120453834533691e+00,-3.887230753898620605e-01
-1.200078725814819336e+00,-1.305503964424133301e+00,-8.308698534965515137e-01,3.248942494392395020e-01,8.323942422866821289e-01
-1.998701244592666626e-01,4.503868222236633301e-01,-6.226596832275390625e-01,-8.711401820182800293e-01,-1.796689510345458984e+00
6.350444555282592773e-01,-4.981718584895133972e-02,1.336606144905090332e+00,1.399174451828002930e+00,8.932728767395019531e-01
-1.263204932212829590e+00,-8.075101375579833984e-01,-3.678206801414489746e-01,-1.492043137550354004e-01,9.068508744239807129e-01
-7.774828672409057617e-01,1.940993964672088623e-01,-7.894661426544189453e-01,-6.573675274848937988e-01,-2.083990573883056641e+00
-6.480128765106201172e-01,-1.199936389923095703e+00,1.652649283409118652e+00,1.690694332122802734e+00,9.457088708877563477e-01
-3.057628571987152100e-01,4.742978811264038086e-01,-1.310938835144042969e+00,-1.087011098861694336e+00,-5.390036702156066895e-01
-6.213154271245002747e-02,-4.518404901027679443e-01,5.574221014976501465e-01,2.383520752191543579e-01,-1.166487216949462891e+00
-2.385999560356140137e-01,-2.026766777038574219e+00,9.997847080230712891e-01,1.312289476394653320e+00,7.490499019622802734e-01
5.079536437988281250e-01,4.198305010795593262e-01,-1.456294894218444824e+00,-1.400481820106506348e+00,-6.014881134033203125e-01
3.821304440498352051e-01,1.030571222305297852e+00,-1.414402246475219727e+00,-1.694689512252807617e+00,-1.138822317123413086e+00
1.029265761375427246e+00,9.375525116920471191e-01,2.742422223091125488e-01,3.253924846649169922e-01,9.339274466037750244e-02
-1.560484647750854492e+00,-1.594394683837890625e+00,9.864010810852050781e-01,1.732909440994262695e+00,4.161494374275207520e-01
-6.485589146614074707e-01,-3.320478200912475586e-01,-8.697984814643859863e-01,-1.316417306661605835e-01,3.798671364784240723e-01
-6.777720451354980469e-01,3.537635803222656250e-01,3.545592725276947021e-01,-8.674786984920501709e-02,-9.843283891677856445e-01
1.956188082695007324e-01,-6.999993324279785156e-01,1.031227111816406250e+00,1.247583985328674316e+00,5.102894306182861328e-01
-5.823906064033508301e-01,1.783020645380020142e-01,-1.186376333236694336e+00,-1.147300720214843750e+00,-5.674952864646911621e-01
4.748987257480621338e-01,1.180371403694152832e+00,-3.318254351615905762e-01,-7.974751591682434082e-01,-1.125212550163269043e+00
-5.494331717491149902e-01,-1.000267148017883301e+00,8.499980568885803223e-01,1.514551877975463867e+00,4.563588798046112061e-01
-1.126324415206909180e+00,-1.784058958292007446e-01,-7.198284864425659180e-01,-2.107419669628143311e-01,-2.051810324192047119e-01
-9.344498515129089355e-01,-9.523633867502212524e-02,-1.046734333038330078e+00,-1.002699613571166992e+00,-4.993030130863189697e-01
-9.521571397781372070e-01,-2.362975120544433594e+00,1.390354514122009277e+00,1.355190277099609375e+00,2.265815585851669312e-01
5.319598913192749023e-01,1.086344003677368164e+00,-1.041830062866210938e+00,-1.027032256126403809e+00,-3.954802751541137695e-01
1.364807367324829102e+00,1.199164986610412598e+00,6.695329546928405762e-01,5.861709117889404297e-01,-5.596569180488586426e-01
-4.981834292411804199e-01,-2.375160604715347290e-01,-4.797329008579254150e-01,-9.172591567039489746e-02,5.961617827415466309e-01
8.715187013149261475e-02,1.098299503326416016e+00,-7.909481227397918701e-02,-1.948341429233551025e-01,-1.045270562171936035e+00
4.601556658744812012e-01,-7.374308258295059204e-02,7.545862346887588501e-02,1.942810267210006714e-01,1.086115956306457520e+00
-4.522965848445892334e-01,6.576506495475769043e-01,-7.889161705970764160e-01,-6.229189038276672363e-01,-1.682643532752990723e+00
-1.267592668533325195e+00,-1.736733794212341309e+00,9.719480276107788086e-01,1.661694526672363281e+00,1.639206528663635254e+00
-1.499269604682922363e-01,7.808400988578796387e-01,-1.234273314476013184e+00,-1.449288606643676758e+00,-1.620143175125122070e+00
3.294960856437683105e-01,-3.324186503887176514e-01,1.209950566291809082e+00,1.106918692588806152e+00,8.971840739250183105e-01
-1.738162189722061157e-01,5.851683672517538071e-03,-2.365510910749435425e-01,-2.603441774845123291e-01,9.360579848289489746e-01
-4.644849598407745361e-01,6.475492715835571289e-01,-1.186819434165954590e+00,-1.480875730514526367e+00,-1.967003226280212402e+00
6.367800831794738770e-01,6.807607412338256836e-01,1.059002757072448730e+00,1.059963226318359375e+00,-2.431009709835052490e-01
-4.211333096027374268e-01,-1.488070607185363770e+00,4.137467145919799805e-01,6.615090370178222656e-01,2.962842881679534912e-01
-5.618361011147499084e-02,1.034094169735908508e-01,-1.629334807395935059e+00,-1.544090986251831055e+00,-8.370050787925720215e-01
1.313206553459167480e+00,8.585065603256225586e-01,5.331299304962158203e-01,-6.912721991539001465e-01,-3.287825286388397217e-01
9.840809702873229980e-01,-2.143911570310592651e-01,1.254883408546447754e+00,1.110785961151123047e+00,9.679839015007019043e-01
-1.875257194042205811e-01,-9.378491640090942383e-01,-4.268706217408180237e-02,8.434340953826904297e-01,6.504580974578857422e-01
-8.307607844471931458e-03,1.109513401985168457e+00,-1.554288744926452637e+00,-1.445471763610839844e+00,-1.051534891128540039e+00
6.454777121543884277e-01,9.118911027908325195e-01,2.652739584445953369e-01,-3.472977280616760254e-01,-2.086629867553710938e-01
-5.525923967361450195e-01,-1.458419084548950195e+00,1.615217804908752441e+00,1.469411134719848633e+00,4.534493014216423035e-02
5.313358306884765625e-01,-9.869024157524108887e-01,-2.369483262300491333e-01,2.807409167289733887e-01,1.296655178070068359e+00
1.920071482658386230e+00,9.990211129188537598e-01,-1.021647751331329346e-01,-8.063478469848632812e-01,-4.656282067298889160e-01
2.965094327926635742e+00,9.634066820144653320e-01,1.618059635162353516e+00,1.042098879814147949e+00,1.088532686233520508e+00
7.377389818429946899e-02,-3.975807428359985352e-01,-6.421545743942260742e-01,-6.617284566164016724e-02,7.614514231681823730e-01
5.872854590415954590e-01,1.250576734542846680e+00,2.942412793636322021e-01,-3.866878747940063477e-01,-1.491199493408203125e+00
2.513538837432861328e+00,2.097187191247940063e-01,1.330464363098144531e+00,1.170741915702819824e+00,1.813145279884338379e+00
5.098453164100646973e-01,7.472207397222518921e-02,-4.422709345817565918e-01,-5.701762437820434570e-01,1.239306211471557617e+00
3.422500193119049072e-02,1.081404566764831543e+00,-1.523319959640502930e+00,-1.859056591987609863e+00,-1.746956348419189453e+00
-2.417981773614883423e-01,4.976527299731969833e-03,5.061793327331542969e-01,1.119407296180725098e+00,1.214964270591735840e+00
-3.634870946407318115e-01,-1.626679152250289917e-01,-2.940426468849182129e-01,-5.693351626396179199e-01,3.704547183588147163e-03
1.067000985145568848e+00,1.217632293701171875e+00,4.293762147426605225e-01,4.508951008319854736e-01,-3.254436850547790527e-01
6.811262965202331543e-01,4.412866663187742233e-03,-5.347341299057006836e-02,-1.525230258703231812e-01,1.359044194221496582e+00
-1.099880412220954895e-01,7.948129177093505859e-01,-5.789795517921447754e-01,-7.693668007850646973e-01,-7.079182863235473633e-01
-1.505939126014709473e+00,-1.794078826904296875e+00,1.421827435493469238e+00,1.222433209419250488e+00,-3.677041232585906982e-01
2.797869741916656494e-01,-1.513205468654632568e-01,-3.744666576385498047e-01,-6.613764762878417969e-01,8.491521477699279785e-01
1.575130224227905273e+00,1.424317598342895508e+00,9.150064736604690552e-02,-6.384335756301879883e-01,1.017558039166033268e-03
1.293276071548461914e+00,-9.234387427568435669e-02,1.440802931785583496e+00,1.020467996597290039e+00,1.333032846450805664e+00
-2.919558584690093994e-01,5.662338733673095703e-01,-1.136126637458801270e+00,-7.171589732170104980e-01,2.666637897491455078e-01
-2.829656936228275299e-02,9.754512310028076172e-01,3.622899949550628662e-01,-7.104301452636718750e-01,-1.710928440093994141e+00
7.415222525596618652e-01,-2.187966108322143555e-01,1.063265323638916016e+00,1.100665330886840820e+00,8.491203784942626953e-01
-2.929894328117370605e-01,9.126327633857727051e-01,-1.661021709442138672e+00,-1.440287947654724121e+00,4.855659604072570801e-02
-6.473498344421386719e-01,9.410679340362548828e-01,-2.089588195085525513e-01,-1.504933983087539673e-01,-2.047644853591918945e+00
2.823416590690612793e-01,-1.247283816337585449e+00,5.613027811050415039e-01,1.080442190170288086e+00,1.620031833648681641e+00
3.940458297729492188e-01,3.380700945854187012e-01,-8.431228995323181152e-01,-9.753637909889221191e-01,5.946354866027832031e-01
2.049658298492431641e+00,1.563482403755187988e+00,1.259298801422119141e+00,1.185680627822875977e-01,3.169375360012054443e-01
1.216225981712341309e+00,5.925627350807189941e-01,8.605399727821350098e-01,1.944501698017120361e-01,9.496042132377624512e-01
-3.413529694080352783e-01,6.933837532997131348e-01,-1.367223501205444336e+00,-1.187696576118469238e+00,-1.805370599031448364e-01
1.050678372383117676e+00,1.690736174583435059e+00,3.679123520851135254e-01,7.350780963897705078e-01,-3.700890243053436279e-01
1.181123375892639160e+00,1.867273002862930298e-01,2.200048975646495819e-02,4.574227929115295410e-01,1.698892593383789062e+00
2.507883310317993164e-01,1.016005158424377441e+00,-3.283267468214035034e-02,-4.817050397396087646e-01,-9.682700783014297485e-02
-4.855854902416467667e-03,-8.246572613716125488e-01,1.199454426765441895e+00,1.141440510749816895e+00,5.973860621452331543e-01
8.302732110023498535e-01,9.207910299301147461e-01,-1.692968159914016724e-01,-2.573226094245910645e-01,1.221180915832519531e+00
-2.342511266469955444e-01,9.201976656913757324e-01,-4.952096343040466309e-01,-4.975077211856842041e-01,-1.136532783508300781e+00
9.419188648462295532e-02,-1.134032607078552246e+00,1.254409790039062500e+00,1.398644208908081055e+00,1.494665503501892090e+00
-2.156467735767364502e-01,3.866932094097137451e-01,-6.676689982414245605e-01,-8.704636693000793457e-01,5.992462635040283203e-01
9.778015315532684326e-02,1.283906936645507812e+00,-3.865516483783721924e-01,-7.109192609786987305e-01,-1.785305619239807129e+00
2.382684201002120972e-01,-1.364955306053161621e+00,1.711286664009094238e+00,1.805125474929809570e+00,2.157493352890014648e+00
2.373908609151840210e-01,4.174720346927642822e-01,-9.107285737991333008e-01,-1.041769742965698242e+00,6.265931576490402222e-02
1.810317397117614746e+00,1.864966511726379395e+00,7.997025251388549805e-01,8.553603887557983398e-01,-2.234175801277160645e-01
1.050970911979675293e+00,8.937501311302185059e-01,-1.404517292976379395e-01,-6.563892960548400879e-01,1.001404285430908203e+00
8.202494978904724121e-01,1.943789958953857422e+00,-2.974649518728256226e-02,-6.794282197952270508e-01,2.180913090705871582e-01
-6.677288562059402466e-02,-6.317964196205139160e-01,1.376909732818603516e+00,1.594712615013122559e+00,1.692405700683593750e+00
4.567233845591545105e-02,9.650532007217407227e-01,-5.936465263366699219e-01,-5.542684793472290039e-01,6.429058909416198730e-01
8.789682984352111816e-01,1.363471984863281250e+00,9.196815490722656250e-01,-4.174018204212188721e-01,-1.048895597457885742e+00
2.588229179382324219e-01,-6.880586147308349609e-01,1.042792677879333496e+00,1.413084626197814941e+00,1.159570932388305664e+00
6.524007320404052734e-01,1.399516582489013672e+00,-1.247992992401123047e+00,-1.469831705093383789e+00,-5.877987667918205261e-02
1.182937026023864746e+00,1.151150107383728027e+00,6.828249096870422363e-01,-3.561384677886962891e-01,-1.000227779150009155e-01
1.525011509656906128e-01,-3.326411545276641846e-01,1.062745809555053711e+00,6.908196806907653809e-01,8.019947409629821777e-01
2.777003049850463867e-01,2.155926525592803955e-01,-7.209896445274353027e-01,-1.097410559654235840e+00,5.206558108329772949e-01
1.057971835136413574e+00,1.537895202636718750e+00,9.126383662223815918e-01,-1.353078428655862808e-02,-1.433532595634460449e+00
9.318951368331909180e-01,-1.659608781337738037e-01,1.543899655342102051e+00,1.439474225044250488e+00,1.851224303245544434e+00
-1.719245761632919312e-01,9.120394587516784668e-01,-4.651422798633575439e-01,-8.075272440910339355e-01,-2.570923976600170135e-02
5.863493680953979492e-01,1.529633164405822754e+00,7.197062969207763672e-01,-4.728963375091552734e-01,-3.245851099491119385e-01
-2.915853261947631836e-01,-1.290329694747924805e+00,1.762941956520080566e+00,1.798876523971557617e+00,1.754731178283691406e+00
6.570810675621032715e-01,1.798988580703735352e+00,-1.177194237709045410e+00,-1.883745670318603516e+00,-5.574628114700317383e-01
3.899115025997161865e-01,5.736801028251647949e-01,9.751869440078735352e-01,6.154495477676391602e-01,2.480297815054655075e-03
1.880912631750106812e-01,-2.116025239229202271e-01,1.928862333297729492e-01,1.612723171710968018e-01,1.169158220291137695e+00
3.858942091464996338e-01,1.267412424087524414e+00,-8.146903514862060547e-01,-1.111553907394409180e+00,-1.540408015251159668e+00
8.951349854469299316e-01,-9.956985116004943848e-01,1.343939661979675293e+00,1.221025228500366211e+00,1.603623747825622559e+00
6.606693267822265625e-01,8.042913079261779785e-01,-9.675020575523376465e-01,-1.557795524597167969e+00,5.957961082458496094e-01
1.899204850196838379e+00,1.474735617637634277e+00,4.311637580394744873e-01,-5.379812121391296387e-01,-5.308790802955627441e-01
1.643092632293701172e+00,2.388658821582794189e-01,1.500036120414733887e+00,1.270092606544494629e+00,1.363988876342773438e+00
-3.949233889579772949e-01,8.752532005310058594e-01,-8.102443814277648926e-01,-7.613488435745239258e-01,2.270426414906978607e-02
9.469307661056518555e-01,6.063130497932434082e-01,9.278858900070190430e-01,1.038332223892211914e+00,6.374046951532363892e-02
9.821893572807312012e-01,4.317266941070556641e-01,-2.572682201862335205e-01,-6.141833066940307617e-01,1.229655265808105469e+00
1.347938537597656250e+00,9.273472428321838379e-01,7.232966423034667969e-01,-3.701035082340240479e-01,4.206489622592926025e-01
5.971141457557678223e-01,3.344804644584655762e-01,3.543148338794708252e-01,-1.389648113399744034e-02,6.662779450416564941e-01
2.147692143917083740e-01,1.210957407951354980e+00,-4.362055361270904541e-01,-1.157919645309448242e+00,-1.227922201156616211e+00
6.738132834434509277e-01,-3.909503221511840820e-01,2.116217851638793945e+00,1.880367517471313477e+00,2.173885583877563477e+00
-1.856535859405994415e-02,1.286176323890686035e+00,-6.088176965713500977e-01,-1.206817984580993652e+00,-3.980718851089477539e-01
1.573375016450881958e-01,2.729524970054626465e-01,9.675326347351074219e-01,8.693619966506958008e-01,-4.404118359088897705e-01
1.707720398902893066e+00,8.534187674522399902e-01,4.658298194408416748e-02,-7.050909996032714844e-01,1.071599960327148438e+00
2.135016173124313354e-01,7.750996351242065430e-01,-4.912984371185302734e-01,-1.326231718063354492e+00,-1.233359813690185547e+00
6.001368761062622070e-01,-3.906314074993133545e-02,1.759382128715515137e+00,1.200125694274902344e+00,1.282981634140014648e+00
1.060370564460754395e+00,1.418977737426757812e+00,-5.209379792213439941e-01,-1.112399578094482422e+00,2.507008612155914307e-01
3.306076824665069580e-01,6.305208206176757812e-01,5.877950191497802734e-01,-4.299452304840087891e-01,-1.705681681632995605e-01
7.517799735069274902e-02,-9.549221396446228027e-01,8.105193972587585449e-01,3.176442980766296387e-01,8.993464112281799316e-01
1.859519481658935547e+00,1.690758466720581055e-01,5.947007536888122559e-01,7.640779018402099609e-02,4.041136205196380615e-01
1.872195363044738770e+00,8.753570318222045898e-01,-2.526236772537231445e-01,-9.959662556648254395e-01,-5.615171194076538086e-01
3.193612098693847656e+00,2.698575496673583984e+00,8.433826565742492676e-01,8.548164367675781250e-02,1.528244972229003906e+00
1.011304974555969238e+00,1.908212602138519287e-01,7.957913279533386230e-01,2.564540803432464600e-01,1.157853841781616211e+00
8.636401891708374023e-01,-7.050722837448120117e-01,8.475535511970520020e-01,4.964974820613861084e-01,1.413165569305419922e+00
