-4.375592991709709167e-02,-1.380736351013183594e+00,-1.283559203147888184e-01,-2.039741873741149902e-01,3.082888841629028320e+00
-1.097218155860900879e+00,-2.061260700225830078e+00,-3.503053188323974609e-01,-6.144441962242126465e-01,2.075662136077880859e+00
-1.325011253356933594e+00,-2.319833517074584961e+00,-5.474761128425598145e-01,-6.168089509010314941e-01,2.383231639862060547e+00
-1.700654983520507812e+00,-2.018190622329711914e+00,-7.789457440376281738e-01,-4.833196401596069336e-01,1.457966446876525879e+00
-2.056727886199951172e+00,-2.515046119689941406e+00,-8.580343127250671387e-01,-6.743478775024414062e-01,2.180359125137329102e+00
-2.205823421478271484e+00,-2.495601654052734375e+00,-6.012789607048034668e-01,-3.513384759426116943e-01,9.650070667266845703e-01
-2.150032997131347656e+00,-2.390453815460205078e+00,-2.826351821422576904e-01,-3.851209953427314758e-02,8.650078773498535156e-01
-2.013221025466918945e+00,-2.265861749649047852e+00,-1.022007614374160767e-01,3.380667567253112793e-01,9.230252504348754883e-01
-1.238976716995239258e+00,-1.851016044616699219e+00,-7.482261061668395996e-01,-4.012280404567718506e-01,9.680397510528564453e-01
-1.855908751487731934e+00,-2.184570074081420898e+00,-1.616693496704101562e+00,-1.202127695083618164e+00,4.908781051635742188e-01
-1.763848662376403809e+00,-1.752717256546020508e+00,-1.318104386329650879e+00,-5.903258323669433594e-01,-7.413221150636672974e-02
-1.644499301910400391e+00,-2.008981704711914062e+00,-1.965201973915100098e+00,-1.303113460540771484e+00,3.834657073020935059e-01
-1.350491285324096680e+00,-1.473725199699401855e+00,-1.480425834655761719e+00,-1.242654681205749512e+00,4.621370136737823486e-01
-7.317166924476623535e-01,1.201928481459617615e-01,-1.244290351867675781e+00,-1.592388510704040527e+00,-1.222547173500061035e+00
1.990264095366001129e-02,-3.166108727455139160e-01,8.280971646308898926e-01,2.155507326126098633e+00,-1.295727938413619995e-01
6.182600259780883789e-01,1.033907383680343628e-01,1.302078008651733398e+00,1.048501610755920410e+00,7.142261862754821777e-01
5.710182245820760727e-03,7.617387175559997559e-02,7.729177176952362061e-02,-6.330245733261108398e-01,5.255854725837707520e-01
-8.449077606201171875e-01,3.176113069057464600e-01,-4.192506372928619385e-01,-7.070203870534896851e-02,-3.359536826610565186e-01
6.781837344169616699e-01,1.058007478713989258e+00,5.379994511604309082e-01,1.678377151489257812e+00,-7.285966873168945312e-01
9.933393001556396484e-01,3.046056926250457764e-01,1.656194329261779785e+00,2.282541751861572266e+00,1.052261114120483398e+00
1.065828800201416016e+00,-5.824306234717369080e-02,1.389310240745544434e+00,2.139955282211303711e+00,1.990311026573181152e+00
1.298734426498413086e+00,3.878467082977294922e-01,2.037798881530761719e+00,2.051891565322875977e+00,1.079456090927124023e+00
8.656901717185974121e-01,1.692909449338912964e-01,-3.038925826549530029e-01,-3.669025748968124390e-02,1.047384977340698242e+00
1.081581592559814453e+00,2.580215036869049072e-01,-4.034850895404815674e-01,-1.230879068374633789e+00,7.994187474250793457e-01
8.495556116104125977e-01,3.134556710720062256e-01,-3.137315511703491211e-01,-9.777995944023132324e-01,1.011389255523681641e+00
9.056282639503479004e-01,8.562538027763366699e-01,2.578710913658142090e-01,7.874952256679534912e-02,-4.492134153842926025e-01
-1.437173187732696533e-01,-7.137821316719055176e-01,3.473202884197235107e-01,4.755737781524658203e-01,2.602753937244415283e-01
-4.443152546882629395e-01,-1.260928362607955933e-01,-6.367659568786621094e-01,-1.019098758697509766e+00,8.461775630712509155e-02
-9.340463578701019287e-02,-5.924221277236938477e-01,-6.998571157455444336e-01,-7.405133843421936035e-01,1.109386563301086426e+00
-5.183816552162170410e-01,-5.134649872779846191e-01,-1.166447877883911133e+00,-1.540387511253356934e+00,3.837630152702331543e-01
-9.091473221778869629e-01,-6.548593044281005859e-01,-1.091329693794250488e+00,-1.097655177116394043e+00,2.893930971622467041e-01
-9.590948224067687988e-01,-2.259820550680160522e-01,1.277183443307876587e-01,1.880360543727874756e-01,-1.387679576873779297e+00
-1.261933684349060059e+00,-6.281554698944091797e-01,3.286276757717132568e-01,6.931213140487670898e-01,-8.713111281394958496e-01
-1.152311444282531738e+00,-7.604689598083496094e-01,-1.366299390792846680e-01,-6.689064502716064453e-01,-1.136700510978698730e+00
-1.011432647705078125e+00,-8.320639133453369141e-01,3.187886998057365417e-02,-8.564116358757019043e-01,3.919294476509094238e-01
-4.181048572063446045e-01,-5.782108306884765625e-01,3.566665947437286377e-01,4.450246989727020264e-01,5.673294067382812500e-01
3.355562090873718262e-01,-2.128225415945053101e-01,2.916336953639984131e-01,9.430035352706909180e-01,2.584320008754730225e-01
-6.433748602867126465e-01,-3.096848130226135254e-01,3.386695384979248047e-01,6.414701938629150391e-01,-2.938925921916961670e-01
-2.220663279294967651e-01,4.449226260185241699e-01,3.591589629650115967e-01,5.242930054664611816e-01,-1.002965196967124939e-01
-8.879001140594482422e-01,-8.284341543912887573e-02,-8.552521467208862305e-01,-1.019327998161315918e+00,-2.090171426534652710e-01
-5.666525959968566895e-01,-2.545841336250305176e-01,-7.787138819694519043e-01,-3.613163828849792480e-01,-1.542504876852035522e-01
-1.175600409507751465e+00,1.300432533025741577e-01,-1.284428715705871582e+00,-1.477395176887512207e+00,-1.743633151054382324e+00
-5.559459924697875977e-01,-4.969193935394287109e-01,-8.718581199645996094e-01,-6.159402728080749512e-01,-3.076882958412170410e-01
-1.071754693984985352e+00,-3.857432603836059570e-01,-1.362068295478820801e+00,-1.104315161705017090e+00,-6.226511001586914062e-01
-1.301622748374938965e+00,-3.843323886394500732e-01,-1.106675028800964355e+00,-6.605452895164489746e-01,-2.083788871765136719e+00
-8.153110742568969727e-01,-2.459137290716171265e-01,-9.561052918434143066e-01,-5.027325153350830078e-01,-6.758121848106384277e-01
-7.819463610649108887e-01,-3.464442491531372070e-01,-1.512014865875244141e+00,-1.104870200157165527e+00,-8.358901739120483398e-01
-1.293754696846008301e+00,-5.790317058563232422e-01,-1.560789585113525391e+00,-1.285015583038330078e+00,-4.240600168704986572e-01
-1.963456153869628906e+00,-6.664027571678161621e-01,-1.273097157478332520e+00,-1.058238267898559570e+00,-1.877963066101074219e+00
-5.808616280555725098e-01,-2.981157302856445312e-01,-1.123527288436889648e+00,-1.038535714149475098e+00,5.618587136268615723e-01
-3.674103915691375732e-01,3.233445435762405396e-02,-6.307089924812316895e-01,-5.637823939323425293e-01,-1.852115839719772339e-01
-4.705588519573211670e-01,-1.204493716359138489e-01,-3.363800644874572754e-01,1.200486868619918823e-01,-9.213206171989440918e-01
-1.104189902544021606e-01,1.857852339744567871e-01,-6.835119426250457764e-02,-9.205743670463562012e-03,-8.639177083969116211e-01
1.925526536069810390e-03,-4.210789874196052551e-02,4.735461249947547913e-02,9.664221107959747314e-02,-6.673880666494369507e-02
-7.141047716140747070e-02,2.788766622543334961e-01,3.188177049160003662e-01,6.029219031333923340e-01,-1.361019730567932129e+00
6.858858466148376465e-02,-8.838426321744918823e-02,8.686992526054382324e-01,9.234941005706787109e-01,-4.209282398223876953e-01
-1.614786386489868164e-01,-2.071405947208404541e-02,-3.698093891143798828e-01,-6.558157205581665039e-01,-3.521874547004699707e-01
3.503794372081756592e-01,-9.684945642948150635e-02,-1.074057102203369141e+00,-1.072221755981445312e+00,4.659229218959808350e-01
1.042075037956237793e+00,4.482573866844177246e-01,-5.194227099418640137e-01,-6.646956801414489746e-01,6.413426995277404785e-01
8.306655287742614746e-01,2.929596602916717529e-01,-8.632218837738037109e-01,-1.363041281700134277e+00,4.927413165569305420e-01
3.268249332904815674e-01,2.026386559009552002e-01,-8.928837180137634277e-01,-1.177020072937011719e+00,1.028733029961585999e-01
3.357388079166412354e-01,1.661100834608078003e-01,-7.367061972618103027e-01,-3.820202648639678955e-01,-2.861423790454864502e-01
2.159079611301422119e-01,4.727551341056823730e-01,-1.128149747848510742e+00,-7.970026135444641113e-01,-2.981145381927490234e-01
1.048880815505981445e+00,8.862411379814147949e-01,-7.290118336677551270e-01,-4.776007235050201416e-01,-1.044213652610778809e+00
-1.236984804272651672e-01,6.824352741241455078e-01,-1.838295102119445801e+00,-1.668966293334960938e+00,-2.717103958129882812e+00
4.591052830219268799e-01,7.935344576835632324e-01,-7.184193134307861328e-01,3.945680558681488037e-01,-2.449672937393188477e+00
2.524431645870208740e-01,7.798875570297241211e-01,-1.824340820312500000e-01,2.989152073860168457e-01,-1.401574492454528809e+00
4.317163228988647461e-01,3.606811761856079102e-01,8.358784914016723633e-01,9.734923243522644043e-01,-1.039892554283142090e+00
4.933331906795501709e-01,1.246729850769042969e+00,1.062537312507629395e+00,2.252089262008666992e+00,-7.173975706100463867e-01
4.933497905731201172e-01,1.203095674514770508e+00,4.180044531822204590e-01,-6.568291783332824707e-02,-8.493489772081375122e-02
1.062874078750610352e+00,1.340488314628601074e+00,-7.590069621801376343e-02,-3.790763616561889648e-01,-1.107027754187583923e-01
1.289289474487304688e+00,2.716696977615356445e+00,4.086871147155761719e-01,3.142862617969512939e-01,-9.058004617691040039e-01
7.343227863311767578e-01,2.056284189224243164e+00,1.515318632125854492e+00,1.046547055244445801e+00,-4.203534126281738281e-01
2.303162217140197754e-01,1.171030521392822266e+00,1.694985032081604004e+00,1.549508810043334961e+00,-3.128815293312072754e-01
6.392084360122680664e-01,1.123317718505859375e+00,2.868228852748870850e-01,5.508244037628173828e-01,-5.110761523246765137e-01
9.849732518196105957e-01,1.382095932960510254e+00,6.326507031917572021e-02,1.290758609771728516e+00,-1.557747602462768555e+00
1.225199252367019653e-01,1.406157612800598145e+00,-9.111560881137847900e-02,-5.869475603103637695e-01,-1.437609791755676270e+00
-3.795777261257171631e-01,7.116017341613769531e-01,-4.526075124740600586e-01,-3.945318516343832016e-03,-1.443893194198608398e+00
-1.266531646251678467e-01,9.302601218223571777e-01,-7.556741684675216675e-02,-6.738169789314270020e-01,-2.701663039624691010e-02
-4.547728598117828369e-01,5.478644371032714844e-01,-1.887953728437423706e-01,-4.834885597229003906e-01,-1.127523183822631836e+00
1.099874079227447510e-01,8.491994738578796387e-01,9.887666702270507812e-01,9.537536501884460449e-01,-2.661029100418090820e-01
3.119685053825378418e-01,5.569196343421936035e-01,1.281458139419555664e+00,1.021053314208984375e+00,-2.917518615722656250e-01
1.440609216690063477e+00,1.064548730850219727e+00,2.279672622680664062e+00,1.659434795379638672e+00,-5.222356319427490234e-01
1.297240495681762695e+00,1.259632825851440430e+00,2.028423547744750977e+00,1.236115336418151855e+00,-2.866181135177612305e-01
1.768861770629882812e+00,1.406208872795104980e+00,1.726921916007995605e+00,1.693880915641784668e+00,-4.724243283271789551e-01
1.312594890594482422e+00,1.169311881065368652e+00,2.484001636505126953e+00,1.895611047744750977e+00,1.716537214815616608e-02
1.954459190368652344e+00,9.767416715621948242e-01,9.736096858978271484e-01,3.480446636676788330e-01,1.640363454818725586e+00
1.905424714088439941e+00,6.511397361755371094e-01,1.204963326454162598e+00,1.251365780830383301e+00,8.683973550796508789e-01
1.095375657081604004e+00,4.607756137847900391e-01,1.488337516784667969e+00,1.693350076675415039e+00,3.138527870178222656e-01
7.240975499153137207e-01,4.949698448181152344e-01,7.514429688453674316e-01,6.861476302146911621e-01,-9.680794179439544678e-02
5.394960045814514160e-01,1.250539254397153854e-02,1.104573845863342285e+00,5.047473907470703125e-01,3.234265446662902832e-01
9.623482823371887207e-01,5.177873745560646057e-02,1.370849370956420898e+00,6.524736881256103516e-01,9.140659570693969727e-01
1.224352717399597168e+00,7.118069529533386230e-01,1.925193965435028076e-01,-7.679134607315063477e-01,6.027701497077941895e-01
7.586076855659484863e-01,3.666965663433074951e-02,-7.044940590858459473e-01,-1.247143030166625977e+00,6.021358966827392578e-01
6.748140454292297363e-01,6.047607660293579102e-01,-5.767177343368530273e-01,-9.122614264488220215e-01,-9.936490654945373535e-02
5.516467690467834473e-01,2.137460112571716309e-01,-6.143927946686744690e-02,-3.354968726634979248e-01,2.643982768058776855e-01
7.720863223075866699e-01,5.451068282127380371e-03,7.821916043758392334e-02,-2.020920068025588989e-02,5.672501325607299805e-01
8.633662462234497070e-01,9.143686294555664062e-02,2.402507662773132324e-01,-4.444576501846313477e-01,8.318664431571960449e-01
4.817468225955963135e-01,-3.735072016716003418e-01,4.846168160438537598e-01,3.704497516155242920e-01,6.776357889175415039e-01
6.618167757987976074e-01,2.450159043073654175e-01,5.468240976333618164e-01,5.394348502159118652e-02,2.235066294670104980e-01
3.559402227401733398e-01,2.371535450220108032e-02,1.199920654296875000e+00,7.186874747276306152e-01,4.190848171710968018e-01
5.424008965492248535e-01,2.910614013671875000e-01,1.119904756546020508e+00,5.921356081962585449e-01,1.237254664301872253e-01
1.520800828933715820e+00,9.351468086242675781e-02,1.975214838981628418e+00,1.455991506576538086e+00,1.129108905792236328e+00
1.097018957138061523e+00,4.948159158229827881e-01,8.817116022109985352e-01,2.787783741950988770e-01,1.790669411420822144e-01
