1.646571874618530273e+00,1.430202841758728027e+00,8.901542425155639648e-01,2.800907790660858154e-01,1.076147794723510742e+00,-9.593018889427185059e-01,1.715392947196960449e+00,-1.245414257049560547e+00,-4.673282802104949951e-01,2.534885168075561523e+00,-8.657489418983459473e-01,-8.090242743492126465e-01,-8.702684640884399414e-01,-1.467327952384948730e+00,-7.225111126899719238e-01,-1.156601071357727051e+00,-2.522336244583129883e-01,7.371431589126586914e-01,-5.589399114251136780e-02,2.708247184753417969e+00,1.801936268806457520e+00,2.418471336364746094e+00,6.017013788223266602e-01,-2.314197570085525513e-01,6.513608098030090332e-01,-1.843581497669219971e-01,2.870140552520751953e+00,1.940298318862915039e+00,2.152387380599975586e+00,8.729193210601806641e-01,-1.807342283427715302e-02,6.597506999969482422e-01
-1.075703799724578857e-01,1.055788844823837280e-01,-8.498264849185943604e-02,-6.130497455596923828e-01,1.086985111236572266e+00,-7.531877160072326660e-01,1.281261086463928223e+00,-1.548201084136962891e+00,8.402112722396850586e-01,2.257726430892944336e+00,-1.157646656036376953e+00,-7.213671803474426270e-01,-1.091525316238403320e+00,-1.497400403022766113e+00,-8.403360843658447266e-03,-1.488925814628601074e+00,-6.915538311004638672e-01,3.575450181961059570e-01,-5.927119255065917969e-01,2.112844228744506836e+00,6.332337260246276855e-01,1.903676271438598633e+00,7.022017985582351685e-02,-6.731022596359252930e-01,-1.541516184806823730e-01,-6.591669321060180664e-01,4.255790412425994873e-01,1.295604825019836426e+00,1.364133000373840332e+00,1.293062567710876465e+00,3.708380460739135742e-02,4.405899941921234131e-01
-8.424052000045776367e-01,-3.710128366947174072e-01,-5.738989114761352539e-01,-1.066005706787109375e+00,1.485791951417922974e-01,-1.626958847045898438e+00,1.068107604980468750e+00,-1.839756369590759277e+00,-4.700306355953216553e-01,1.758473873138427734e+00,-1.114890098571777344e+00,-1.016182422637939453e+00,-1.298465132713317871e+00,-1.573822498321533203e+00,-7.325888872146606445e-01,-1.355681419372558594e+00,-7.808722853660583496e-01,-1.037034466862678528e-01,-4.253869354724884033e-01,2.222099542617797852e+00,4.079003334045410156e-01,1.589089751243591309e+00,-1.567891091108322144e-01,-9.956425428390502930e-01,-4.877569377422332764e-01,-7.797890305519104004e-01,6.617194414138793945e-01,1.427430152893066406e+00,6.683432459831237793e-01,4.947934150695800781e-01,2.009527981281280518e-01,2.252857089042663574e-01
2.942616939544677734e-01,5.833111405372619629e-01,-2.822055220603942871e-01,-3.927995264530181885e-01,-3.350541926920413971e-03,-1.695383429527282715e+00,1.311301946640014648e+00,-1.940259099006652832e+00,-2.332999557256698608e-01,1.451100349426269531e+00,-1.314044117927551270e+00,-1.156661748886108398e+00,-1.411268115043640137e+00,-1.596250176429748535e+00,-9.901837706565856934e-01,-1.503871202468872070e+00,-1.099150061607360840e+00,-9.351976513862609863e-01,-7.950346171855926514e-02,1.975703954696655273e+00,-2.614232599735260010e-01,2.419204235076904297e+00,-4.066942334175109863e-01,-1.374843716621398926e+00,-4.648365974426269531e-01,-1.122290372848510742e+00,4.094952642917633057e-01,1.265112400054931641e+00,5.763459950685501099e-03,6.108515262603759766e-01,-4.383976161479949951e-01,7.880803197622299194e-02
-7.065820097923278809e-01,-5.109903961420059204e-02,-6.915126442909240723e-01,-7.540315389633178711e-01,4.328438043594360352e-01,-1.287517666816711426e+00,1.330725193023681641e+00,-1.838146686553955078e+00,6.801599860191345215e-01,2.228185176849365234e+00,-1.118306159973144531e+00,-3.357888460159301758e-01,-8.982429504394531250e-01,-1.575114011764526367e+00,-8.882027864456176758e-01,-1.269819259643554688e+00,-6.656534075736999512e-01,-2.764527201652526855e-01,-1.191302388906478882e-01,2.240481376647949219e+00,7.229269742965698242e-01,1.815517544746398926e+00,-3.065864741802215576e-01,-6.597451567649841309e-01,-5.046641826629638672e-01,-9.273134469985961914e-01,1.821047663688659668e-01,1.155459165573120117e+00,5.026983022689819336e-01,1.248150587081909180e+00,-1.172282099723815918e+00,3.586513996124267578e-01
-4.254525303840637207e-01,-1.666166782379150391e-01,-6.598569154739379883e-01,-8.670561909675598145e-01,-3.357011973857879639e-01,-2.311094284057617188e+00,1.146933078765869141e+00,-2.262701034545898438e+00,-1.276314616203308105e+00,8.817103505134582520e-01,-1.542076230049133301e+00,-1.716696739196777344e+00,-1.534586071968078613e+00,-1.761294245719909668e+00,-1.565997123718261719e+00,-1.309311985969543457e+00,-1.493500351905822754e+00,-1.287768244743347168e+00,-6.944563388824462891e-01,1.433567762374877930e+00,-6.500164270401000977e-01,1.576079279184341431e-01,-1.267799615859985352e+00,-1.822936892509460449e+00,-1.663369894027709961e+00,-2.190159797668457031e+00,1.844959557056427002e-01,4.827037751674652100e-01,-2.729699015617370605e-01,8.280987143516540527e-01,-9.035232067108154297e-01,9.506871104240417480e-01
1.351239532232284546e-01,6.126182153820991516e-02,-8.077430725097656250e-01,-1.136654615402221680e+00,-5.279991626739501953e-01,-2.147026777267456055e+00,9.105823040008544922e-01,-2.318626403808593750e+00,-9.672114849090576172e-01,8.471060991287231445e-01,-1.524846553802490234e+00,-1.170424222946166992e+00,-1.313988566398620605e+00,-1.742411494255065918e+00,-9.762653708457946777e-01,-1.047249197959899902e+00,-1.498877882957458496e+00,-8.824896216392517090e-01,-3.505244553089141846e-01,1.048283576965332031e+00,-2.514748871326446533e-01,4.803765714168548584e-01,-1.437460541725158691e+00,-1.611684322357177734e+00,-1.578700304031372070e+00,-2.228296995162963867e+00,-1.428972035646438599e-01,-6.289179921150207520e-01,5.078386664390563965e-01,1.711164414882659912e-01,-7.931348085403442383e-01,2.112209498882293701e-01
-1.638050198554992676e+00,-6.303776502609252930e-01,-1.047173500061035156e+00,-5.303966999053955078e-01,1.850885525345802307e-02,-1.714777231216430664e+00,1.797086715698242188e+00,-2.082754850387573242e+00,-7.309136390686035156e-01,9.202626347541809082e-01,-1.455035805702209473e+00,-8.510749936103820801e-01,-1.047746658325195312e+00,-1.743994832038879395e+00,-1.402576327323913574e+00,-1.320167183876037598e+00,-1.898961544036865234e+00,-1.366743683815002441e+00,-7.512785196304321289e-01,4.858663976192474365e-01,-5.388652682304382324e-01,1.783004403114318848e-01,-1.645963907241821289e+00,-1.732951402664184570e+00,-2.051162719726562500e+00,-1.695843815803527832e+00,-6.322904229164123535e-01,-6.937795281410217285e-01,5.620152130722999573e-02,5.686818361282348633e-01,-1.563166141510009766e+00,-1.016065597534179688e+00
-5.510933399200439453e-01,-3.925807476043701172e-01,-6.349580287933349609e-01,-1.058717489242553711e+00,-1.916278898715972900e-01,-2.259441852569580078e+00,7.429427504539489746e-01,-2.345015048980712891e+00,-1.551701664924621582e+00,2.663129866123199463e-01,-1.540618538856506348e+00,-1.621290445327758789e+00,-1.351383805274963379e+00,-1.806760668754577637e+00,-1.461096405982971191e+00,-1.515845417976379395e+00,-1.841231822967529297e+00,-1.826558589935302734e+00,-1.221825718879699707e+00,1.175022721290588379e+00,-1.259516835212707520e+00,-2.780469655990600586e-01,-1.394511938095092773e+00,-2.125491380691528320e+00,-1.866358160972595215e+00,-2.133735895156860352e+00,-5.742071270942687988e-01,-5.358305573463439941e-01,-9.404720067977905273e-01,-2.178870439529418945e-01,-1.435123443603515625e+00,-3.050918877124786377e-01
-3.782771527767181396e-01,2.435809187591075897e-02,-1.073313832283020020e+00,-1.116166234016418457e+00,-5.298477411270141602e-01,-2.267802476882934570e+00,-3.698485717177391052e-02,-2.288240432739257812e+00,-1.311635255813598633e+00,-2.171239256858825684e-01,-1.776693582534790039e+00,-1.615444540977478027e+00,-1.821696639060974121e+00,-1.857936501502990723e+00,-2.307690620422363281e+00,-1.982774257659912109e+00,-2.306507587432861328e+00,-2.412957429885864258e+00,-2.666168451309204102e+00,2.156998775899410248e-02,-1.098823070526123047e+00,-1.095013022422790527e+00,-2.139733314514160156e+00,-2.584980249404907227e+00,-2.722779035568237305e+00,-2.776441335678100586e+00,-2.268094062805175781e+00,-1.825918436050415039e+00,-4.875575378537178040e-02,-7.517727613449096680e-01,-5.890998840332031250e-01,-7.227018475532531738e-01
-8.434977531433105469e-01,-5.039640069007873535e-01,-5.636662244796752930e-01,-1.258592128753662109e+00,-3.386358022689819336e-01,-1.928756237030029297e+00,-9.414784610271453857e-02,-2.491239786148071289e+00,-1.145055055618286133e+00,-1.616178601980209351e-01,-1.676253318786621094e+00,-1.527024030685424805e+00,-1.688698410987854004e+00,-1.808762788772583008e+00,-1.603304743766784668e+00,-1.683568954467773438e+00,-2.134872198104858398e+00,-1.679181933403015137e+00,-2.297187089920043945e+00,3.501043617725372314e-01,-1.170471310615539551e+00,-1.167454004287719727e+00,-2.237584590911865234e+00,-2.333093643188476562e+00,-2.886559247970581055e+00,-2.545247077941894531e+00,-1.163749933242797852e+00,-1.583187222480773926e+00,-8.857035636901855469e-01,-5.233432650566101074e-01,-1.119122147560119629e+00,-5.264304280281066895e-01
-1.775293588638305664e+00,-1.398635149002075195e+00,-1.102859139442443848e+00,-1.481504917144775391e+00,-1.732784748077392578e+00,-3.026506662368774414e+00,-4.114628434181213379e-01,-2.815345048904418945e+00,-2.677417993545532227e+00,-1.375064015388488770e+00,-1.961348772048950195e+00,-3.003453254699707031e+00,-2.668662309646606445e+00,-1.929464459419250488e+00,-3.096350669860839844e+00,-2.241300582885742188e+00,-2.357366323471069336e+00,-3.423002719879150391e+00,-3.438152790069580078e+00,-2.401083894073963165e-02,-2.308855533599853516e+00,-1.369585394859313965e+00,-2.626681089401245117e+00,-3.191124677658081055e+00,-3.023808956146240234e+00,-2.150339603424072266e+00,-2.497808933258056641e+00,-8.489252328872680664e-01,-1.570122241973876953e+00,-1.638250946998596191e+00,-2.654080867767333984e+00,-1.275197505950927734e+00
2.832708358764648438e-01,8.724921941757202148e-01,-3.066256344318389893e-01,-2.586998343467712402e-01,1.290305256843566895e-01,-1.627788782119750977e+00,4.872691929340362549e-01,-1.012028694152832031e+00,-5.715590119361877441e-01,7.340270280838012695e-01,-1.067716002464294434e+00,-6.832695007324218750e-01,2.641936540603637695e-01,-1.370985388755798340e+00,-3.470807671546936035e-01,-3.474268317222595215e-01,-2.732877731323242188e-01,-1.757897585630416870e-01,-5.875949263572692871e-01,1.756047964096069336e+00,5.300545319914817810e-02,9.154106974601745605e-01,-1.893730908632278442e-01,-9.056752324104309082e-01,-1.141745150089263916e-01,-9.483257532119750977e-01,-1.728846430778503418e+00,9.199001193046569824e-01,7.607143521308898926e-01,3.074977099895477295e-01,-6.339012384414672852e-01,-1.661229729652404785e-01
5.731405615806579590e-01,1.184666752815246582e+00,7.649148106575012207e-01,1.135864853858947754e+00,1.055004715919494629e+00,-8.991063833236694336e-01,1.173174738883972168e+00,-1.257370114326477051e+00,-8.665962219238281250e-01,6.731329560279846191e-01,-1.256337881088256836e+00,-7.256966829299926758e-01,-8.268897235393524170e-02,-1.507908225059509277e+00,-1.128363132476806641e+00,-2.581850588321685791e-01,-1.197855353355407715e+00,-5.829446315765380859e-01,4.040027782320976257e-02,5.329350233078002930e-01,2.064912468194961548e-01,3.675506711006164551e-01,-7.558082938194274902e-01,-9.982848763465881348e-01,-7.150165438652038574e-01,4.457850456237792969e-01,-1.126132067292928696e-02,1.851236701011657715e+00,1.346157342195510864e-01,1.044492796063423157e-01,-4.752101898193359375e-01,-5.854116678237915039e-01
2.562853991985321045e-01,1.219065427780151367e+00,2.274243533611297607e-01,1.179098010063171387e+00,6.397917270660400391e-01,-6.914840340614318848e-01,9.488754272460937500e-01,-1.016267418861389160e+00,-8.492683768272399902e-01,7.725096940994262695e-01,-1.015678167343139648e+00,-6.183371543884277344e-01,5.188543200492858887e-01,-1.326763391494750977e+00,-6.098349094390869141e-01,1.470315307378768921e-01,-3.721635043621063232e-01,5.139565467834472656e-01,5.849412679672241211e-01,1.748464941978454590e+00,1.272637486457824707e+00,1.382207751274108887e+00,-8.750557899475097656e-02,-6.890109181404113770e-02,2.951181530952453613e-01,-1.400226056575775146e-01,6.187581419944763184e-01,1.790356397628784180e+00,1.720408320426940918e+00,7.328207492828369141e-01,-3.762625157833099365e-01,-7.313676178455352783e-02
1.321391701698303223e+00,2.241840600967407227e+00,5.142230391502380371e-01,1.842849850654602051e+00,6.648861765861511230e-01,-1.416441559791564941e+00,1.570497870445251465e+00,-1.472522258758544922e+00,-1.575590133666992188e+00,-1.737177222967147827e-01,-1.359795570373535156e+00,-7.115786671638488770e-01,-3.423651754856109619e-01,-1.478715181350708008e+00,-6.943289637565612793e-01,-3.816373944282531738e-01,-1.097716689109802246e+00,-1.972655504941940308e-01,5.665201544761657715e-01,5.469768047332763672e-01,2.318604588508605957e-01,7.301868796348571777e-01,-1.277194499969482422e+00,-8.536725044250488281e-01,-7.677408456802368164e-01,-1.762518882751464844e-01,8.072884082794189453e-01,1.771360158920288086e+00,1.225155830383300781e+00,2.194105148315429688e+00,1.109136104583740234e+00,1.254622101783752441e+00
4.510832726955413818e-01,1.470915079116821289e+00,4.195220172405242920e-01,1.646788477897644043e+00,8.804068565368652344e-01,-5.672972798347473145e-01,1.245232343673706055e+00,-8.608499169349670410e-01,-1.330066174268722534e-01,1.407438635826110840e+00,-1.007670044898986816e+00,-7.260836660861968994e-02,7.932823896408081055e-01,-1.312548398971557617e+00,-2.825538394972681999e-03,9.814971685409545898e-02,-4.241097271442413330e-01,9.888294339179992676e-01,1.041267991065979004e+00,1.465710163116455078e+00,1.636268258094787598e+00,1.763648271560668945e+00,8.272299915552139282e-02,3.106723725795745850e-01,6.275539398193359375e-01,-5.973033607006072998e-02,3.248817324638366699e-01,2.078222274780273438e+00,2.157185077667236328e+00,2.075822830200195312e+00,1.451347589492797852e+00,1.204238414764404297e+00
1.495649933815002441e+00,2.397479772567749023e+00,8.418105840682983398e-01,2.410071372985839844e+00,7.803989648818969727e-01,-1.146720767021179199e+00,1.393700122833251953e+00,-1.455227851867675781e+00,-1.916509270668029785e+00,-9.287395328283309937e-02,-1.350997567176818848e+00,-8.999755978584289551e-01,-3.060572147369384766e-01,-1.549591541290283203e+00,-1.256370425224304199e+00,-5.741375088691711426e-01,-1.364579439163208008e+00,-5.442458391189575195e-01,1.970153152942657471e-01,3.279721438884735107e-01,8.006871491670608521e-02,4.426386058330535889e-01,-1.339718103408813477e+00,-9.995107054710388184e-01,-9.408663511276245117e-01,-2.722470760345458984e-01,8.923160433769226074e-01,1.047893524169921875e+00,1.521304130554199219e+00,2.186701059341430664e+00,9.899945259094238281e-01,1.364758253097534180e+00
1.538389682769775391e+00,2.839937686920166016e+00,1.048698663711547852e+00,2.323875665664672852e+00,7.934776544570922852e-01,-7.001585960388183594e-01,1.370527982711791992e+00,-8.104242086410522461e-01,-5.025908350944519043e-01,1.582921385765075684e+00,-9.890101552009582520e-01,3.712511807680130005e-02,5.530789494514465332e-01,-1.416460990905761719e+00,-3.312368392944335938e-01,-2.345611006021499634e-01,-5.859975218772888184e-01,8.250668644905090332e-01,9.537916183471679688e-01,1.560971975326538086e+00,1.631427049636840820e+00,2.104195356369018555e+00,-1.401612460613250732e-01,-2.573348581790924072e-01,6.721877455711364746e-01,3.379504382610321045e-01,1.395976245403289795e-01,1.717726469039916992e+00,2.317627429962158203e+00,1.734961032867431641e+00,1.313960105180740356e-01,1.096484303474426270e+00
-5.807227492332458496e-01,7.598054409027099609e-01,-2.468788474798202515e-01,1.139294624328613281e+00,3.066554665565490723e-01,-1.138481497764587402e+00,2.960801422595977783e-01,-9.233209490776062012e-01,-7.742093801498413086e-01,3.911203444004058838e-01,-7.476279139518737793e-01,-4.884828925132751465e-01,2.316666096448898315e-01,-1.062771439552307129e+00,-8.090353608131408691e-01,1.254275143146514893e-01,-2.281975448131561279e-01,8.973263949155807495e-02,9.315268397331237793e-01,6.097395420074462891e-01,9.007605314254760742e-01,1.471840858459472656e+00,-1.135519504547119141e+00,-7.647131085395812988e-01,-2.069346308708190918e-01,-5.869334936141967773e-01,-1.995511353015899658e-01,8.758091926574707031e-01,-5.194902420043945312e-01,1.259911805391311646e-01,-7.611055970191955566e-01,-4.398867487907409668e-01
3.297033309936523438e-01,1.449652671813964844e+00,8.973543532192707062e-03,1.125801086425781250e+00,6.571683287620544434e-02,-4.765941202640533447e-01,4.692548215389251709e-01,-4.218001067638397217e-01,-7.096325755119323730e-01,5.492545664310455322e-02,-2.780865430831909180e-01,4.092128947377204895e-02,7.844228744506835938e-01,-5.621287226676940918e-01,1.153133660554885864e-01,9.514440298080444336e-01,3.427097797393798828e-01,8.567802309989929199e-01,8.718605637550354004e-01,1.229626417160034180e+00,1.172007679939270020e+00,1.279003858566284180e+00,-4.719331264495849609e-01,-9.601477533578872681e-02,5.310983657836914062e-01,-5.160393118858337402e-01,-3.505837321281433105e-01,1.219142794609069824e+00,5.995556116104125977e-01,2.779727876186370850e-01,-3.727612793445587158e-01,-5.541743040084838867e-01
-1.453718692064285278e-01,7.829211950302124023e-01,-5.285346508026123047e-01,1.163641512393951416e-01,-4.852509009651839733e-04,-4.083111286163330078e-01,3.119811043143272400e-02,-3.676901459693908691e-01,1.663744002580642700e-01,6.517665982246398926e-01,-1.170670390129089355e-01,7.014032453298568726e-02,5.642322897911071777e-01,-4.120887517929077148e-01,-6.724781543016433716e-02,7.546745538711547852e-01,2.452523410320281982e-01,6.316115260124206543e-01,3.029485344886779785e-01,8.558198213577270508e-01,1.094347119331359863e+00,7.266691327095031738e-01,-9.045365452766418457e-01,-2.769391536712646484e-01,7.849097251892089844e-02,-1.963990330696105957e-01,-5.896763801574707031e-01,6.638090014457702637e-01,4.311690926551818848e-01,4.219104945659637451e-01,-9.325195848941802979e-02,-7.546198368072509766e-01
-8.057618141174316406e-01,-2.243144065141677856e-01,-3.704335391521453857e-01,-5.786391496658325195e-01,-9.835342168807983398e-01,-8.375545740127563477e-01,-7.774116396903991699e-01,-4.447729289531707764e-01,-7.809969186782836914e-01,-8.934386074542999268e-02,-2.684264779090881348e-01,-1.530286818742752075e-01,6.237587928771972656e-01,-4.528600275516510010e-01,5.931223630905151367e-01,1.023809909820556641e+00,6.214001402258872986e-02,9.962189197540283203e-01,-4.811857342720031738e-01,5.161027908325195312e-01,1.189438104629516602e+00,2.599496245384216309e-01,-5.796806812286376953e-01,2.971790730953216553e-01,1.183986514806747437e-01,-2.799148559570312500e-01,2.929679751396179199e-01,3.044762909412384033e-01,3.738460363820195198e-04,-1.655100584030151367e-01,-1.203547000885009766e+00,-1.006152153015136719e+00
1.082193374633789062e+00,7.568320035934448242e-01,-3.312585353851318359e-01,-4.549641907215118408e-01,-7.649633884429931641e-01,-8.041924834251403809e-01,-3.578725159168243408e-01,-4.420723319053649902e-01,-5.272709727287292480e-01,2.638976573944091797e-01,-2.488870620727539062e-01,-5.997641086578369141e-01,6.296721696853637695e-01,-4.891704022884368896e-01,-3.182916641235351562e-01,8.553310632705688477e-01,4.524057731032371521e-02,1.415170133113861084e-01,7.442218810319900513e-02,8.316032886505126953e-01,4.717178046703338623e-01,2.432231903076171875e-01,-7.297240495681762695e-01,-1.874349415302276611e-01,2.692660093307495117e-01,2.287292666733264923e-02,3.869859874248504639e-01,2.478156685829162598e-01,-1.000661253929138184e-01,2.216043174266815186e-01,1.060241716913878918e-03,-1.293935298919677734e+00
-3.431851267814636230e-01,-2.455157190561294556e-01,-4.751899242401123047e-01,-5.819110274314880371e-01,5.437120795249938965e-02,-1.763049066066741943e-01,-1.051678229123353958e-02,-1.026577875018119812e-01,5.427672863006591797e-01,5.954244732856750488e-01,-1.742002516984939575e-01,5.194797515869140625e-01,9.468265771865844727e-01,-4.338110983371734619e-01,6.649014949798583984e-01,1.143647551536560059e+00,1.213682368397712708e-01,1.050274014472961426e+00,-1.793082058429718018e-01,6.221700906753540039e-01,1.013547658920288086e+00,3.750344514846801758e-01,-6.035415530204772949e-01,7.058093696832656860e-02,2.966828346252441406e-01,-7.070934176445007324e-01,-4.657083451747894287e-01,-4.538963139057159424e-01,8.072270750999450684e-01,8.332785367965698242e-01,4.790813103318214417e-02,-6.368841528892517090e-01
-2.159929275512695312e-01,1.665963083505630493e-01,-2.669185996055603027e-01,-2.145414650440216064e-01,3.460763096809387207e-01,-3.093180358409881592e-01,6.171942353248596191e-01,-1.036056727170944214e-01,-1.463653445243835449e-01,9.340810775756835938e-01,-2.136029899120330811e-01,2.331875711679458618e-01,1.186714410781860352e+00,-4.706056416034698486e-01,2.237093895673751831e-01,9.403258562088012695e-01,2.874508202075958252e-01,7.631796598434448242e-01,4.531970918178558350e-01,4.900555908679962158e-01,5.774131417274475098e-01,2.990067303180694580e-01,-6.649534702301025391e-01,-1.391823738813400269e-01,2.099198251962661743e-01,-3.907003998756408691e-01,-2.861417271196842194e-02,7.121495008468627930e-01,3.694845139980316162e-01,3.453407585620880127e-01,-1.312381982803344727e+00,-9.053849577903747559e-01
1.564457416534423828e+00,1.699791550636291504e+00,6.586509943008422852e-02,4.959635436534881592e-01,1.897331029176712036e-01,-2.499727755784988403e-01,6.354098916053771973e-01,8.937844634056091309e-02,-5.073727369308471680e-01,8.488014936447143555e-01,-5.449008941650390625e-01,-1.603073030710220337e-01,5.979939103126525879e-01,-6.272094249725341797e-01,1.644672751426696777e-01,2.437935769557952881e-01,7.378719747066497803e-02,6.062100529670715332e-01,6.444766521453857422e-01,5.888209342956542969e-01,1.072988867759704590e+00,1.565836548805236816e+00,2.764813005924224854e-01,2.959986329078674316e-01,7.284419536590576172e-01,1.509731709957122803e-01,6.615056991577148438e-01,1.663854122161865234e+00,1.581991761922836304e-01,-2.560043334960937500e-01,-1.107015609741210938e+00,-2.131718695163726807e-01
1.426318168640136719e+00,1.615312099456787109e+00,6.924880146980285645e-01,5.337136387825012207e-01,7.194421887397766113e-01,-4.387682080268859863e-01,1.148040175437927246e+00,9.816874563694000244e-02,-2.801056206226348877e-01,8.209555745124816895e-01,-9.835410118103027344e-01,-4.506152570247650146e-01,-4.066686630249023438e-01,-8.022143840789794922e-01,-5.125526785850524902e-01,-4.717184603214263916e-01,-5.780690312385559082e-01,6.544728577136993408e-02,1.441082060337066650e-01,4.018558859825134277e-01,8.586501330137252808e-02,9.667539596557617188e-01,-2.329130023717880249e-01,-2.601497471332550049e-01,1.904332637786865234e-02,-6.309609115123748779e-02,6.590610742568969727e-01,4.836729764938354492e-01,6.215190291404724121e-01,6.652090549468994141e-01,1.346112489700317383e+00,3.935410976409912109e-01
-3.109773695468902588e-01,1.730320602655410767e-01,-4.713061153888702393e-01,-5.268992185592651367e-01,2.574602663516998291e-01,-1.278205513954162598e-01,2.267901450395584106e-01,9.596893936395645142e-02,7.396223545074462891e-01,1.484311103820800781e+00,-8.279483318328857422e-01,1.724906116724014282e-01,1.812521517276763916e-01,-7.595718502998352051e-01,-2.810050249099731445e-01,-2.277961969375610352e-01,-5.739343762397766113e-01,2.867480218410491943e-01,4.725939929485321045e-01,3.200736641883850098e-01,5.437729954719543457e-01,1.045032024383544922e+00,8.916126936674118042e-02,3.143589571118354797e-02,3.063220083713531494e-01,2.050860077142715454e-01,-2.755616903305053711e-01,1.032565355300903320e+00,7.525832056999206543e-01,-5.440015792846679688e-01,-1.364999562501907349e-01,1.352712363004684448e-01
-7.079586386680603027e-01,-6.054493188858032227e-01,-2.442896515130996704e-01,-4.186807870864868164e-01,4.812302291393280029e-01,-4.344764947891235352e-01,5.360288619995117188e-01,7.181574404239654541e-02,-1.971559226512908936e-01,8.932992219924926758e-01,-9.449729919433593750e-01,-3.293886780738830566e-01,-4.647712111473083496e-01,-8.093696832656860352e-01,9.391252696514129639e-02,-2.643624246120452881e-01,-7.739060521125793457e-01,1.680153757333755493e-01,5.131727457046508789e-01,-1.945207118988037109e-01,-1.687322258949279785e-01,7.731410861015319824e-01,-1.686201989650726318e-01,-4.101558029651641846e-02,-1.661511510610580444e-01,4.110015928745269775e-02,8.931308984756469727e-01,1.458265483379364014e-01,1.392576545476913452e-01,4.925386607646942139e-01,2.558387815952301025e-01,6.321202516555786133e-01
1.520843744277954102e+00,6.888492703437805176e-01,7.850786447525024414e-01,4.065637588500976562e-01,4.012562632560729980e-01,-2.833146154880523682e-01,6.054446101188659668e-01,-9.781105071306228638e-02,-6.701000332832336426e-01,2.227674275636672974e-01,-9.564569592475891113e-01,-1.096916496753692627e-01,-1.080399975180625916e-01,-8.260749578475952148e-01,-4.269493222236633301e-01,-7.425716519355773926e-02,-6.093319654464721680e-01,2.111209034919738770e-01,7.644993662834167480e-01,-1.238251700997352600e-01,2.075873911380767822e-01,9.843081235885620117e-01,-3.163266479969024658e-01,-4.726099073886871338e-01,-1.420078873634338379e-01,4.904524087905883789e-01,9.578934907913208008e-01,1.367519021034240723e+00,3.685498833656311035e-01,-2.808673977851867676e-01,1.535131335258483887e-01,3.405033349990844727e-01
4.610034227371215820e-01,1.212202012538909912e-01,3.138257563114166260e-01,-3.339517861604690552e-03,8.976448178291320801e-01,1.565771400928497314e-01,7.455845475196838379e-01,-5.780313163995742798e-02,4.026828408241271973e-01,9.279266595840454102e-01,-9.992184042930603027e-01,1.226906701922416687e-01,-1.425101011991500854e-01,-8.250817060470581055e-01,-9.732410311698913574e-02,-8.854233473539352417e-02,-5.085668563842773438e-01,3.334521055221557617e-01,1.665657639503479004e+00,1.353574991226196289e-01,-2.541072899475693703e-03,1.525244712829589844e+00,-2.041891515254974365e-01,-4.459865391254425049e-01,3.995040059089660645e-02,4.361618161201477051e-01,-4.067033231258392334e-01,9.636778831481933594e-01,-8.916228264570236206e-02,5.087788701057434082e-01,6.019214391708374023e-01,2.921613752841949463e-01
-5.783628821372985840e-01,-5.891358852386474609e-01,-2.892460301518440247e-02,-7.009151577949523926e-01,-5.403383970260620117e-01,-6.304990649223327637e-01,-7.371560335159301758e-01,-4.366711676120758057e-01,-8.476110696792602539e-01,-1.848421543836593628e-01,-1.137708544731140137e+00,-3.718158900737762451e-01,-1.327597051858901978e-01,-9.425591230392456055e-01,-2.763271927833557129e-01,5.643566697835922241e-02,-1.216413736343383789e+00,4.691383242607116699e-01,7.210646271705627441e-01,-7.778085470199584961e-01,2.462598681449890137e-01,6.730065941810607910e-01,-5.582844614982604980e-01,-1.264699995517730713e-01,-7.541285157203674316e-01,-1.994329541921615601e-01,-3.437441289424896240e-01,2.937406068667769432e-03,8.182866573333740234e-01,-4.512220919132232666e-01,-6.487693190574645996e-01,7.873317003250122070e-01
1.559693962335586548e-01,-4.754104912281036377e-01,-3.766050934791564941e-01,-1.420197725296020508e+00,-9.018272161483764648e-01,-7.469424605369567871e-01,-1.578649520874023438e+00,-4.208254069089889526e-02,-3.734530508518218994e-01,-5.299783870577812195e-02,-3.537625074386596680e-01,-6.871806830167770386e-02,-1.134974136948585510e-02,-3.206952214241027832e-01,3.971346616744995117e-01,3.344230055809020996e-01,-4.459907859563827515e-02,2.393126934766769409e-01,2.438177466392517090e-01,2.332177907228469849e-01,4.575592000037431717e-03,3.701372444629669189e-01,-6.226766109466552734e-01,-6.789953708648681641e-01,8.202621340751647949e-02,-5.052902102470397949e-01,-1.149122238159179688e+00,1.516417227685451508e-02,-7.693128585815429688e-01,-9.134132266044616699e-01,2.272615879774093628e-01,7.878534495830535889e-02
-9.703621864318847656e-01,-1.044770717620849609e+00,-4.420977532863616943e-01,-7.812666893005371094e-01,4.855281710624694824e-01,2.083106487989425659e-01,-4.312384128570556641e-02,3.736546933650970459e-01,3.889229893684387207e-01,8.351688385009765625e-01,1.402118504047393799e-01,-1.532064657658338547e-02,4.372386336326599121e-01,1.028946042060852051e-01,4.665487110614776611e-01,3.535146713256835938e-01,-1.192382648587226868e-01,6.476991772651672363e-01,3.552963435649871826e-01,-1.274316012859344482e-01,-1.803663522005081177e-01,-2.597599625587463379e-01,-9.215523004531860352e-01,-4.773770272731781006e-01,-3.093499243259429932e-01,-7.365793585777282715e-01,-7.494989633560180664e-01,-1.070736646652221680e-01,-6.530467271804809570e-01,2.261137962341308594e-01,7.761956006288528442e-02,-1.010303497314453125e+00
1.947541683912277222e-01,1.821969002485275269e-01,-4.398455023765563965e-01,-9.661586284637451172e-01,4.285689592361450195e-01,-1.170507445931434631e-01,-4.875962808728218079e-02,4.535542726516723633e-01,7.372367382049560547e-02,9.861963987350463867e-01,3.202549815177917480e-01,-2.418779879808425903e-01,6.035495400428771973e-01,2.276463359594345093e-01,2.789015769958496094e-01,8.687265515327453613e-01,5.712381005287170410e-01,4.394840300083160400e-01,5.033910274505615234e-01,1.022167921066284180e+00,2.904795296490192413e-02,4.324302971363067627e-01,-3.530593216419219971e-01,-2.211408913135528564e-01,3.335252106189727783e-01,-8.568103313446044922e-01,-4.305885434150695801e-01,-7.480991482734680176e-01,-6.627666950225830078e-01,7.047888636589050293e-01,-6.704179644584655762e-01,-8.052302598953247070e-01
-7.585864067077636719e-01,-7.127797007560729980e-01,-6.976487040519714355e-01,-1.084508419036865234e+00,2.509440183639526367e-01,3.043380081653594971e-01,5.906758308410644531e-01,5.930454730987548828e-01,1.123679041862487793e+00,1.369722366333007812e+00,4.371252059936523438e-01,-1.386283189058303833e-01,3.918116092681884766e-01,3.204936981201171875e-01,-8.041273057460784912e-02,4.409770965576171875e-01,3.890629410743713379e-01,5.231741666793823242e-01,-7.274667620658874512e-01,-6.215255707502365112e-02,2.550622820854187012e-01,-6.435714960098266602e-01,-7.323495149612426758e-01,-3.271348774433135986e-01,1.369827091693878174e-01,-2.842879593372344971e-01,-9.350235462188720703e-01,-6.006473302841186523e-01,-6.727982759475708008e-01,-1.310186367481946945e-02,-1.028755068778991699e+00,-1.434696435928344727e+00
-9.928901493549346924e-02,-3.724995851516723633e-01,-2.346599400043487549e-01,-4.606503844261169434e-01,4.710630774497985840e-01,4.257614612579345703e-01,1.209178417921066284e-01,5.865533351898193359e-01,1.015901446342468262e+00,7.788034677505493164e-01,4.574071168899536133e-01,3.525213003158569336e-01,8.846064209938049316e-01,3.657534122467041016e-01,5.976746082305908203e-01,6.149003505706787109e-01,5.894606113433837891e-01,2.443929947912693024e-02,-3.713969513773918152e-02,2.506397068500518799e-01,-3.255645930767059326e-01,-1.956907659769058228e-01,-3.850235939025878906e-01,-3.262087106704711914e-01,1.829409003257751465e-01,-3.877138793468475342e-01,-8.834726214408874512e-01,-4.105807542800903320e-01,-1.384788036346435547e+00,-3.962247371673583984e-01,-3.828458786010742188e-01,-9.503014683723449707e-01
-5.431615710258483887e-01,-7.039814591407775879e-01,-7.515431642532348633e-01,-1.447545647621154785e+00,-1.146763443946838379e+00,-5.839378833770751953e-01,-8.807427883148193359e-01,-1.151412650942802429e-01,-4.458994269371032715e-01,-4.648574590682983398e-01,2.088041007518768311e-01,-8.784639239311218262e-01,-8.904426544904708862e-02,1.766092777252197266e-01,-9.083268642425537109e-01,1.057035699486732483e-01,8.634650707244873047e-02,-8.465907573699951172e-01,-9.856834411621093750e-01,-3.612938821315765381e-01,-8.304990530014038086e-01,-1.113869071006774902e+00,-9.749837517738342285e-01,-9.977128505706787109e-01,-4.129987955093383789e-01,-9.672877788543701172e-01,-1.481618404388427734e+00,-5.833956599235534668e-01,-1.337745785713195801e+00,-1.437457323074340820e+00,-1.453665375709533691e+00,-1.423739433288574219e+00
1.222714424133300781e+00,3.125411868095397949e-01,-5.862419605255126953e-01,-1.072143197059631348e+00,-9.034216403961181641e-01,6.376856472343206406e-03,-1.269134163856506348e+00,-5.865265056490898132e-02,4.734349548816680908e-01,-4.317396283149719238e-01,1.319421082735061646e-01,-8.143263459205627441e-01,1.989782303571701050e-01,2.465055286884307861e-01,-8.884748816490173340e-02,-2.757995389401912689e-02,5.267392396926879883e-01,-5.839549303054809570e-01,-4.498175084590911865e-01,1.255872398614883423e-01,-7.517008781433105469e-01,2.286522090435028076e-01,-5.221052765846252441e-01,-5.636214613914489746e-01,1.984543204307556152e-01,6.010957434773445129e-02,-2.117355346679687500e+00,2.374527454376220703e-01,-1.951164722442626953e+00,-1.744071394205093384e-01,-1.868071913719177246e+00,-2.382343769073486328e+00
1.266524910926818848e+00,2.021355032920837402e-01,1.184472292661666870e-01,-6.348694562911987305e-01,-1.204600691795349121e+00,-6.922330856323242188e-01,-1.252453207969665527e+00,-5.735959410667419434e-01,-9.007926583290100098e-01,-1.192915916442871094e+00,-5.831052064895629883e-01,-1.023910760879516602e+00,-8.157223463058471680e-01,-2.314320504665374756e-01,-1.143118619918823242e+00,-1.045453071594238281e+00,-3.773405849933624268e-01,-1.392039418220520020e+00,-1.445116162300109863e+00,-8.425254225730895996e-01,-1.476338505744934082e+00,-2.140122652053833008e-01,-6.665996909141540527e-01,-9.954246282577514648e-01,-9.362096190452575684e-01,3.243570625782012939e-01,-1.466175794601440430e+00,3.382042646408081055e-01,-1.388869166374206543e+00,-2.247091531753540039e+00,-9.059642553329467773e-01,-1.221819400787353516e+00
2.046743333339691162e-01,-7.839598655700683594e-01,-2.275307662785053253e-02,-9.241213202476501465e-01,-6.118320226669311523e-01,-5.136001110076904297e-01,-1.100135922431945801e+00,-4.678977429866790771e-01,-6.209297776222229004e-01,-1.655241847038269043e+00,-5.705822110176086426e-01,-1.253343939781188965e+00,-1.354238867759704590e+00,-2.399914413690567017e-01,-8.189352154731750488e-01,-9.158122539520263672e-01,-1.036784529685974121e+00,-1.457159519195556641e+00,-1.538423538208007812e+00,-1.718619346618652344e+00,-1.188973069190979004e+00,-1.919497370719909668e+00,-1.691500186920166016e+00,-1.153094410896301270e+00,-1.957446694374084473e+00,-1.333764195442199707e+00,-1.437174201011657715e+00,-1.617809891700744629e+00,-1.577194094657897949e+00,-1.513966083526611328e+00,-8.282460570335388184e-01,-1.111411094665527344e+00
-1.323904514312744141e+00,-1.123608589172363281e+00,-3.582501113414764404e-01,-8.042597174644470215e-01,-6.436506509780883789e-01,-9.605469107627868652e-01,-1.121874004602432251e-01,-5.877784490585327148e-01,-1.589830279350280762e+00,-1.768994450569152832e+00,-6.944314837455749512e-01,-1.086280941963195801e+00,-1.544918656349182129e+00,-3.570998013019561768e-01,-6.750211119651794434e-01,-9.992794990539550781e-01,-1.598430156707763672e+00,-1.833236098289489746e+00,-1.809182643890380859e+00,-2.237005233764648438e+00,-2.458645820617675781e+00,-2.137984514236450195e+00,-1.930714249610900879e+00,-1.771406292915344238e+00,-2.414379835128784180e+00,-1.593283057212829590e+00,-1.802866578102111816e+00,-2.646200180053710938e+00,-7.559167146682739258e-01,-3.723062276840209961e-01,-1.597069263458251953e+00,-5.150197744369506836e-01
-4.923590123653411865e-01,-9.893947243690490723e-01,-4.071612358093261719e-01,-6.240385770797729492e-01,-3.791889250278472900e-01,-5.022027492523193359e-01,-7.693856954574584961e-02,-4.402838647365570068e-01,-9.804857373237609863e-01,-6.564811468124389648e-01,-5.764749646186828613e-01,-1.212349414825439453e+00,-1.301285028457641602e+00,-2.387234270572662354e-01,-6.836547255516052246e-01,-6.136022210121154785e-01,-1.127105236053466797e+00,-1.642859697341918945e+00,-1.130220055580139160e+00,-1.818413138389587402e+00,-2.254504680633544922e+00,-1.616110682487487793e+00,-1.594803094863891602e+00,-1.597836971282958984e+00,-1.591543555259704590e+00,-2.073057413101196289e+00,-1.046073794364929199e+00,-2.079981565475463867e+00,-7.892201542854309082e-01,-2.454618960618972778e-01,-1.443482160568237305e+00,-2.925924062728881836e-01
-1.468577086925506592e-01,-7.116595506668090820e-01,-3.295028507709503174e-01,-2.408288866281509399e-01,-8.928385376930236816e-01,-9.748998880386352539e-01,-1.739546358585357666e-01,-7.907690405845642090e-01,-1.777702093124389648e+00,-1.239736080169677734e+00,-8.777486681938171387e-01,-1.690709233283996582e+00,-1.922764062881469727e+00,-4.543819129467010498e-01,-2.078706741333007812e+00,-1.061495304107666016e+00,-1.795059084892272949e+00,-2.207802057266235352e+00,-2.095245122909545898e+00,-2.603434562683105469e+00,-2.274617433547973633e+00,-2.666290044784545898e+00,-2.367333889007568359e+00,-1.821039080619812012e+00,-2.241761445999145508e+00,-1.859888911247253418e+00,-1.182091355323791504e+00,-2.690887451171875000e+00,-1.039447784423828125e+00,-1.244463801383972168e+00,-8.001866340637207031e-01,-1.808002404868602753e-02
4.370770454406738281e-01,4.158797860145568848e-02,-2.376747578382492065e-01,-2.575038969516754150e-01,-2.978516221046447754e-01,-4.773229062557220459e-01,-3.416193127632141113e-01,-4.535900354385375977e-01,-9.907990694046020508e-01,-9.830611348152160645e-01,-6.455904245376586914e-01,-1.199570059776306152e+00,-1.237556695938110352e+00,-2.769560813903808594e-01,-3.610410392284393311e-01,-6.002234816551208496e-01,-1.090284347534179688e+00,-1.299102663993835449e+00,-1.759298205375671387e+00,-1.305409431457519531e+00,-1.865529537200927734e+00,-1.566284894943237305e+00,-1.205805897712707520e+00,-9.950886368751525879e-01,-1.190923452377319336e+00,-1.958147644996643066e+00,-7.405887842178344727e-01,-2.296350717544555664e+00,-1.237648487091064453e+00,-5.950988531112670898e-01,-9.386837482452392578e-02,1.884224265813827515e-01
5.058408156037330627e-02,2.010357230901718140e-01,-3.173548579216003418e-01,-2.008223682641983032e-01,-8.433660268783569336e-01,-6.336469650268554688e-01,-4.943894147872924805e-01,-8.471056222915649414e-01,-1.226774930953979492e+00,-1.182023644447326660e+00,-8.678119778633117676e-01,-1.505773782730102539e+00,-1.989171981811523438e+00,-4.245817363262176514e-01,-1.952593564987182617e+00,-1.082595705986022949e+00,-1.805919408798217773e+00,-1.978601813316345215e+00,-2.101873397827148438e+00,-2.462804555892944336e+00,-1.963942170143127441e+00,-1.939017295837402344e+00,-1.796016812324523926e+00,-1.529389858245849609e+00,-1.416981577873229980e+00,-8.096541762351989746e-01,-3.445589840412139893e-01,-1.181463479995727539e+00,-7.871328592300415039e-01,-7.752037644386291504e-01,-6.312137003988027573e-03,-7.206375002861022949e-01
1.019569635391235352e+00,6.861813068389892578e-01,6.373521685600280762e-01,6.433085203170776367e-01,5.395527482032775879e-01,5.945861935615539551e-01,2.917778193950653076e-01,3.355425298213958740e-01,9.942772984504699707e-02,1.340970695018768311e-01,-1.590062677860260010e-01,1.910636387765407562e-02,2.032361328601837158e-01,3.584188222885131836e-02,6.395553946495056152e-01,-7.449776679277420044e-02,-2.743652760982513428e-01,1.885867118835449219e-01,-8.398259282112121582e-01,-5.576863884925842285e-01,-3.755141049623489380e-02,-2.949630916118621826e-01,4.781017601490020752e-01,5.046632289886474609e-01,1.022977977991104126e-01,3.019226193428039551e-01,4.005984365940093994e-01,-5.144188180565834045e-03,3.725687265396118164e-01,3.262059390544891357e-01,7.811269164085388184e-01,-3.067479133605957031e-01
9.926716238260269165e-02,8.553844690322875977e-02,1.134621262550354004e+00,8.573309779167175293e-01,1.810216903686523438e-01,-4.775556921958923340e-02,2.312182635068893433e-01,-1.133438572287559509e-01,-1.372100591659545898e+00,-6.472146511077880859e-01,-4.613339304924011230e-01,-8.876354098320007324e-01,-5.677045583724975586e-01,-1.083134114742279053e-01,-7.423945069313049316e-01,-2.110993862152099609e-01,-7.951406240463256836e-01,-6.917380094528198242e-01,-9.206622242927551270e-01,-1.326122283935546875e+00,-4.462904632091522217e-01,-1.501060366630554199e+00,-4.732293188571929932e-01,3.670245036482810974e-02,-5.763890147209167480e-01,-1.251018643379211426e-01,7.529989480972290039e-01,-6.023769974708557129e-01,6.492459774017333984e-01,3.393078148365020752e-01,5.610404610633850098e-01,-1.034667342901229858e-01
1.872441291809082031e+00,1.356273174285888672e+00,2.146769523620605469e+00,1.051970720291137695e+00,1.112010240554809570e+00,7.801628708839416504e-01,4.813314974308013916e-01,6.439988017082214355e-01,1.164546906948089600e-01,1.249002516269683838e-01,3.921337053179740906e-02,-7.609080523252487183e-02,2.848939299583435059e-01,2.299167215824127197e-01,7.521792650222778320e-01,1.008858904242515564e-02,3.278701305389404297e-01,6.837038397789001465e-01,-3.987073004245758057e-01,6.486080586910247803e-02,6.352682411670684814e-02,-2.508880496025085449e-01,1.053671598434448242e+00,9.736682772636413574e-01,1.136538386344909668e+00,6.861522197723388672e-01,2.074247121810913086e+00,9.059138894081115723e-01,1.023403555154800415e-01,5.485110282897949219e-01,6.810203790664672852e-01,3.363519608974456787e-01
1.425291180610656738e+00,1.190919280052185059e+00,2.119068622589111328e+00,1.151614665985107422e+00,1.256175875663757324e+00,2.655910253524780273e-01,7.879787683486938477e-01,2.571631371974945068e-01,-1.301659822463989258e+00,-7.385557889938354492e-01,-3.229036033153533936e-01,-9.092725515365600586e-01,-5.644426941871643066e-01,3.192793577909469604e-02,-8.467825055122375488e-01,-4.755793213844299316e-01,-3.944855928421020508e-01,-3.359248936176300049e-01,-8.490127325057983398e-01,-1.057711005210876465e+00,-3.656986057758331299e-01,-1.644399166107177734e+00,-2.186220288276672363e-01,1.908400356769561768e-01,-1.732910573482513428e-01,6.890913248062133789e-01,1.385983943939208984e+00,3.446009755134582520e-01,4.711706340312957764e-01,1.072067618370056152e+00,2.084755659103393555e+00,3.394144475460052490e-01
2.853969097137451172e+00,2.110681533813476562e+00,3.083831071853637695e+00,1.667254328727722168e+00,2.417889595031738281e+00,1.362946867942810059e+00,1.595506668090820312e+00,1.176227569580078125e+00,3.711201548576354980e-01,1.158358097076416016e+00,1.413330882787704468e-01,3.827442824840545654e-01,4.023055434226989746e-01,2.534593045711517334e-01,7.404271364212036133e-01,2.155925333499908447e-02,3.124140799045562744e-01,7.724550366401672363e-01,3.066494166851043701e-01,-8.233071118593215942e-02,3.633235991001129150e-01,-1.767485029995441437e-02,1.119118690490722656e+00,1.044685125350952148e+00,1.031228661537170410e+00,6.749290823936462402e-01,1.688703775405883789e+00,5.978292226791381836e-01,1.297526121139526367e+00,1.567135214805603027e+00,1.760272502899169922e+00,7.607221007347106934e-01
1.725670933723449707e+00,8.894572854042053223e-01,2.295223236083984375e+00,1.339259505271911621e+00,1.460813164710998535e+00,4.505805969238281250e-01,1.107633590698242188e+00,7.965725660324096680e-01,-2.339438647031784058e-01,8.670557737350463867e-01,-1.328440755605697632e-01,-2.374543398618698120e-01,-1.835950464010238647e-01,1.157081723213195801e-01,-2.051340937614440918e-01,-4.750197827816009521e-01,-3.632476925849914551e-01,-5.915464833378791809e-02,4.850532114505767822e-01,-8.795152306556701660e-01,-3.447139859199523926e-01,-8.010241985321044922e-01,2.234377264976501465e-01,2.525041401386260986e-01,-1.695261895656585693e-01,7.843754291534423828e-01,1.581019878387451172e+00,5.875855684280395508e-01,8.678524494171142578e-01,1.597574234008789062e+00,2.326121091842651367e+00,2.821118831634521484e-01
1.281732916831970215e+00,8.658527731895446777e-01,2.120363235473632812e+00,6.207216382026672363e-01,1.012002229690551758e+00,9.285613894462585449e-01,2.479998171329498291e-01,1.075045228004455566e+00,8.870116472244262695e-01,1.786644935607910156e+00,8.999541401863098145e-02,7.099682092666625977e-01,4.958602488040924072e-01,2.856371700763702393e-01,-3.533388078212738037e-01,6.272494792938232422e-02,9.732212126255035400e-02,3.850825130939483643e-01,-4.059186577796936035e-01,-6.328590512275695801e-01,2.885695546865463257e-02,-3.978134691715240479e-02,8.077259659767150879e-01,2.944549918174743652e-01,7.358168363571166992e-01,1.053055286407470703e+00,6.488283872604370117e-01,7.759523391723632812e-02,1.002156615257263184e+00,4.138665497303009033e-01,1.022788047790527344e+00,2.811818122863769531e-01
4.718413054943084717e-01,-2.543750591576099396e-02,1.800809264183044434e+00,2.688763141632080078e-01,1.175393223762512207e+00,7.249675989151000977e-01,-4.070850312709808350e-01,6.013171076774597168e-01,2.985259890556335449e-01,7.016059011220932007e-02,-4.283023178577423096e-01,-6.374330520629882812e-01,-9.025850296020507812e-01,-2.057604119181632996e-02,-3.694548606872558594e-01,-1.026915431022644043e+00,-9.080641269683837891e-01,-6.442545652389526367e-01,-1.083108186721801758e+00,-1.982299804687500000e+00,-1.315960288047790527e+00,-1.523391008377075195e+00,-3.936000764369964600e-01,-2.464476078748703003e-01,-1.063644051551818848e+00,-3.754715323448181152e-01,3.052312135696411133e-01,-1.019384264945983887e+00,-1.106023550033569336e+00,-4.911980330944061279e-01,1.055162429809570312e+00,-1.205486133694648743e-01
3.537170886993408203e-01,1.155583709478378296e-01,9.509650468826293945e-01,-1.164544075727462769e-01,4.210591316223144531e-01,1.504938155412673950e-01,-7.553968429565429688e-01,7.370346188545227051e-01,-8.892020583152770996e-01,-5.143716931343078613e-01,-1.142514869570732117e-01,-6.429756283760070801e-01,-5.518373250961303711e-01,1.592130810022354126e-01,-5.312221646308898926e-01,-7.211634516716003418e-01,6.597395986318588257e-02,-4.300835430622100830e-01,-1.007198572158813477e+00,-1.336297094821929932e-01,4.872050881385803223e-02,-3.729134798049926758e-01,9.741606712341308594e-01,7.368729710578918457e-01,2.373687028884887695e-01,7.542614340782165527e-01,2.353522479534149170e-01,1.093699112534523010e-01,2.599787712097167969e-01,4.693818986415863037e-01,1.011026740074157715e+00,2.611735463142395020e-01
-1.540115952491760254e+00,-1.299166083335876465e+00,2.664220333099365234e-01,-4.796721041202545166e-01,9.464703202247619629e-01,-1.356347231194376945e-03,-1.042117550969123840e-01,1.159603834152221680e+00,-7.002956867218017578e-01,1.550453901290893555e-01,5.867803469300270081e-03,-8.141695261001586914e-01,-7.798703312873840332e-01,2.901504635810852051e-01,-6.669421792030334473e-01,-9.308360219001770020e-01,5.400102138519287109e-01,-1.577393114566802979e-01,-5.500149726867675781e-01,3.940602540969848633e-01,1.121476814150810242e-01,-3.776382654905319214e-02,8.749990463256835938e-01,1.002943038940429688e+00,5.527477860450744629e-01,1.052569389343261719e+00,6.968259215354919434e-01,3.552471995353698730e-01,9.023085832595825195e-01,1.518414616584777832e+00,1.120897382497787476e-01,3.767768144607543945e-01
8.135187625885009766e-01,9.963803887367248535e-01,1.528659105300903320e+00,1.447297453880310059e+00,2.415810108184814453e+00,1.390549540519714355e+00,1.472802400588989258e+00,1.270855188369750977e+00,4.324509799480438232e-01,7.417374849319458008e-01,2.566833794116973877e-01,5.479039549827575684e-01,1.652376502752304077e-01,4.120102226734161377e-01,1.287713050842285156e-01,-1.917615234851837158e-01,1.010703682899475098e+00,9.398546218872070312e-01,8.065656423568725586e-01,2.711812257766723633e-01,9.071547389030456543e-01,8.096029758453369141e-01,1.623238444328308105e+00,1.171863317489624023e+00,1.214132189750671387e+00,2.081104516983032227e+00,1.008108615875244141e+00,1.265872836112976074e+00,1.152473926544189453e+00,3.298927545547485352e-01,1.185966610908508301e+00,3.273232877254486084e-01
1.114182710647583008e+00,1.004526853561401367e+00,1.279528021812438965e+00,1.768094182014465332e+00,2.092910289764404297e+00,1.056543946266174316e+00,1.418859839439392090e+00,9.915329813957214355e-01,2.874315381050109863e-01,4.280934035778045654e-01,-8.251053839921951294e-02,8.937218040227890015e-02,-7.894804477691650391e-01,1.886638700962066650e-01,-1.801123768091201782e-01,-8.832411170005798340e-01,2.470766007900238037e-02,1.718448400497436523e-01,-6.343854963779449463e-02,-7.112748026847839355e-01,-4.313513040542602539e-01,-4.956803917884826660e-01,1.973014771938323975e-01,3.600236177444458008e-01,-6.478789448738098145e-02,8.021997213363647461e-01,8.390818834304809570e-01,-1.209107860922813416e-01,1.043092727661132812e+00,1.632857918739318848e+00,1.550517201423645020e+00,1.276399731636047363e+00
2.944146394729614258e-01,7.286857366561889648e-01,4.743209481239318848e-01,4.446297287940979004e-01,5.603492259979248047e-02,6.438195705413818359e-01,-5.787249803543090820e-01,6.843375563621520996e-01,-2.937915623188018799e-01,-3.819235265254974365e-01,-4.126399010419845581e-02,6.592584401369094849e-02,-5.173041224479675293e-01,2.087387293577194214e-01,6.454785913228988647e-02,-6.348313093185424805e-01,-2.316906861960887909e-02,-1.324533075094223022e-01,-9.867187142372131348e-01,-7.612916827201843262e-01,-1.824257820844650269e-01,-8.043091893196105957e-01,5.197116136550903320e-01,6.359094977378845215e-01,1.193331927061080933e-01,1.012109160423278809e+00,1.041625380516052246e+00,2.989444136619567871e-01,1.810660958290100098e-01,-1.854980140924453735e-01,4.099190533161163330e-01,6.622461080551147461e-01
-1.891167163848876953e-01,-2.211983501911163330e-01,-7.145317196846008301e-01,-8.084341287612915039e-01,-1.566898226737976074e+00,-1.457162350416183472e-01,-2.320535659790039062e+00,2.863329648971557617e-01,-6.535164117813110352e-01,-1.579298496246337891e+00,-2.838820815086364746e-01,-1.004637002944946289e+00,-1.320568323135375977e+00,6.392783671617507935e-02,-1.429858446121215820e+00,-1.291143536567687988e+00,-7.356718182563781738e-01,-1.596117138862609863e+00,-1.360864520072937012e+00,-1.317757606506347656e+00,-1.544490694999694824e+00,-1.151443243026733398e+00,-4.313639998435974121e-01,-3.694489598274230957e-01,-8.340240120887756348e-01,-2.514007091522216797e-01,-4.252050071954727173e-02,-1.422032475471496582e+00,-1.979390144348144531e+00,-1.002201199531555176e+00,-1.645100712776184082e-01,-1.378301262855529785e+00
-3.152600824832916260e-01,2.977552637457847595e-02,-3.535150587558746338e-01,3.247004374861717224e-02,-1.123656153678894043e+00,2.813104689121246338e-01,-1.779273509979248047e+00,3.314290642738342285e-01,-1.288475245237350464e-01,-9.514993429183959961e-01,-6.196948513388633728e-02,2.347248643636703491e-01,-6.937091350555419922e-01,1.976917386054992676e-01,2.612785995006561279e-01,-9.261078238487243652e-01,-3.941748738288879395e-01,-4.899021089076995850e-01,-9.506500363349914551e-01,-1.434657931327819824e+00,-1.247376203536987305e+00,-1.199553251266479492e+00,3.920248150825500488e-01,1.380745917558670044e-01,-3.828477561473846436e-01,2.844420075416564941e-01,9.775841236114501953e-02,-4.644381701946258545e-01,-1.486505270004272461e+00,-6.096327900886535645e-01,-4.530437588691711426e-01,-1.022417396306991577e-01
-9.354230761528015137e-02,-2.253123521804809570e-01,1.980031877756118774e-01,-1.560322046279907227e-01,-1.126013159751892090e+00,-1.900505721569061279e-01,-1.704045891761779785e+00,2.879962325096130371e-01,-1.052546858787536621e+00,-1.472745418548583984e+00,1.093828352168202400e-03,-5.113854408264160156e-01,-7.003028988838195801e-01,2.327720373868942261e-01,-4.314702004194259644e-02,-7.393486499786376953e-01,-2.594153881072998047e-01,-7.340160608291625977e-01,-4.134989082813262939e-01,-7.071473002433776855e-01,-5.603398084640502930e-01,-6.349840760231018066e-01,4.817064404487609863e-01,5.182473063468933105e-01,-3.008001744747161865e-01,2.058326303958892822e-01,5.907584428787231445e-01,-2.879403531551361084e-01,-3.569295108318328857e-01,5.921737551689147949e-01,3.143246769905090332e-01,-2.829512357711791992e-01
1.405734896659851074e+00,9.269720315933227539e-01,1.685305953025817871e+00,5.270120501518249512e-01,-8.776108920574188232e-02,1.875099539756774902e-01,-5.747748613357543945e-01,4.875797927379608154e-01,-7.454071044921875000e-01,-1.276476860046386719e+00,9.784904867410659790e-02,-1.423512995243072510e-01,-4.877161979675292969e-01,3.334040939807891846e-01,1.110541224479675293e-01,-5.840246677398681641e-01,1.278132796287536621e-01,-1.603371948003768921e-01,-2.131873220205307007e-01,-4.463876783847808838e-01,-4.592366516590118408e-01,-6.247326731681823730e-01,6.119950413703918457e-01,7.465071678161621094e-01,4.178744554519653320e-01,1.268167495727539062e+00,1.543936371803283691e+00,5.644590854644775391e-01,6.169705986976623535e-01,4.318435192108154297e-01,1.238806128501892090e+00,2.142607569694519043e-01
1.462393403053283691e+00,1.470976233482360840e+00,1.977620005607604980e+00,7.550469636917114258e-01,1.448936104774475098e+00,4.624536931514739990e-01,6.712625622749328613e-01,8.784663081169128418e-01,-3.213323950767517090e-01,-3.039595484733581543e-01,2.369147390127182007e-01,6.359480023384094238e-01,-4.989607334136962891e-01,3.973345756530761719e-01,4.681707918643951416e-01,-8.169518709182739258e-01,4.115604460239410400e-01,1.264300793409347534e-01,5.360563397407531738e-01,1.204450055956840515e-01,-4.170598387718200684e-01,-4.830838367342948914e-02,8.010559082031250000e-01,8.764548897743225098e-01,5.098816156387329102e-01,1.485661745071411133e+00,1.454994678497314453e+00,8.356099724769592285e-01,1.854743599891662598e+00,2.048125982284545898e+00,2.283514022827148438e+00,6.766738295555114746e-01
6.154432892799377441e-01,2.642730772495269775e-01,1.979216098785400391e+00,7.640501260757446289e-01,2.018019914627075195e+00,1.325626969337463379e+00,8.414935469627380371e-01,1.255018353462219238e+00,5.349293947219848633e-01,1.023076653480529785e+00,2.791355252265930176e-01,5.348631143569946289e-01,-2.423569746315479279e-02,4.543060064315795898e-01,3.518946468830108643e-01,-6.493514776229858398e-01,3.615186512470245361e-01,2.627513408660888672e-01,2.820284338667988777e-03,-7.995637059211730957e-01,-3.946551978588104248e-01,-3.972702920436859131e-01,9.676892757415771484e-01,8.259504437446594238e-01,4.392461180686950684e-01,1.393115282058715820e+00,1.719802618026733398e+00,9.457850456237792969e-02,1.397000312805175781e+00,6.161836981773376465e-01,1.836141467094421387e+00,3.000104427337646484e-01
3.054491877555847168e-01,-1.713620275259017944e-01,1.288696646690368652e+00,3.123577535152435303e-01,5.829711556434631348e-01,2.549730539321899414e-01,2.861923575401306152e-01,7.409513592720031738e-01,-7.814878225326538086e-01,-1.135203465819358826e-01,1.519100815057754517e-01,-2.200944274663925171e-01,-3.876869678497314453e-01,3.749094903469085693e-01,2.832759320735931396e-01,-4.991585314273834229e-01,1.005045473575592041e-01,-8.497948199510574341e-02,2.184232920408248901e-01,-2.284732162952423096e-01,-9.379549026489257812e-01,-6.389846205711364746e-01,4.046742916107177734e-01,3.112262487411499023e-01,-3.093072026968002319e-02,1.063448905944824219e+00,1.208367705345153809e+00,3.363553583621978760e-01,6.633898019790649414e-01,9.001590013504028320e-01,1.172553420066833496e+00,9.819471836090087891e-01
1.259707450866699219e+00,6.633914113044738770e-01,1.449847936630249023e+00,3.406759500503540039e-01,8.658493161201477051e-01,6.560064554214477539e-01,2.544910311698913574e-01,9.395065307617187500e-01,5.303902924060821533e-02,3.360787630081176758e-01,1.756678372621536255e-01,4.363194704055786133e-01,-2.666558027267456055e-01,3.367763161659240723e-01,3.267578184604644775e-01,-4.190429449081420898e-01,1.488974839448928833e-01,3.059530854225158691e-01,2.228857725858688354e-01,-1.456831246614456177e-01,-3.735460340976715088e-01,-4.699786007404327393e-01,6.349428892135620117e-01,4.001221060752868652e-01,2.858421504497528076e-01,7.257946729660034180e-01,1.056934371590614319e-01,3.748547658324241638e-02,8.867005109786987305e-01,6.623753905296325684e-01,9.430726766586303711e-01,4.822625219821929932e-01
-1.127992272377014160e+00,-8.806387186050415039e-01,5.495497584342956543e-01,-8.041017651557922363e-01,5.860213041305541992e-01,4.006892740726470947e-01,-6.728476285934448242e-01,4.179906845092773438e-01,-4.500057548284530640e-02,-3.594424128532409668e-01,-3.661608994007110596e-01,-8.959284424781799316e-01,-1.123904943466186523e+00,1.181499734520912170e-01,-3.520516157150268555e-01,-1.159723281860351562e+00,-4.812530875205993652e-01,-1.021447181701660156e+00,-5.564885139465332031e-01,-9.491549134254455566e-01,-1.798822283744812012e+00,-9.503637552261352539e-01,4.339800029993057251e-02,-4.045895934104919434e-01,-5.539333224296569824e-01,3.302352726459503174e-01,-1.902268081903457642e-01,-6.792415976524353027e-01,2.608199119567871094e-01,6.718513965606689453e-01,1.375971794128417969e+00,-8.823369145393371582e-01
9.729405641555786133e-01,1.023793458938598633e+00,1.619228005409240723e+00,5.338038802146911621e-01,7.719879746437072754e-01,3.697463274002075195e-01,-5.935189127922058105e-02,3.610370755195617676e-01,-1.330557107925415039e+00,-1.159774780273437500e+00,-2.908686399459838867e-01,-1.043895602226257324e+00,-1.135289788246154785e+00,1.718434393405914307e-01,-1.184947133064270020e+00,-9.695900678634643555e-01,7.237891107797622681e-02,-8.538744449615478516e-01,-6.216644644737243652e-01,-8.186790943145751953e-01,-8.325999975204467773e-01,-1.241214275360107422e+00,1.231833323836326599e-01,3.094919323921203613e-01,-1.743163913488388062e-01,1.488209724426269531e+00,1.153343558311462402e+00,3.897505402565002441e-01,-3.741575777530670166e-02,-2.795876860618591309e-01,4.488274455070495605e-01,-2.686823010444641113e-01
1.502489209175109863e+00,4.784450531005859375e-01,1.551305770874023438e+00,7.723988890647888184e-01,1.088902950286865234e+00,4.418149292469024658e-01,-2.644039988517761230e-01,4.323699176311492920e-01,-6.054440140724182129e-01,-8.797130584716796875e-01,-3.681317865848541260e-01,-4.895913898944854736e-01,-9.861719012260437012e-01,7.273847609758377075e-02,-5.013237595558166504e-01,-1.155151844024658203e+00,-2.862079143524169922e-01,-1.277703881263732910e+00,-6.102048158645629883e-01,-4.516396224498748779e-01,-1.390988349914550781e+00,-9.104530811309814453e-01,5.694627389311790466e-02,-1.110335439443588257e-01,-2.370376139879226685e-01,1.101989150047302246e+00,4.158539772033691406e-01,3.301226794719696045e-01,-8.037689924240112305e-01,5.670364946126937866e-02,8.042550086975097656e-01,-3.549990952014923096e-01
-7.830371856689453125e-01,-2.792626619338989258e-01,3.012876212596893311e-01,3.674823641777038574e-01,7.116088867187500000e-01,7.275588512420654297e-01,-2.222110629081726074e-01,5.602629184722900391e-01,1.316132247447967529e-01,-1.346776783466339111e-01,-1.232163980603218079e-01,-1.732540279626846313e-01,-5.049232244491577148e-01,1.882241964340209961e-01,-6.615003943443298340e-01,-5.724084973335266113e-01,6.202474609017372131e-02,-8.072954416275024414e-01,1.905298531055450439e-01,-7.028621435165405273e-01,-8.932286500930786133e-01,-1.148003116250038147e-01,5.044414401054382324e-01,4.612777382135391235e-02,4.258794784545898438e-01,1.422684192657470703e+00,9.471264481544494629e-02,3.130350410938262939e-01,5.632613897323608398e-01,-5.987247228622436523e-01,-3.639341294765472412e-01,-7.338175773620605469e-01
1.155676916241645813e-01,3.505854308605194092e-01,3.287757337093353271e-01,6.255955100059509277e-01,1.814607232809066772e-01,2.650241851806640625e-01,-4.974085837602615356e-02,3.538653254508972168e-01,-6.877920031547546387e-01,-5.508802533149719238e-01,-2.992056608200073242e-01,-3.306122422218322754e-01,-7.594225406646728516e-01,7.972104102373123169e-02,-9.953220933675765991e-02,-7.673930525779724121e-01,-4.353710114955902100e-01,-5.816649198532104492e-01,3.013063408434391022e-02,-1.157463669776916504e+00,-1.406733036041259766e+00,-4.761259853839874268e-01,8.005970716476440430e-02,1.834487020969390869e-01,6.914553791284561157e-02,1.270928859710693359e+00,7.984850406646728516e-01,3.316584825515747070e-01,-1.641807146370410919e-02,1.174962997436523438e+00,9.830413460731506348e-01,6.598868370056152344e-01
5.170064568519592285e-01,1.001288652420043945e+00,-1.323509067296981812e-01,5.543148517608642578e-01,-3.042291998863220215e-01,7.226395606994628906e-01,7.115182280540466309e-02,3.144386708736419678e-01,7.115010023117065430e-01,6.796125173568725586e-01,-1.791162639856338501e-01,2.624275088310241699e-01,-2.755784690380096436e-01,1.357398480176925659e-01,-3.993218243122100830e-01,-5.615645647048950195e-01,-8.379054069519042969e-02,-2.274394333362579346e-01,2.454599440097808838e-01,-6.512820124626159668e-01,-3.203495740890502930e-01,-1.066785007715225220e-01,5.710521936416625977e-01,3.837049603462219238e-01,3.848717212677001953e-01,1.261353015899658203e+00,4.355312287807464600e-01,-2.398831844329833984e-01,5.749440789222717285e-01,-5.883041620254516602e-01,9.085778594017028809e-01,5.106869339942932129e-01
-1.033270001411437988e+00,-4.645552337169647217e-01,-8.550581336021423340e-01,6.627137959003448486e-02,-9.886409044265747070e-01,3.832693099975585938e-01,-5.202033519744873047e-01,-1.930646039545536041e-02,-2.186797708272933960e-01,-5.309073626995086670e-02,-3.215830326080322266e-01,-3.666915893554687500e-01,-7.104601263999938965e-01,7.821486890316009521e-02,-5.978211760520935059e-01,-7.750307917594909668e-01,-6.057536005973815918e-01,-7.222101688385009766e-01,-2.064519524574279785e-01,-1.502802848815917969e+00,-9.810119271278381348e-01,-5.162866711616516113e-01,-4.097454249858856201e-01,4.765325784683227539e-02,-4.427653551101684570e-01,3.439353406429290771e-01,9.181115031242370605e-01,-3.688755631446838379e-01,-1.456130295991897583e-01,2.927504777908325195e-01,6.054719686508178711e-01,6.940732598304748535e-01
-1.815520524978637695e+00,-1.138700008392333984e+00,-1.336206793785095215e+00,-5.859726071357727051e-01,-1.766752243041992188e+00,5.119401216506958008e-01,-1.179942727088928223e+00,-2.486768662929534912e-01,1.001983210444450378e-01,-1.422023475170135498e-01,5.649585723876953125e-01,7.302981019020080566e-01,4.368738532066345215e-01,7.861528992652893066e-01,3.157382309436798096e-01,7.270442843437194824e-01,7.538793087005615234e-01,7.262513041496276855e-02,3.699570596218109131e-01,-3.709270060062408447e-01,6.651964187622070312e-01,-2.181852459907531738e-01,3.159056603908538818e-02,1.747225522994995117e-01,5.277447104454040527e-01,2.626238577067852020e-02,-4.788666069507598877e-01,-5.761341452598571777e-01,-1.845490932464599609e+00,-1.813450336456298828e+00,-8.793102502822875977e-01,-8.055478334426879883e-01
-6.769744753837585449e-01,-5.596454739570617676e-01,-1.148400783538818359e+00,-2.256656736135482788e-01,-1.027622699737548828e+00,1.148674249649047852e+00,-8.551805019378662109e-01,2.957492172718048096e-01,1.422991394996643066e+00,9.491769224405288696e-02,1.156228899955749512e+00,1.648930430412292480e+00,1.493760704994201660e+00,1.218006372451782227e+00,1.187803983688354492e+00,1.358786940574645996e+00,1.600369691848754883e+00,7.917370796203613281e-01,1.466678738594055176e+00,3.863605856895446777e-01,1.070032596588134766e+00,8.089649677276611328e-01,6.081916689872741699e-01,9.635891914367675781e-01,1.195366621017456055e+00,1.042732834815979004e+00,-4.710117280483245850e-01,4.256703853607177734e-01,-5.616413354873657227e-01,-2.443954706192016602e+00,9.912520647048950195e-01,-2.215154409408569336e+00
-3.384653925895690918e-01,-6.893177032470703125e-01,-1.321735620498657227e+00,-7.040967345237731934e-01,-1.317733407020568848e+00,4.157103300094604492e-01,-1.130428314208984375e+00,4.963343143463134766e-01,5.420231223106384277e-01,-1.399194002151489258e+00,1.127532720565795898e+00,1.593472719192504883e+00,1.223218798637390137e+00,1.117858529090881348e+00,1.198719024658203125e+00,1.132255315780639648e+00,8.842184543609619141e-01,8.504298925399780273e-01,8.114446401596069336e-01,-5.884232521057128906e-01,5.795639157295227051e-01,-2.290832996368408203e-02,3.567633330821990967e-01,7.352930307388305664e-01,3.784847855567932129e-01,5.789220333099365234e-01,-1.040650248527526855e+00,-5.637284517288208008e-01,-1.033248186111450195e+00,-1.036601185798645020e+00,-1.517871618270874023e-01,-8.082020282745361328e-01
-1.757878661155700684e-01,-6.097058653831481934e-01,-1.318188667297363281e+00,-9.681894183158874512e-01,-1.852918982505798340e+00,3.122837841510772705e-01,-2.150782585144042969e+00,2.571184039115905762e-01,5.731107592582702637e-01,-1.421094536781311035e+00,1.336242079734802246e+00,1.268560051918029785e+00,1.354182720184326172e+00,1.215339541435241699e+00,1.052638649940490723e+00,1.374896168708801270e+00,1.319338917732238770e+00,5.438225269317626953e-01,1.598030209541320801e+00,1.668143123388290405e-01,4.121769964694976807e-01,7.215735912322998047e-01,9.281419515609741211e-01,1.077019929885864258e+00,1.122402787208557129e+00,1.163272023200988770e+00,1.044644415378570557e-02,3.732593059539794922e-01,-3.854352533817291260e-01,-1.174475431442260742e+00,-7.634233832359313965e-01,-1.349627256393432617e+00
1.633549034595489502e-01,-1.754149198532104492e-01,-1.205150485038757324e+00,-1.355370402336120605e+00,-1.500696182250976562e+00,7.151998877525329590e-01,-1.904720187187194824e+00,3.946869969367980957e-01,1.008042454719543457e+00,-1.177402019500732422e+00,1.098320722579956055e+00,1.225337982177734375e+00,9.627569317817687988e-01,1.061916828155517578e+00,7.123496532440185547e-01,1.066715836524963379e+00,7.055866122245788574e-01,-3.144394978880882263e-02,1.605896055698394775e-01,-4.980980753898620605e-01,-5.686689019203186035e-01,-2.792885005474090576e-01,8.260000497102737427e-02,2.544110119342803955e-01,4.470589160919189453e-01,5.074708461761474609e-01,-1.122044324874877930e+00,-7.732833027839660645e-01,-1.129357695579528809e+00,-2.239504575729370117e+00,-1.409726977348327637e+00,-1.087750434875488281e+00
-1.862652182579040527e+00,-1.315744280815124512e+00,-1.814978957176208496e+00,-1.136451482772827148e+00,-1.394980788230895996e+00,6.780825257301330566e-01,-1.288481950759887695e+00,5.962289571762084961e-01,9.139560461044311523e-01,-1.637730717658996582e+00,1.318015813827514648e+00,1.307368874549865723e+00,1.106382369995117188e+00,1.199054241180419922e+00,1.192565560340881348e+00,1.028375864028930664e+00,1.172456145286560059e+00,3.174607157707214355e-01,1.386032938957214355e+00,-1.057519093155860901e-01,-1.220711544156074524e-01,2.705028057098388672e-01,2.105659246444702148e-01,4.128072261810302734e-01,3.292583525180816650e-01,-4.969232156872749329e-02,-1.730529665946960449e+00,-6.581727862358093262e-01,-1.208986878395080566e+00,-7.792866826057434082e-01,-1.024982571601867676e+00,-1.313716769218444824e+00
-7.268593907356262207e-01,-7.417201995849609375e-01,-1.276743769645690918e+00,-8.666500449180603027e-01,-1.370440959930419922e+00,5.639469027519226074e-01,-8.910331726074218750e-01,4.931240081787109375e-01,3.133203089237213135e-01,-1.468402385711669922e+00,1.257979869842529297e+00,8.115027546882629395e-01,9.691191911697387695e-01,1.171531081199645996e+00,6.703432798385620117e-01,1.031548380851745605e+00,1.040603399276733398e+00,2.434692978858947754e-01,8.371603488922119141e-01,-6.920017004013061523e-01,-3.490238636732101440e-02,-1.441491842269897461e-01,4.694921672344207764e-01,6.883389353752136230e-01,4.363143146038055420e-01,2.741788327693939209e-01,-6.261587738990783691e-01,-7.558526992797851562e-01,-5.188360214233398438e-01,-5.597238242626190186e-02,-1.190478801727294922e+00,-6.818006634712219238e-01
6.431716680526733398e-01,-1.365356594324111938e-01,-1.012378811836242676e+00,-7.411247491836547852e-01,-6.501206755638122559e-01,3.881582617759704590e-01,-4.940875172615051270e-01,5.596816539764404297e-01,2.062816619873046875e-01,-1.616317987442016602e+00,1.198586702346801758e+00,1.230702877044677734e+00,8.928767442703247070e-01,1.150045514106750488e+00,1.340864539146423340e+00,1.398122906684875488e+00,1.227394342422485352e+00,-3.648575767874717712e-02,1.238390445709228516e+00,-4.788317978382110596e-01,-3.144536316394805908e-01,4.893519580364227295e-01,5.330423116683959961e-01,3.732626736164093018e-01,4.373396635055541992e-01,-5.125905871391296387e-01,-1.075476169586181641e+00,-5.112875699996948242e-01,-7.990959286689758301e-01,-2.901301085948944092e-01,1.349219232797622681e-01,6.866098642349243164e-01
-1.350758790969848633e+00,-1.427595973014831543e+00,-1.663581490516662598e+00,-1.793050408363342285e+00,-1.858233571052551270e+00,3.153406083583831787e-01,-1.990288496017456055e+00,4.248583912849426270e-01,4.406741559505462646e-01,-2.028409957885742188e+00,1.432491540908813477e+00,7.103237509727478027e-01,7.543649673461914062e-01,1.245084762573242188e+00,3.290915191173553467e-01,1.333876013755798340e+00,7.693754434585571289e-01,2.001328393816947937e-03,2.946542799472808838e-01,-8.479007482528686523e-01,3.230816423892974854e-01,-1.059516787528991699e+00,1.205105781555175781e-01,1.930374652147293091e-01,1.000495553016662598e-01,-8.452316522598266602e-01,-1.313860774040222168e+00,-1.775967597961425781e+00,-1.229236960411071777e+00,-2.438378810882568359e+00,-1.545684456825256348e+00,-1.925828814506530762e+00
-1.335900425910949707e+00,-1.672195196151733398e+00,-1.596049308776855469e+00,-1.594236254692077637e+00,-1.418781161308288574e+00,7.083169221878051758e-01,-1.694057464599609375e+00,5.483964681625366211e-01,1.501201391220092773e+00,-1.247794866561889648e+00,1.510011315345764160e+00,1.307525753974914551e+00,1.311842083930969238e+00,1.357609152793884277e+00,1.640235543251037598e+00,1.277966260910034180e+00,9.040848612785339355e-01,6.681742668151855469e-01,3.345547616481781006e-01,-5.446593761444091797e-01,2.213556915521621704e-01,-3.699992895126342773e-01,3.273724913597106934e-01,7.520370483398437500e-01,4.892735779285430908e-01,-1.497050821781158447e-01,-1.223943829536437988e+00,-1.766916751861572266e+00,-1.261855006217956543e+00,-1.516921639442443848e+00,-7.992496490478515625e-01,-1.513821959495544434e+00
-1.374728918075561523e+00,-1.860929727554321289e+00,-1.311201453208923340e+00,-1.157210707664489746e+00,-1.092715740203857422e+00,7.061811685562133789e-01,-7.946712374687194824e-01,4.447103142738342285e-01,8.095353245735168457e-01,-1.590910553932189941e+00,1.444468855857849121e+00,9.638098478317260742e-01,1.197054028511047363e+00,1.286807417869567871e+00,4.213505685329437256e-01,1.700388908386230469e+00,9.992018342018127441e-01,1.405163407325744629e-01,3.590805232524871826e-01,-3.346913456916809082e-01,5.272477269172668457e-01,-9.862653017044067383e-01,3.086821138858795166e-01,5.942582488059997559e-01,3.832162320613861084e-01,-1.142342686653137207e-01,-1.792219758033752441e+00,-1.061909556388854980e+00,-9.998200535774230957e-01,-1.254945278167724609e+00,-5.256826281547546387e-01,-5.915592908859252930e-01
-4.058525860309600830e-01,-1.307781100273132324e+00,-8.879019618034362793e-01,-9.004062414169311523e-01,-7.419947981834411621e-01,8.120775222778320312e-01,-9.304584860801696777e-01,5.951737165451049805e-01,7.285807132720947266e-01,-1.295567274093627930e+00,1.584296941757202148e+00,1.215674996376037598e+00,1.834393262863159180e+00,1.426472902297973633e+00,1.683183670043945312e+00,1.709061861038208008e+00,1.325007081031799316e+00,9.979123473167419434e-01,1.335577249526977539e+00,4.533400014042854309e-02,7.360558509826660156e-01,1.333718299865722656e-01,7.729659676551818848e-01,1.118208050727844238e+00,1.026491880416870117e+00,1.904496997594833374e-01,-3.787169978022575378e-02,-5.728687047958374023e-01,-1.545791029930114746e+00,-6.679512858390808105e-01,3.811199069023132324e-01,-7.026709318161010742e-01
-1.538171172142028809e+00,-1.850033760070800781e+00,-1.004043817520141602e+00,-9.074463248252868652e-01,-1.139415264129638672e+00,1.955670565366744995e-01,-7.085745334625244141e-01,7.280118465423583984e-01,1.143856942653656006e-01,-6.162566542625427246e-01,1.698202133178710938e+00,7.726103067398071289e-01,1.397961258888244629e+00,1.368929624557495117e+00,1.095890328288078308e-01,1.648138642311096191e+00,1.151386976242065430e+00,4.742955863475799561e-01,-1.263772975653409958e-02,-3.912217170000076294e-02,1.172588944435119629e+00,-9.029693007469177246e-01,7.501978278160095215e-01,1.082204699516296387e+00,7.502034306526184082e-01,1.117810532450675964e-01,5.364956855773925781e-01,-5.229775309562683105e-01,-7.389689981937408447e-02,-9.247782826423645020e-01,-1.025894880294799805e+00,-3.974202573299407959e-01
7.720245122909545898e-01,-4.532315731048583984e-01,-4.107435643672943115e-01,-2.838364541530609131e-01,2.705851383507251740e-02,1.174232363700866699e+00,-3.933729529380798340e-01,1.158986806869506836e+00,1.626866340637207031e+00,2.146621495485305786e-01,1.722998857498168945e+00,1.762167215347290039e+00,1.775729537010192871e+00,1.445668458938598633e+00,1.839006900787353516e+00,1.395375490188598633e+00,1.377218961715698242e+00,1.386708855628967285e+00,6.894822120666503906e-01,1.597180217504501343e-01,1.117216825485229492e+00,-7.559663057327270508e-02,1.066789388656616211e+00,1.177329659461975098e+00,1.117772698402404785e+00,2.541976273059844971e-01,-2.816799581050872803e-01,-4.028272032737731934e-01,-1.409991502761840820e+00,-1.353148370981216431e-01,-8.451113104820251465e-01,-8.052983283996582031e-01
-5.905336141586303711e-01,-1.081592917442321777e+00,-5.302193760871887207e-01,-3.915810585021972656e-01,-7.223768234252929688e-01,1.017766594886779785e+00,-5.666986107826232910e-01,8.318231701850891113e-01,1.534933328628540039e+00,6.737367510795593262e-01,1.425183534622192383e+00,1.572504878044128418e+00,1.590808629989624023e+00,1.205888986587524414e+00,7.966971993446350098e-01,1.540521383285522461e+00,9.982846975326538086e-01,8.728678226470947266e-01,7.975336164236068726e-02,-2.962685227394104004e-01,8.148540258407592773e-01,-2.778227925300598145e-01,1.087916016578674316e+00,8.416411280632019043e-01,5.694093108177185059e-01,3.817289769649505615e-01,-8.090651035308837891e-01,-6.271287202835083008e-01,-7.106190323829650879e-01,-1.799860954284667969e+00,-1.242504715919494629e+00,5.506581068038940430e-01
1.179056987166404724e-01,-6.669962406158447266e-01,-2.170675434172153473e-02,3.109587728977203369e-01,1.377881467342376709e-01,1.617231607437133789e+00,-1.316359043121337891e-01,1.083755016326904297e+00,1.854967355728149414e+00,-4.877101629972457886e-02,1.643478274345397949e+00,1.956786513328552246e+00,1.572409152984619141e+00,1.346509814262390137e+00,2.021725177764892578e+00,1.489815473556518555e+00,1.460052251815795898e+00,1.769597649574279785e+00,8.122062087059020996e-01,5.070318579673767090e-01,1.398885607719421387e+00,5.176834464073181152e-01,1.562034726142883301e+00,1.481446027755737305e+00,1.205299377441406250e+00,7.256169319152832031e-01,-1.530096828937530518e-01,-2.549728006124496460e-02,1.709722578525543213e-01,-1.008965373039245605e+00,2.454089671373367310e-01,2.196620702743530273e+00
-4.715353995561599731e-02,-3.588948845863342285e-01,2.371072620153427124e-01,1.009436964988708496e+00,1.982596516609191895e-01,7.564672827720642090e-01,7.551452517509460449e-01,9.066346287727355957e-01,6.414244174957275391e-01,-3.979250490665435791e-01,1.533786535263061523e+00,1.037213087081909180e+00,1.028919339179992676e+00,1.318874001502990723e+00,6.594283580780029297e-01,1.469263434410095215e+00,1.613916397094726562e+00,1.134118199348449707e+00,6.428344249725341797e-01,7.391800284385681152e-01,1.173851132392883301e+00,6.080148741602897644e-02,1.402128100395202637e+00,1.510784387588500977e+00,1.156756520271301270e+00,1.300189614295959473e+00,1.640238642692565918e+00,-6.815527677536010742e-01,1.195621967315673828e+00,1.308053582906723022e-01,4.705500602722167969e-01,1.897426962852478027e+00
3.056895434856414795e-01,3.295266926288604736e-01,4.273073673248291016e-01,2.132688283920288086e+00,1.583604693412780762e+00,1.686658263206481934e+00,1.942786931991577148e+00,1.265874266624450684e+00,1.755766630172729492e+00,4.652058482170104980e-01,1.745391249656677246e+00,1.790957450866699219e+00,1.729979753494262695e+00,1.477564930915832520e+00,2.142888307571411133e+00,1.554476380348205566e+00,2.131408929824829102e+00,2.146847963333129883e+00,1.540291786193847656e+00,1.123202681541442871e+00,1.872920274734497070e+00,9.383190274238586426e-01,1.852740764617919922e+00,1.898066997528076172e+00,2.149140357971191406e+00,1.723623156547546387e+00,1.052312254905700684e+00,1.272001147270202637e+00,9.286023974418640137e-01,3.685889542102813721e-01,1.417863726615905762e+00,2.410881519317626953e+00
4.540767967700958252e-01,4.806853532791137695e-01,5.761688947677612305e-01,2.070884704589843750e+00,1.087447285652160645e+00,1.478681683540344238e+00,1.751899719238281250e+00,1.120016098022460938e+00,1.913374185562133789e+00,1.071824431419372559e+00,1.560942888259887695e+00,1.349869251251220703e+00,1.102734684944152832e+00,1.289469003677368164e+00,1.080831289291381836e+00,1.531960368156433105e+00,1.615049004554748535e+00,1.575334072113037109e+00,1.545361161231994629e+00,6.130580306053161621e-01,1.133634090423583984e+00,3.888036012649536133e-01,1.464457750320434570e+00,8.122664690017700195e-01,1.455783843994140625e+00,9.941308498382568359e-01,3.929973542690277100e-01,7.858381271362304688e-01,1.680251002311706543e+00,4.684373438358306885e-01,1.187618613243103027e+00,2.263201475143432617e+00
-7.261382937431335449e-01,-2.937227487564086914e-01,1.120096892118453979e-01,1.714007616043090820e+00,5.908507108688354492e-01,1.774152874946594238e+00,8.777487874031066895e-01,1.164691925048828125e+00,2.394013643264770508e+00,7.258288860321044922e-01,1.567550659179687500e+00,2.041201591491699219e+00,1.518115639686584473e+00,1.333624243736267090e+00,2.063867568969726562e+00,1.267189502716064453e+00,1.612046957015991211e+00,1.508982419967651367e+00,1.330591201782226562e+00,6.127151846885681152e-01,1.168528199195861816e+00,7.757448554039001465e-01,1.513243913650512695e+00,1.388119101524353027e+00,1.591714501380920410e+00,7.318980693817138672e-01,-3.344064354896545410e-01,2.905198931694030762e-01,-4.081152677536010742e-01,-6.222470998764038086e-01,3.645505607128143311e-01,6.542155742645263672e-01
-1.027982115745544434e+00,-5.551445484161376953e-01,-4.769988059997558594e-01,1.654753684997558594e+00,-2.439194470643997192e-01,1.093418359756469727e+00,4.911186397075653076e-01,5.828869938850402832e-01,8.572276830673217773e-01,-4.772360324859619141e-01,1.344115734100341797e+00,1.013913154602050781e+00,7.486270070075988770e-01,1.202435612678527832e+00,6.256160736083984375e-01,1.283640027046203613e+00,1.067215561866760254e+00,5.974349975585937500e-01,4.327649176120758057e-01,-6.065102294087409973e-02,8.851237893104553223e-01,-3.458666503429412842e-01,8.717870116233825684e-01,9.205850362777709961e-01,5.672305226325988770e-01,5.575897693634033203e-01,-2.349381297826766968e-01,2.943221032619476318e-01,3.370845019817352295e-01,-6.770921349525451660e-01,5.653800815343856812e-02,1.952393054962158203e+00
-6.095873117446899414e-01,-4.127026498317718506e-01,-9.619071483612060547e-01,8.260568380355834961e-01,-1.188425660133361816e+00,8.014190196990966797e-01,-5.276255011558532715e-01,7.544721364974975586e-01,1.291911244392395020e+00,-6.784280538558959961e-01,1.453483581542968750e+00,1.280753850936889648e+00,8.471130132675170898e-01,1.295309185981750488e+00,2.150328874588012695e+00,9.402587413787841797e-01,1.225860714912414551e+00,1.847283840179443359e+00,1.097685575485229492e+00,1.144731491804122925e-01,1.435141563415527344e+00,4.265415668487548828e-01,1.539848446846008301e+00,1.636673331260681152e+00,1.474175572395324707e+00,-1.298423707485198975e-01,5.938576459884643555e-01,-3.680107593536376953e-01,6.598382443189620972e-02,4.851955473423004150e-01,3.809966444969177246e-01,2.172914743423461914e+00
-1.381830275058746338e-01,1.701400429010391235e-01,-6.501917839050292969e-01,7.029234170913696289e-01,-1.367783665657043457e+00,2.302956134080886841e-01,-9.530268311500549316e-01,3.752911090850830078e-01,9.408212900161743164e-01,-7.730670571327209473e-01,1.163093328475952148e+00,6.064988970756530762e-01,1.068404912948608398e-01,1.112153053283691406e+00,9.785153865814208984e-01,5.237225294113159180e-01,1.066659212112426758e+00,7.748989462852478027e-01,-1.559605449438095093e-01,1.505853980779647827e-01,8.032199144363403320e-01,1.984756439924240112e-02,1.188019037246704102e+00,1.219316840171813965e+00,9.549806118011474609e-01,2.619127929210662842e-01,3.967110514640808105e-01,-1.999523490667343140e-01,7.418974637985229492e-01,5.251410007476806641e-01,-3.007881045341491699e-01,1.747773408889770508e+00
-1.785191893577575684e-01,4.562050476670265198e-02,-2.641343176364898682e-01,1.115602016448974609e+00,-1.150044575333595276e-01,1.230794072151184082e+00,-3.199819028377532959e-01,9.938669204711914062e-01,1.583259105682373047e+00,-4.472998976707458496e-01,1.253796339035034180e+00,1.162371754646301270e+00,5.990320444107055664e-01,1.128713130950927734e+00,1.173100829124450684e+00,8.824074268341064453e-01,1.150369644165039062e+00,6.939798593521118164e-01,1.367992639541625977e+00,1.614183783531188965e-01,8.794769644737243652e-01,7.284193634986877441e-01,1.343502521514892578e+00,1.254294037818908691e+00,1.475147485733032227e+00,5.859024524688720703e-01,4.504928886890411377e-01,-1.021382305771112442e-02,-1.188923835754394531e+00,-5.835509300231933594e-01,-2.833804190158843994e-01,-2.787545025348663330e-01
-1.152923703193664551e+00,-7.224536538124084473e-01,8.273039758205413818e-02,8.016197085380554199e-01,1.236303687095642090e+00,1.291353940963745117e+00,4.788406789302825928e-01,1.232680439949035645e+00,1.283001899719238281e+00,3.237234354019165039e-01,1.394608736038208008e+00,1.660078406333923340e+00,9.882411956787109375e-01,1.213292956352233887e+00,1.490345954895019531e+00,1.142483711242675781e+00,1.617765307426452637e+00,1.691122531890869141e+00,1.189957737922668457e+00,5.034939646720886230e-01,1.541692256927490234e+00,4.013656675815582275e-01,1.487121820449829102e+00,1.437851667404174805e+00,9.115750789642333984e-01,8.293154239654541016e-01,7.888935804367065430e-01,1.367310285568237305e-01,1.367092609405517578e+00,1.252751469612121582e+00,1.289574503898620605e+00,2.450875282287597656e+00
-9.471350312232971191e-01,-1.555231571197509766e+00,-1.502093225717544556e-01,-4.424635767936706543e-01,1.237690210342407227e+00,1.477558135986328125e+00,6.919187307357788086e-01,1.548218965530395508e+00,1.808267235755920410e+00,6.512556672096252441e-01,1.432969927787780762e+00,1.612600088119506836e+00,1.122712492942810059e+00,1.216994881629943848e+00,1.398024082183837891e+00,1.066156268119812012e+00,1.252302408218383789e+00,1.647632122039794922e+00,1.516944169998168945e+00,2.942047715187072754e-01,1.505195498466491699e+00,1.640829592943191528e-01,1.636157512664794922e+00,1.383524417877197266e+00,1.032435536384582520e+00,8.220505714416503906e-01,6.296721100807189941e-01,-2.245400846004486084e-01,7.895005345344543457e-01,-2.289779186248779297e-01,2.125907987356185913e-01,5.723677277565002441e-01
-3.773594200611114502e-01,-1.229676246643066406e+00,-1.529936045408248901e-01,1.854786276817321777e-02,2.857434451580047607e-01,1.204598307609558105e+00,-2.034921944141387939e-01,1.200988769531250000e+00,1.392436861991882324e+00,1.997057050466537476e-01,1.355071425437927246e+00,1.280722379684448242e+00,1.147032380104064941e+00,1.188817262649536133e+00,1.007932305335998535e+00,1.305770039558410645e+00,1.330825686454772949e+00,8.886283040046691895e-01,1.824212312698364258e+00,5.626503229141235352e-01,6.710923910140991211e-01,6.307766437530517578e-01,1.559816002845764160e+00,9.686378240585327148e-01,1.015709877014160156e+00,6.372895240783691406e-01,4.973415732383728027e-01,2.543018162250518799e-01,1.037422791123390198e-01,2.013116627931594849e-01,7.944662570953369141e-01,9.106705784797668457e-01
-1.996661782264709473e+00,-2.090315341949462891e+00,-1.244751095771789551e+00,-1.353114008903503418e+00,-1.202359318733215332e+00,9.090867042541503906e-01,-1.401877045631408691e+00,7.719364762306213379e-01,1.506753921508789062e+00,6.470288336277008057e-02,1.111429214477539062e+00,9.578907489776611328e-01,6.179226040840148926e-01,1.034951090812683105e+00,9.114350080490112305e-01,6.468839049339294434e-01,7.059774994850158691e-01,5.916811823844909668e-01,8.114802837371826172e-01,2.651339769363403320e-01,6.581877171993255615e-02,5.155883356928825378e-02,1.117136597633361816e+00,7.269936800003051758e-01,5.830803513526916504e-01,1.547418683767318726e-01,-1.915225982666015625e-01,-1.035070300102233887e+00,1.604111045598983765e-01,-1.514026969671249390e-01,4.178585112094879150e-01,6.434174776077270508e-01
-2.080021858215332031e+00,-2.284650564193725586e+00,-1.081045985221862793e+00,-1.203783392906188965e+00,-1.841642618179321289e+00,7.843229770660400391e-01,-1.950209021568298340e+00,4.919883608818054199e-01,1.525448679924011230e+00,-8.638276457786560059e-01,1.137190222740173340e+00,1.092879772186279297e+00,6.074637174606323242e-01,1.169702887535095215e+00,9.531587958335876465e-01,6.731097698211669922e-01,7.790530323982238770e-01,-1.753086782991886139e-02,6.046356633305549622e-02,-2.478697448968887329e-01,-2.398905754089355469e-01,-9.559076279401779175e-02,8.149589896202087402e-01,7.433109283447265625e-01,3.622771203517913818e-01,-6.053622066974639893e-02,-9.562771320343017578e-01,-7.722991704940795898e-01,-1.151445746421813965e+00,-5.891878008842468262e-01,-5.776591300964355469e-01,1.444360166788101196e-01
