-8.102693878741198397e-01,-1.224662326688428005e+00,6.842157595459311681e-01,1.171909830181220302e+00,1.010500526339306038e-01,9.182830864690539885e-01,1.834599782132441792e+00,3.547927157650893615e-01,-9.064411915648610263e-01,-3.810680923294693656e-01,-4.196851449004757040e-01,-3.677940672325054061e-01,1.129204881945494593e-01,1.943662056791715942e-01,5.412369193191737260e-01,1.283370052840202113e+00,2.165642124903176813e-01,-4.933107192784180195e-01,-2.797054661712045642e-01,-3.833294587092118122e-01,-3.625937866603900495e-01,-5.065877474967827032e-01,-4.652066847457706489e-01,1.369624032368649824e-01,-8.001023366395417780e-01,-8.445272476402424511e-01,-5.602866814739130286e-01,-1.055188833593523334e+00,-1.159921961201198171e+00,-1.521310172596494148e+00,-6.532181281613202994e-01,-3.932332443599854122e-01,-5.713056222746527579e-01,-1.565539439834032542e+00,-1.098304888739649599e+00,-1.082887245490076200e+00,-1.859075721169761941e+00,-5.817784642506431680e-01,-7.927809899578158737e-01
-1.407555457629905860e+00,-1.590038069161098466e+00,3.423387224721991529e-01,9.051802164034706832e-01,8.119051324207482434e-01,-2.563242395115419500e-02,1.030628215146766280e+00,-3.015051474881258464e-01,-1.268747621646350021e+00,-6.986127584289110182e-01,-1.183288877796512262e+00,-8.884849696939904895e-01,4.788575449060525520e-03,-5.640721091110575403e-01,4.454241341542103938e-01,7.180564475544984893e-01,-5.489208194406798302e-01,-9.282432152528639069e-01,-7.528732562673785544e-01,-1.109294497722167261e+00,-1.178503904343399356e+00,-9.532298117750749311e-01,-3.911859494358835287e-01,-4.776870662253258071e-01,-6.698245343184586753e-01,-1.044329030727792818e+00,-9.423386365671827525e-01,-1.276334701536020688e+00,-1.439587866303620123e+00,-1.413813561585847367e+00,-3.792433119010862885e-01,-4.264632031167908677e-01,-1.111304672627790424e+00,-3.205510429996903943e-01,-1.033336724609236201e+00,-7.473946367260261292e-01,-1.769562530536904710e+00,-7.722261246523228762e-01,-1.229262845132142123e+00
-8.323884385028570421e-01,-8.732820061293045111e-01,-4.924065797338069705e-01,5.120343600004233914e-02,7.954007281822885744e-01,-1.263850682055612573e+00,-4.507074126388392332e-01,-1.031424808336083021e-01,-1.337311094673914180e+00,-2.208153918205016664e-01,-7.348095791793061160e-01,-6.317172787850285909e-01,-1.185863413092080321e-01,-4.446926025595445142e-01,7.407632112839699356e-01,8.971352483811417811e-02,-4.878396501850933431e-01,-1.243497536380515189e+00,-1.306701881863804982e+00,-1.261901191643132192e+00,-1.928976269057322668e+00,-7.584585348706268659e-01,4.316496486456905535e-01,-4.042345316358303409e-01,4.662372051169005882e-01,-4.207619416436812476e-01,-3.374094608645327731e-01,-8.495567493119694502e-01,-6.917400191758957817e-01,-6.567649529899547423e-01,1.867300540501296360e-02,-8.035352748511443988e-01,-3.982075679775136656e-01,9.805761205834785388e-01,-3.332839312947942223e-01,6.386007902840047379e-01,-6.266072163143111551e-01,-4.403682031740639435e-01,-1.118757630430384120e+00
4.754252131972393214e-02,-1.752278188154888783e-01,-7.958876635342532202e-01,-2.937463875871687558e-01,-5.521880527409831624e-02,-1.829979402220818452e+00,-8.459134391215978876e-01,5.799461350608985377e-01,-1.305103803150384323e+00,1.103459970667283629e+00,9.637203707567217892e-01,6.945350244179970822e-01,-2.560605440075157113e-01,1.260344237332785278e-01,1.630143149628873411e+00,4.374817856831205165e-01,9.427671389558830439e-01,-8.597894008123594389e-01,-1.232410333273861847e+00,-3.135581035249886961e-01,-1.020322347462695456e+00,-3.836859162648904586e-01,7.963625968261548449e-01,4.424347676512954686e-01,1.414496752326096063e+00,1.164320769620729307e-01,2.942834833182379484e-01,-4.360268706821623930e-01,5.728752028176045674e-02,-6.263443961150857442e-01,-5.760671451319877567e-01,-1.540194506494797055e+00,7.678351742385410850e-01,3.088418013423078756e-01,5.034778162664216294e-01,1.613685013427244686e+00,3.239993929601688305e-01,-3.167539191120605224e-01,-4.845876460210176151e-01
4.095529388353934264e-02,-5.606574885917323114e-02,-4.487511110951564741e-01,-1.806805834533224964e-01,-8.912220182222642118e-01,-1.655438805449591877e+00,-4.674684705128837048e-01,4.794136938538242632e-01,-9.402944885080699589e-01,1.906252709197102213e+00,1.864106122346721461e+00,1.696132530831793828e+00,-4.332081401245296837e-01,-9.150191665044019040e-02,1.929239725269103145e+00,9.115939141925513134e-01,2.252525879053966396e+00,2.603007420433660624e-01,-1.080935418806571735e-01,1.071540891439374699e+00,1.312562634607980394e+00,-1.720164687151517491e-01,-1.936560185750167140e-01,8.020618781569052169e-01,1.000605654054689264e+00,-3.635852714584569823e-01,-3.679412684100981101e-01,-5.506485664084254106e-01,-4.148509853291244831e-02,-1.045389267481961149e+00,-1.814208333004143636e+00,-1.952203034125824521e+00,8.792368680214295296e-01,-1.337091561805356932e+00,5.737729666751981705e-01,6.815806526364954765e-01,3.820096326709477297e-01,-7.013061165213164694e-01,4.304773780381431769e-01
-5.986019285380663746e-01,3.732122264840195824e-02,-4.376542431222514296e-01,-3.821451899902197913e-01,-1.090340522317368332e+00,-1.174133592366540357e+00,-6.004327401552249643e-01,-5.994374719618743574e-01,-1.869382527109118008e-01,9.209492553686994265e-01,5.189756616896207264e-01,8.627170321031053524e-01,-7.022444247147155982e-01,-9.153625948554606762e-01,4.772788452641231194e-01,8.966498741664981342e-02,1.636832201580020962e+00,1.254900717241145269e+00,1.385276352261784139e+00,1.499596378348338366e+00,2.444429875797804463e+00,-1.029174639411230968e-01,-1.624411650240754401e+00,-1.707812074581696316e-01,-4.624833519295288298e-01,-1.315191701186302353e+00,-1.675021086932861225e+00,-9.645283794060965921e-01,-5.531173967224348731e-01,-6.691383298487244558e-01,-2.035507481221126458e+00,-1.471617600019035965e+00,-3.878300260750843775e-01,-1.462058208751994881e+00,-4.228200351835335602e-01,-1.547457064458025000e+00,-2.274614032027872101e-01,-9.929726176852486930e-01,9.887318737098631516e-01
-7.028182859821109352e-01,4.030069452146329279e-01,-8.754632130343847907e-01,-7.217947324163502820e-01,-7.568827308050332103e-01,-4.548324619752355247e-01,-8.768651318844480347e-01,-1.627928645541080188e+00,2.922787199560019089e-01,-9.923989335077412210e-01,-1.628328494234476453e+00,-9.849150348741939620e-01,-9.281533036258833302e-01,-1.088153983217989840e+00,-1.913540840712123048e+00,-1.597224606893973053e+00,-6.699101219239469440e-01,1.275664344448139254e+00,1.876904245365765833e+00,4.444943684836703546e-01,9.575074833288274023e-01,-2.898395426088922755e-01,-1.953559813443733306e+00,-1.474768729966393632e+00,-1.648009767312459184e+00,-1.242460928494060424e+00,-1.645276590923823168e+00,-9.195950702464096294e-01,-6.512707651142762844e-01,4.770799564128555548e-01,-5.512888935991674400e-01,-3.264157148530150709e-01,-1.789921988930872621e+00,7.603181723706961548e-02,-1.344595384876011490e+00,-2.714040507093746779e+00,-8.074804215400920304e-01,-6.137792924979763587e-01,7.104462495663446120e-01
-1.013933386221636812e-02,5.305194370398457204e-01,-4.853888920743552049e-01,-4.710169199631579762e-01,-8.452476104856720962e-02,5.811213583151346729e-01,-1.067212270981947458e-01,-1.826938640740605857e+00,1.821339994184195954e-01,-1.559793197062335324e+00,-2.013903525298114339e+00,-1.369328881947281751e+00,-6.542381488431221470e-01,-4.626686406423738962e-01,-3.027816801119294521e+00,-2.409873276419785881e+00,-2.720140007676822957e+00,4.222701989127750077e-01,7.976721291141262160e-01,-9.798304869415047635e-01,-9.427568246109431227e-01,-7.152397257726390567e-01,-1.031968421511265666e+00,-1.541050978727658727e+00,-1.654230126252465460e+00,2.679482902232420694e-01,1.221567093699138101e-01,6.779147476273496287e-02,-2.987314789079552058e-01,1.417872403951071281e+00,1.350492285141118964e+00,7.477391449105491583e-01,-1.791296079790685170e+00,1.286221840582036258e+00,-8.507303235760445004e-01,-1.602160394949557753e+00,-6.487271070630704628e-01,2.418634233026732139e-01,1.356546842130696429e-01
5.866801127906258184e-01,1.716677073641816320e-01,1.001544302914420648e+00,-7.782872136477282654e-02,7.993124009175288647e-01,1.421592403968209739e+00,1.013096385216027739e+00,-1.253121679471462580e+00,4.055151423041687408e-01,-9.431001570637224940e-02,-3.487244986420401927e-01,3.616805314266980376e-01,3.293159315493789374e-01,-1.886552199527113255e-02,-1.966612970417881856e+00,-1.859295181159582810e+00,-3.111655766846022964e+00,-4.431656079618527255e-01,-7.207476848136562531e-01,-1.211776257909118026e+00,-5.362306612804036421e-01,-6.689854762533229415e-01,6.291908732759302070e-02,-4.424580675984737810e-01,-6.173466106107415863e-01,1.822035573868980185e+00,1.792058193921158615e+00,1.483141287673664488e+00,1.349092430946749188e-01,1.997221246673219097e+00,2.041090830078253315e+00,1.266242545868877745e+00,-1.207248242465466109e-01,1.447377905745069082e+00,5.565375296692808282e-01,3.541334577143427920e-01,3.880929029060147251e-01,9.419309498881256459e-01,1.791475163037741236e-01
5.233777794715088749e-01,-1.338219572941939384e-01,1.727213793305848011e+00,-6.604844258698212567e-01,1.225317221866166095e+00,1.305824232561035636e+00,5.544812905582932050e-01,-3.251204904951576213e-01,1.609921345995381614e+00,1.417751748983882676e+00,1.191253895263585827e+00,1.857904121612583337e+00,1.298167584815269171e+00,-1.801634380986721212e-02,-2.922720257186176007e-01,-1.079977333960464803e+00,-2.061088873351233364e+00,-5.022368806468143765e-01,-8.697276619908125284e-01,-1.914682731051046277e-02,1.368282842859147141e+00,4.260349810046225594e-01,5.875487055942951731e-01,2.778680823816551682e-01,5.754099160894875498e-01,1.862011300453944695e+00,1.818047741091149971e+00,2.107093156271676371e+00,7.213221079047944517e-01,2.447038891298672691e+00,1.359349029852968238e+00,1.342109846689971464e+00,1.746479259927303795e+00,1.570587825332868892e+00,1.081127040167680464e+00,1.143959623512652124e+00,1.514952987356247505e+00,1.075162315124159385e+00,6.150218730696785929e-01
3.795917230394953434e-01,1.374795224683930117e-01,4.691563588816954344e-01,-1.774651696609555573e+00,3.752772745601470339e-01,3.769317906410502017e-01,-1.380834480633613026e+00,3.612787698784883927e-01,2.502044774755677103e+00,9.204336119636850055e-01,9.406241114368006917e-01,9.802961086933482671e-01,1.147633583307861471e+00,1.028362546465580590e-01,1.051943454789725368e-01,-7.949502376792598746e-01,-5.883079838912707027e-01,4.129125398886102083e-01,7.426794364707703933e-01,1.332053441001930461e+00,1.879569199077584907e+00,1.782285428189372078e+00,4.949285619220509802e-01,-1.668314339605989904e-01,8.748947517638262505e-01,4.974391817911855695e-01,6.980098689409315327e-01,1.357718552301274029e+00,1.517544534824755820e+00,2.011062904991351541e+00,3.729346920839147761e-01,1.322116185466496452e+00,1.958736446769059114e+00,1.712531023817615239e+00,2.907497263100358165e-01,7.004071952583942329e-01,1.747761187338773281e+00,7.015988848507475062e-01,4.645534807866416038e-01
9.150397798416102235e-01,9.194556493417561649e-01,-1.114268507756543292e+00,-1.627737555316125295e+00,-1.241505195484654767e+00,-2.574868128035247006e-01,-2.420102112636708824e+00,2.970695449908830610e-01,1.515765328289598202e+00,-1.035228645046545104e+00,-4.275824123845405333e-01,-1.267511982084370548e+00,-1.886270987107485919e-01,3.390434547105878327e-01,-6.130642900644118765e-01,-5.218185885813655389e-01,4.749963533506647018e-01,1.601285528955968873e+00,2.420270287161343070e+00,1.632898891884748016e+00,5.007611658166183366e-01,2.035279303745787249e+00,-1.182396271058753362e-01,-8.645133932222156536e-01,-6.785474833593529986e-02,-7.649164578849765306e-01,-2.171261862604181303e-01,5.383108693720610460e-02,1.777536780763859348e+00,1.324226785761529190e-01,-4.963687434128042503e-02,1.209339827716003457e+00,4.913601888058971023e-01,6.743075062868483238e-01,-3.642784682261306917e-01,2.965419718796550863e-01,1.057656070248927938e+00,2.294709087115592572e-01,-1.081440634916220056e-01
1.818263769567939780e+00,1.750856906533361901e+00,-8.945619447308992278e-01,7.576636534494281261e-02,-1.820913849180904043e+00,4.394612310441152470e-02,-1.336848636755713526e+00,-1.046147780435240232e-01,-3.713745031294771737e-01,-2.249428040962143882e+00,-1.228611164314090010e+00,-2.359743659599594423e+00,-1.510198252111281558e+00,3.342071879136432888e-01,-9.373247144682863574e-01,5.473667267965617866e-02,8.157696292652439896e-01,1.939189617959630629e+00,2.250019096264118001e+00,9.624562734494247485e-01,-5.497942599339856740e-01,1.147626761248882188e+00,-7.942011600780987113e-01,-6.967664383668064065e-01,-1.326381974793234608e+00,-8.028383780641358269e-01,-4.149181759195974539e-01,-6.117923166092553711e-01,7.983527954244667990e-01,-1.631826761080208410e+00,6.993788546187147681e-02,7.150452945277789851e-01,-6.523550091645676785e-01,-1.283540931492907822e+00,3.372334748027077528e-02,3.786347714476781534e-01,2.926748071786321459e-01,4.932805627544448179e-02,5.689894029112509133e-02
1.904469649360903682e+00,1.900722631192907741e+00,4.586834041510698956e-01,1.412677958342600570e+00,-5.469773033049093458e-01,5.631694406668653619e-01,3.355998930575456729e-01,2.739199741298186663e-01,-7.498703993444838511e-01,-1.790464376791837120e+00,-8.439367804651347615e-01,-1.638774622494724609e+00,-1.753147223725761927e+00,5.214158969355546791e-01,-3.991200555678885986e-01,4.219851357145926740e-01,7.148806194207226739e-01,9.933267062245002554e-01,3.415247705684328339e-01,1.810407579218029361e-01,-1.588182917556437701e-01,2.721233957634448530e-01,-5.482216372321386810e-01,1.908684267036994675e-01,-1.511275086898801634e+00,1.167547778967139849e-01,-1.553742130684044875e-01,-4.731556064842771248e-01,-6.135549480729654004e-01,-1.248523176669089407e+00,2.662942574416908292e-01,-4.139856947862491365e-02,-8.921680002042974011e-02,-2.085737912567402930e+00,6.666142747592590512e-01,4.313896393829358966e-01,4.971962405519964046e-02,1.822388589858810193e-01,8.721030116003706256e-01
5.877672308414902957e-01,7.464090386056887461e-01,8.179129116628748308e-01,1.144683501968342121e+00,1.111575544143362571e+00,3.087819609458702375e-01,8.426512487937951601e-01,1.470400287846416632e+00,4.170317394177783799e-01,-6.535394831931621296e-01,4.929048375537281590e-02,-4.396523745373287495e-01,-9.891783711701472859e-01,1.287231230969783091e+00,1.190691056873057208e-01,3.644531496208919807e-01,7.604423557181434479e-01,-4.671883684561352057e-01,-1.495774902298448117e+00,-3.133405666266806389e-01,2.879624343853160462e-01,-1.435118031902934133e-01,8.738269775064599898e-01,9.081055586610659036e-01,-3.720568631881174815e-01,1.006403021306654599e+00,2.940126514939478963e-01,-1.255180888011436235e-01,-8.134304986840444895e-01,5.545006414692239538e-01,3.187926577522756100e-01,-3.743221927766370305e-01,1.001670380720286468e+00,-9.810839081850855070e-01,7.349819406995008464e-01,3.958550760675760283e-01,1.921115581190039057e-01,4.166524708187164250e-01,8.533146203412304009e-01
-1.129173855690288830e+00,-1.104710540270381181e+00,9.991833205611273805e-02,5.336658454875931046e-01,1.330297924287640265e+00,-4.305434257609312976e-01,6.175852331620410585e-01,1.998978210868449068e+00,7.221457767198330435e-01,1.746090477876428293e-01,7.048746462168723470e-01,3.724131883446791802e-01,1.450719016351669222e-01,1.620281859383474243e+00,2.442127310212696689e-01,5.112944275488247037e-01,1.087545596493455724e+00,-1.478785830717565197e+00,-2.107178703990285840e+00,-7.708562181900369126e-01,-2.677277100892369588e-01,-6.313136167703300439e-01,2.143711992768642549e+00,1.104151455291623618e+00,9.738399420532350970e-01,1.316068524718366772e+00,7.494436559027399802e-01,2.846263994445750178e-01,3.767296879985730929e-01,1.131363555048935599e+00,4.097227527634885180e-01,4.362683701559527671e-02,7.595298552658515945e-01,2.513608972832601651e-01,6.943714139256045303e-01,6.854973078511588103e-01,3.317671889806921293e-01,7.308651331024759168e-01,-2.551422800247482026e-01
-1.527753544415771048e+00,-1.737998172812572406e+00,-5.183720265399557880e-02,1.063353340350184473e+00,3.126253873876084777e-01,-4.142359130249890220e-01,1.032369028582733606e+00,1.128736446743036748e+00,-5.363335322911993996e-01,8.109996726236784470e-01,1.089732700567826340e+00,1.097307388201620437e+00,1.216005452820623667e+00,5.590246493073591783e-01,6.866963530565063367e-01,1.217073174205713260e+00,1.190602846063654408e+00,-1.930234569678931811e+00,-1.977324237013352803e+00,-1.220164949564126022e+00,-7.818896722396460053e-01,-1.087690852164818756e+00,2.010641017098654171e+00,1.063988703507840805e+00,1.519204298016809229e+00,1.242635772042752329e+00,1.061644466332278824e+00,1.034316105780363371e+00,1.365629394643246286e+00,-5.049147512579285624e-02,7.297951957878456852e-01,6.314359449438888827e-01,-4.304282814292030857e-01,1.691721077504960147e-01,9.770066598969047167e-01,1.080167568282712320e+00,2.121268227999539846e-01,1.199180058345887367e+00,-7.861952004756318502e-01
-1.571629803346256682e-01,-2.121402452282229734e-01,5.984903353661110703e-01,1.932291726892608086e+00,-3.986968334635561662e-01,7.124875361466711521e-01,1.975604386848676119e+00,2.417752487974915709e-01,-1.040660128675431118e+00,1.375931365171757736e+00,1.469324643220982551e+00,1.701795112947209754e+00,1.847958326483815306e+00,-6.957881878472989001e-01,1.588225433092086192e+00,1.838499851727603884e+00,8.410783174474774082e-01,-1.990945132856087652e+00,-1.744528462172073802e+00,-1.158748409341493701e+00,-1.721151199010716448e-01,-6.230454408061900651e-01,1.179440308298108420e+00,9.277880315227184926e-01,1.343274622094647652e+00,1.180332653588243019e+00,1.305194777435403797e+00,1.818021431733923832e+00,1.227498747818790203e+00,-8.299963837186248305e-01,1.119618723640646740e+00,8.480974659761417733e-01,-6.541405779721271019e-01,-3.315478510512941401e-01,1.065502251315820104e+00,1.013039915184448247e+00,-1.999804592518995838e-01,1.551873709114193201e+00,4.934996657324745850e-02
1.479699166778302599e+00,1.708514059390600304e+00,6.704668423371664687e-01,1.447727312451099424e+00,-2.891522421953698352e-01,1.733285380989221913e+00,2.071778821870177811e+00,6.053550619099993257e-01,5.084857125616114581e-01,1.218914640261637761e+00,1.688619936604210059e+00,1.487261885931669525e+00,1.622890846958467304e+00,-3.437607519141905876e-01,1.815609189431296233e+00,1.649372852126781641e+00,6.106589034376512792e-01,-1.273785240828977150e+00,-1.071937237718434188e+00,-4.108132214580438313e-01,6.976641719410332509e-01,5.763929839179835479e-01,1.089823381480317543e+00,5.617329355986988570e-01,9.646227030906334710e-01,1.169576801726549098e+00,1.511990210640761001e+00,1.848368366773559535e+00,9.492048073363857918e-01,-1.666996754266382441e-01,1.242191281438713490e+00,1.036108311299358098e+00,3.793618439566577294e-01,1.244172362880790160e-02,6.673866044649799933e-01,7.157009350852554519e-01,-5.297490064639593932e-01,1.397461259661652244e+00,7.560467718814946059e-01
1.633087248502739897e+00,1.619635967753482619e+00,-9.574187238965303770e-02,-1.667803081195583514e-01,-1.106146585682327016e-01,1.395131064907640051e+00,8.557964666433840462e-01,1.182710676596501198e+00,1.911710303471468864e+00,1.052786524479007862e-01,1.305709218837371566e+00,5.076127862736575791e-01,6.858088847091581286e-01,9.589867831246338126e-01,7.578096827680392833e-01,7.777690135624573120e-01,8.886661876143812089e-01,2.987268799897517813e-01,2.481852579358593824e-01,2.834771153126761090e-01,4.173082075851958228e-01,9.627248834228657737e-01,1.467944237554048570e+00,1.412706504460076451e-01,6.002426633685886692e-01,9.245899724279879051e-01,1.246773604048538875e+00,1.026651298470960150e+00,1.349042703274129673e+00,2.531781591237983742e-01,9.742424394534751064e-01,1.473226096906286031e+00,9.944404330234930534e-01,7.269425447496169479e-01,3.504667906926603460e-01,7.179468097946025695e-01,-2.596811111208565115e-01,8.607685886104639028e-01,1.254691082652788503e-01
3.429685550077238854e-01,-2.200344167498776982e-01,-3.712888171817912975e-01,-1.152780125982356019e+00,-8.658671692378848428e-02,6.866540290667669244e-02,-4.828236746949877145e-01,3.793913557704995387e-01,1.065901656682398002e+00,-8.109496688835757805e-01,4.309755132564306868e-01,-1.667113470332677594e-01,-1.066550962913476730e-01,1.066533084975023860e+00,-4.208634834976869854e-01,-1.526558511373591887e-01,1.002769857351330174e+00,1.479413347527920530e+00,1.230434679133267206e+00,1.420973435372627769e-01,-7.514034628101853297e-01,-3.152489929438810623e-02,8.893000455358308631e-01,1.797269503045748618e-01,3.993656557982878663e-01,2.956605204234169504e-01,1.833346743839475990e-01,1.242311564967036042e-01,1.313862150393312778e+00,-6.775572110523078173e-01,4.159727929692669246e-01,1.368804131364766530e+00,4.274628436415778276e-01,8.032528110322560977e-01,2.671051369381161611e-01,5.597148039300737787e-01,4.097719120905558565e-01,3.694550644049443555e-01,-7.765356029431794704e-01
-8.387665896425994250e-01,-1.410697935358802502e+00,3.166557067053943353e-01,-8.537741236243640008e-01,5.027182045194320548e-01,-7.152920758655715305e-01,-6.746902378566648206e-01,-1.200979987342024380e+00,-4.405207656772123226e-01,-3.395838353066118476e-01,-1.236384770197866828e-01,1.001004943390724003e-02,-9.848148550106339272e-02,-1.154373577038413229e-01,-4.385945806140071901e-01,-7.173763473903443932e-01,1.594685072202650378e-01,1.046894191420301823e+00,9.229950757188747357e-01,-4.870373751188176725e-01,-1.348721996160148651e+00,-9.134235991352849249e-01,-5.930621573018648451e-01,7.436538832109361730e-01,5.719261481112639656e-01,-4.117625353954287859e-01,-9.863506691829396766e-01,-2.715734910961248860e-01,-2.866217293511915121e-01,-1.205015421483986993e+00,-2.874790905237061267e-01,1.103814570660139049e-01,-4.320112539288116504e-02,4.961470570373216482e-01,-2.491080577132387119e-01,-4.447903441606223529e-01,5.891895395141932834e-01,-9.206098801625285655e-02,-6.095317337718778594e-01
-9.083595802933172036e-01,-9.539514846450626306e-01,8.764594478859155657e-01,-2.844404689491569771e-01,1.684376321618345829e+00,-1.766281594836450475e-01,6.781145196699352173e-02,-1.688468663929379998e+00,-3.283962786449703963e-02,9.560888164966832026e-01,8.955167787457540829e-02,4.466508500917417135e-01,5.395960785123465886e-01,-7.242381024629674924e-01,2.053107567003750467e-01,-7.534760093802255199e-01,-1.203725849881065235e+00,-2.691130781589708976e-01,-6.581381773603778296e-02,-5.582555636958662637e-01,-8.039549415847243585e-01,-4.016412568090055313e-01,-1.387365126122556802e+00,1.132665248262474167e+00,8.631017111591622326e-01,-6.961320240427606443e-01,-1.158900254176267630e+00,-2.317663876972972659e-01,-2.144562606694848661e+00,3.397536041081999358e-01,-8.314029222634290450e-01,-1.165633732431157643e+00,5.702449618764984240e-01,5.158591193820658560e-01,-1.124842497588780077e+00,-1.501293129199486209e+00,5.333851859587105532e-02,-7.330820930549128978e-01,6.192127089312311761e-02
-3.968415967259681376e-01,-2.767573247719365970e-01,7.024952546919449592e-01,-2.548950964929544982e-01,2.147346165641031313e+00,8.406876109635647021e-01,4.991108591633243718e-01,-7.968251846762690604e-01,1.419902742613213364e+00,1.491734863982453030e+00,4.329237887447637823e-01,6.280591232778255373e-01,1.279042777366158568e+00,-3.135449038638856711e-01,2.754412516414491696e-01,-2.935092088372965313e-01,-1.916822449815442475e+00,-8.121649256428410402e-01,-4.919719722215353808e-01,1.052889064744912673e-01,3.267165462531800707e-02,5.863962994843952004e-01,-9.597130792533623556e-01,7.314358873318266285e-01,6.536371511013326918e-01,-4.839680207998462991e-01,-3.882859162254607699e-01,5.792952464836802380e-03,-2.097248343520826896e+00,2.318312390415582236e+00,-7.904404882010660494e-01,-9.485423697756483197e-01,1.335624489135466941e+00,5.812468030174667843e-01,-1.246710699993833105e+00,-1.240999438394814636e+00,-3.412774115323122803e-01,-1.157939997404455301e+00,1.028007228869514955e-01
-2.961944598358056124e-01,-5.701688159711936210e-01,4.369905806972689821e-01,-4.448846553944650339e-01,9.652609109881473692e-01,9.859128098935917572e-01,2.559699531203184220e-02,1.458651750943322500e-01,1.060172596541910650e+00,9.010181894239706057e-01,1.228680206813743264e-01,7.229798609771663775e-01,1.689886430681893925e+00,-3.052883941536306822e-01,-1.082855888080115764e-01,3.089167526676771525e-01,-1.607468838404713996e+00,-5.299159388090241007e-01,-3.066416786855518661e-01,4.997308824410368611e-01,2.358442687677350658e-01,4.835230998654969636e-01,-5.326149184685650129e-01,-1.346122415536674388e-01,-4.536576413702018973e-02,-3.440559449021489136e-01,9.052269160864714892e-02,1.702101452256302161e-01,-5.190125750482187383e-01,1.983754215199050819e+00,-2.848335570511068005e-01,1.301059247731232438e-01,1.017030647901762785e+00,1.215389539901490373e-01,-4.952828383077419461e-01,-1.900719657002813423e-01,-2.092938357368569757e-01,-8.747701347832864682e-01,-3.001609478715130397e-01
-7.680949318389214131e-01,-1.098141852889093828e+00,3.285877729658257529e-01,-4.203665984307132231e-01,-9.090652943301957833e-01,-1.233059241414160949e-02,-6.440411019449406860e-01,3.677806047465285721e-01,-1.131807517093335269e+00,2.771048699109731062e-01,-5.744462673874111136e-01,6.381965789679070467e-01,1.305229871343755566e+00,-1.007378057736705079e+00,3.731834056875147493e-02,6.107016758784018506e-01,-8.555537068218187491e-01,-6.016514744355800914e-01,-2.477315988817961334e-01,1.691749953712612994e-03,-1.346960665232069809e-01,-4.546422798939012688e-01,-8.491962629235952909e-01,-6.607452791521967184e-01,-4.860724496059906641e-01,-8.432953717708780994e-01,-4.398599642236442619e-01,-2.314607454882407767e-01,1.946774324963796154e-01,-2.436794281002256368e-01,-2.143572823730327814e-01,1.160073081322406524e-01,-1.056980906742194387e-01,-4.666377641528758335e-01,-2.948306735128820022e-01,-2.414292687235019830e-01,-3.923515549344184783e-01,-4.442534257929416364e-01,-5.256721374785069401e-01
-1.150569292262179522e+00,-7.837359086645103723e-01,-2.633759589290058933e-01,-2.748419187353649540e-01,-1.678796831043645188e+00,-1.143168224250000753e+00,-6.611937442776413265e-01,1.158881467736579962e-01,-2.275114821354033090e+00,2.091881815470043315e-01,-8.754887952562643294e-01,-2.204340991162196395e-01,-7.133144999639787209e-02,-1.002476595373149815e+00,5.445422172754698087e-01,5.398868163931304087e-01,-1.084853342580340135e-01,-8.512045531647393082e-01,-1.603688343913611813e-01,-5.238484493983716073e-01,-4.066001361572806894e-01,-6.729161212205082565e-01,-1.074525428191888787e+00,-6.578452541375187090e-01,-4.049628628153562615e-01,-1.696339945603587029e+00,-1.303372789136207244e+00,-1.269171123559115211e+00,-6.248351717200487654e-01,-1.355848505186509456e+00,-1.054817463339014161e+00,-1.102290705685221139e+00,-9.811024725206513031e-01,-4.863757056221165720e-01,-1.170886211129245735e+00,-1.457196210539638326e+00,-1.186719802019889469e+00,-8.055099796662541500e-01,-7.040924051614559920e-01
-7.623331367936799774e-01,1.553953350834487435e-01,-1.259282525063593283e+00,-5.525555851504445476e-02,-8.261209611000186470e-01,-1.364014030655967380e+00,-2.767120453269487634e-01,-4.136079562095063555e-01,-1.114623153164142622e+00,1.462051565264698913e-02,-7.666712284882307715e-01,-1.615699351996177757e+00,-1.623608430866094299e+00,9.398176509747960261e-02,3.113908602582579066e-01,2.787479706686536440e-01,6.163924132950365786e-01,1.362388774549016246e-01,6.732966742324495435e-01,1.283665589320834022e-01,-2.232526141685589327e-01,3.005797092108847823e-01,-5.227728920902873222e-01,-5.801666169754485791e-01,-4.176004377537627654e-01,-1.881710663065818911e+00,-1.444520609972608227e+00,-1.927234785802800721e+00,-1.132516653937316597e+00,-2.977671523341638427e-01,-1.795791133809970352e+00,-1.639094218553594384e+00,-1.229136253989449923e+00,-1.633711677934850670e-01,-1.583796999467864897e+00,-1.649105714086246399e+00,-1.205781757256465081e+00,-1.519150956054475143e+00,-6.846600241879206017e-01
4.029796877085408680e-01,9.295041844118476781e-01,-1.515411985684789631e+00,3.715007160941068420e-01,4.335647311987725905e-01,-7.462866969156952690e-01,-3.377453976878342368e-01,-9.710010332148619749e-01,4.448664284153283077e-01,-6.728787183030586760e-01,-7.686275172524786869e-01,-2.131814868610069524e+00,-2.040474217127513423e+00,8.698249890567062437e-01,-6.252151585749827767e-01,-1.596924124497520470e-01,1.102732913533493786e+00,2.102033769074795888e+00,1.761040885185549021e+00,1.667103465778311477e+00,1.836120132968527274e-01,1.362247329547394914e+00,1.380891612245415123e-01,-5.544579197388705971e-01,-7.684723121794979628e-01,-8.544862929108510974e-01,-6.338645936794701230e-01,-1.208975116130928784e+00,-2.735120545109304691e-01,7.006748501392989770e-01,-1.151226981718443731e+00,-7.861889975486571203e-01,-1.013246348910009864e+00,-1.360187839238342911e-01,-4.033512643398786679e-01,1.367013174930441499e-01,4.713009088078763953e-01,-1.255768516720893402e+00,3.899032712724924132e-01
1.434426138169259790e+00,1.251687932418590998e+00,-6.497524085711507968e-01,7.019778271582237661e-01,6.759668527791679038e-01,-1.766076127738364643e-01,-8.583645834800923691e-01,-7.932729751830394083e-01,6.426723604426056724e-01,-9.978036419517898326e-01,-8.096400193290499425e-01,-1.076182493152124664e+00,-1.186240538169412773e+00,6.075499105734678551e-01,-9.732618184810593043e-01,-7.321802920765365652e-01,9.444590738284439624e-01,2.758167365551506212e+00,1.688353506429819406e+00,2.464594927929876444e+00,4.973305855968954692e-01,1.482522847770906704e+00,1.475523609157403659e-01,-1.907449526185513444e-01,-7.678597717624576768e-01,5.633401198647369768e-01,4.523687261981336749e-01,1.972423656691805471e-01,5.891227872787853093e-01,-1.432137823279047151e-01,3.819868787395162002e-01,-1.428638677155952101e-02,-4.694706357015825948e-01,-3.539334708427190335e-01,1.161166209668279548e+00,1.865552644086794443e+00,2.229786997120380754e+00,-1.326419339481404169e-01,2.066455539251850215e+00
1.174394760692562656e+00,1.033208555989514776e+00,3.000329322091813133e-01,4.408483792081746011e-01,-2.061751039217160075e-01,-7.049620615500293286e-02,-9.383929189484099265e-01,1.966934048149810155e-01,9.511389148110505065e-03,-4.170926152606757586e-01,-5.237778848843446244e-01,2.493663402354020509e-01,-2.992486033878652418e-01,1.585387771611588559e-01,-3.403682748137368819e-01,-9.740566435930902989e-01,2.265681796651462798e-01,1.145962541008942459e+00,3.708857884150193462e-01,1.585072027471109868e+00,7.327887757206312802e-01,7.595551362671327800e-01,-2.163390386743814509e-01,4.440493287551154911e-01,-1.394075442496347239e-01,9.476209039892283803e-01,8.520795479302960551e-01,6.297386186629484461e-01,2.505764411822945514e-01,-1.473979601419208585e+00,9.925582447828353860e-01,-2.530329399260856649e-01,-1.613555749107545333e-03,-4.525100876294008700e-01,1.463832527683293083e+00,1.460277562659787476e+00,1.917364013806914125e+00,2.711361348711708863e-01,2.181306060844891093e+00
-3.134276995991513992e-01,1.753824992828956764e-01,5.041729975127643426e-01,-1.198619151168359570e-01,-1.077789779864685160e+00,1.082904050355364550e-01,-1.997708944496788819e-01,6.729686081124167663e-01,-4.013393112649286665e-01,1.332495119969202557e-01,-3.261601208558765341e-01,2.773248840869105281e-01,-1.264997175797640538e-01,-6.295760705584270422e-02,1.344506552864136173e-01,-4.959923373822444637e-01,-4.917641191157300917e-01,-7.847865713234073448e-01,-5.791822361476768322e-01,-2.186215018840499333e-02,9.451792734584090194e-01,-6.313706027538666665e-02,-4.397463428735099988e-01,5.508540328612664405e-01,1.877054593385734382e-01,-8.202720277402361648e-03,1.585506718786083291e-01,-1.247766555931735105e-01,-3.677325498401165516e-01,-1.181541559152700094e+00,1.621146039141453665e-01,-4.834011455318947825e-01,-2.025636355177044268e-01,-5.927613580726885933e-01,7.412420910089018156e-01,-2.430721962616748388e-01,8.703898189400371965e-02,-4.083867902137695016e-01,1.873405572351783954e-01
-1.338045783487201934e+00,-7.431384217243993673e-01,2.281123453104491605e-01,-2.155112154850641892e-01,-9.800272327530791250e-01,7.660573833009315381e-01,4.954019711495690204e-01,1.022334660981810001e-02,-5.676537434337601828e-01,-2.314287549613368855e-01,-7.708236959555171408e-01,-5.509401529785303842e-01,-2.624603743311742024e-02,-5.852256527269470432e-01,-2.352472572711759580e-01,2.532368858535176681e-01,-8.389056496096801707e-01,-1.008269642928145027e+00,-2.012514040593906817e-01,-6.726929513318415932e-01,8.145184959615355824e-01,-3.097789204840550870e-01,-5.176115143343082980e-01,-1.836931842592108011e-01,-4.061338236829917792e-01,-1.008103213048283431e+00,-8.088229571928851058e-01,-5.400130872613249089e-01,-1.297800080431394665e-01,2.859964670209176330e-01,-6.182984240821179922e-01,6.005942923324872340e-02,-8.309657035574473660e-01,-9.282622814102025055e-01,1.565468945127748979e-01,-9.596229637986517513e-01,-8.052590863710543667e-01,-6.713191580709209072e-01,-1.283926876520738336e+00
-5.605731264248550172e-01,-7.168550864911162890e-01,-2.318891303939184523e-01,-2.326329280899409532e-02,-2.574709170310460760e-01,1.153002211085291551e+00,1.588567091491342453e-01,-1.875131178396492737e-01,-5.221857467488351112e-01,-7.525216418492651771e-01,-1.108696980268042198e+00,-5.377443335029554738e-01,4.608110774769921258e-01,-1.062517167451838329e+00,-6.055920291137687483e-01,4.102963916092233765e-01,-7.304409081888941779e-01,1.395771655007052581e-02,5.226562137464700886e-01,5.777994134209669258e-02,1.214695683387078708e-02,2.115828764756734204e-01,-3.509746371473679849e-01,-9.088962024594040567e-01,-9.325487404104698674e-01,-7.435643359761076043e-01,-6.808147033126235037e-01,1.862778294927533163e-01,3.243455670635338461e-01,8.537106269475451814e-01,-1.734525810947838420e-01,4.485054828153842155e-01,-8.584180221353265861e-01,-8.169578168441850030e-01,-8.755809544671970535e-02,-1.265381487781819525e-01,2.088092320410647393e-02,9.564392484993422539e-02,-3.009379124478273049e-01
9.606351542973493585e-01,1.612612983750785489e-01,-1.052463719010683141e+00,-5.373427102278619527e-01,-3.634374619184795041e-02,2.291650936299468866e-01,-1.011526438628588487e+00,1.295669604665692587e+00,8.356991739596082713e-02,-3.966565574292326146e-01,-1.958567070927536569e-01,5.987610304504412673e-01,4.721282722028616874e-01,-4.496734778241164299e-01,-2.313095781432399634e-01,-1.808755232164921678e-01,-7.494766265482043222e-02,7.280718472346751069e-01,3.751825829653008260e-01,8.904462595603362951e-01,-1.106753093448320735e+00,8.017101057767592742e-01,3.931554755891092934e-01,-8.789735591623639710e-01,-2.403386956106133565e-01,4.003097518100060537e-01,5.212062798877330483e-01,8.280642409585853292e-01,6.465696606196192145e-03,4.350558310833602810e-02,6.692120789921832680e-01,-6.457178559281825936e-02,-1.676240613146700309e-01,3.174075917684257564e-01,-2.885255574984731952e-01,8.854104437978653763e-01,9.393049565384133937e-01,3.794233647139862442e-01,1.091766039534749044e+00
1.005492955167110347e+00,5.630122375862560702e-01,-1.954765011118764662e+00,-1.712798317411467597e+00,-6.555759933604704548e-01,-1.557148339971406337e+00,-1.857955535490349863e+00,2.586221105698068179e+00,6.781393179558882212e-01,1.640436474565203917e-01,1.255118844648161813e+00,1.269282524669931966e+00,-6.801885236047486849e-01,6.372045163379294053e-01,2.167036608131477637e-01,-8.679815069989313958e-01,9.314153255094032025e-01,7.584307709820494736e-01,-3.372774944817181764e-01,3.952849275915466531e-01,-1.733935159935866555e+00,2.370765338663571309e-01,1.313916374516171492e+00,-6.099857601647451499e-01,1.032472773923096776e+00,8.890659794364177415e-01,1.012571838033136329e+00,7.444762926171973050e-02,-5.383226502150940673e-01,-7.589451444528894086e-01,5.132322142367856666e-01,-6.731512321607088234e-01,-4.862267471227487564e-02,1.700556329109784048e+00,-1.264920425904556001e-01,9.646591043098254881e-01,6.461165574725443728e-01,-7.428956155858719157e-01,1.068303489606037548e-01
-5.937913068758118307e-01,-8.213724201754074583e-02,-2.135017260673294892e+00,-2.078305017166996560e+00,-1.175329544072233112e+00,-2.347890606012378090e+00,-1.533565051267293144e+00,1.329877952269937103e+00,4.032550294671184005e-02,-2.783176505515126964e-01,1.326418495875390180e+00,4.643065210000998921e-01,-1.974803366038424102e+00,3.514652390053848996e-01,-6.214255071295596289e-02,-1.076947424921866014e+00,1.498142828309968921e+00,5.279683714634205716e-01,-5.652231009216496238e-01,-1.272603095266018780e+00,-1.541818379809035910e+00,-1.622715346013460014e+00,1.412868577038754125e+00,-7.980131865451860484e-01,1.370607621610692162e+00,2.111344561750020665e-01,-1.734799453828674010e-01,-1.342865240935827709e+00,-3.122786509015788581e-01,-8.380659443556887078e-01,-5.187880478340627377e-01,-6.525773854873794244e-01,-1.135277789399590453e+00,1.910119992205849604e+00,6.235537697306008376e-01,3.553529763205896530e-01,-2.869320034791486562e-01,-1.690689595766454056e+00,-2.188653324879849649e+00
-1.588045451037935374e+00,-6.661390014418393513e-01,-1.469428451790609769e+00,-8.824162008376987831e-01,-7.415808279188664809e-01,-1.134954389241465300e+00,-2.751937923410490150e-01,-1.182684723999384069e+00,-1.364852874036600161e+00,-1.077219180643906205e+00,-1.130115331104157572e-02,-6.893583552923077118e-01,-1.969509719201515852e+00,-1.093530388487311544e+00,-5.537275955816499673e-01,-7.397777758382434454e-01,1.019391822661038560e+00,3.358437313282978953e-02,-1.312391031041037215e-01,-2.497457156556408098e+00,-8.448505176365763703e-01,-3.016562911300235239e+00,6.833035167872881788e-01,-8.679613255648099823e-01,7.006487409152029056e-01,-3.783663291583364563e-01,-1.339456628418903117e+00,-1.543549301543334362e+00,4.236047550673188167e-01,-8.618002363110267572e-01,-1.091606772283875149e+00,-5.128418016641498323e-01,-2.004860351038895150e+00,7.571657804047080553e-01,1.246898437827811401e+00,-1.065251173868396461e-01,-8.043709617041753246e-01,-8.250063822876986253e-01,-2.634507953133428337e+00
-6.073618805183578218e-01,-2.453010201241375421e-01,-5.754379479688884746e-01,6.121287936934941554e-01,1.495013720971547500e-01,8.329452367318868067e-01,9.418360143263122541e-01,-1.712312256602688709e+00,-1.430853126868578684e+00,-6.650713334593879589e-01,-6.653889743967488224e-01,-6.496655245349505226e-01,-8.710692588701376415e-01,-1.292861176634326315e+00,-4.231740760694191472e-01,-7.715132118553749696e-02,-2.147309254057085115e-02,-7.279745042914932407e-01,2.756143467459965524e-01,-2.122620755132614168e+00,8.597119809740255691e-02,-2.202135520841109528e+00,2.422049685513616435e-01,3.036119567296679048e-02,2.144629131384226950e-01,2.710943172673416224e-01,-5.044744931491886852e-01,-1.962394446461747030e-02,9.027826673425984882e-01,-9.518015952231241306e-01,-4.932263512277783590e-01,-4.668016841993797295e-01,-1.063582736554054664e+00,-5.297769759400158263e-01,1.068747680760717911e+00,-6.211054424522586062e-03,-7.689201437238420977e-01,9.044059094569723012e-01,-9.782297019985299880e-01
8.600206393385713133e-01,4.202320149632323143e-01,4.235279268364677829e-01,9.449404874408547927e-01,3.873371289457974154e-01,1.549773670695089978e+00,1.403535032180110331e+00,-1.924375520979807463e-01,2.632848766654796724e-01,5.329442452234277594e-01,1.881569889716692978e-01,2.273295373827078913e-01,2.383296259431123484e-02,4.557664980388040910e-01,-3.106795333768385195e-02,4.779281668043097731e-01,-6.279281526065444430e-01,-1.204150249262650574e+00,1.200192039559052071e-01,-8.118389796896794408e-01,1.125622309836257440e+00,2.835805911138902444e-02,4.040441465631575690e-01,1.151460675990739535e+00,1.373170318400279422e-01,1.386856441112346960e+00,1.330417743336537617e+00,1.665549071506984724e+00,1.128005939489792331e+00,-1.481110399130233513e-01,6.181146669162973506e-01,2.862468896939108776e-01,1.024188126517724617e+00,-1.021416386427938416e+00,3.711746376668175751e-01,2.575259762348441894e-01,-6.065829158120217279e-01,1.615133523583210273e+00,2.435429611392907201e-01
8.587157162593097581e-01,2.572476531190290849e-01,1.824192320209125473e+00,5.245770767396625844e-01,-1.348806841679513480e-01,6.491943794480131702e-01,1.333242672954289887e+00,4.031642431236108770e-01,1.408536791520275999e+00,5.920506594161157876e-01,8.655033271224376046e-01,3.649858723055023346e-01,3.957153164215626573e-01,1.872620814521098742e+00,-1.592701857336903670e-01,4.892994167406953809e-01,-5.149927460397031309e-01,-1.150934595727213461e+00,-5.794868728762311294e-01,-2.284030923513345746e-02,1.751057837391541083e+00,1.123620729388207229e+00,1.531062374851392960e-01,9.993673625120786941e-01,-5.290716066795997374e-01,1.301456921534106304e+00,1.524408758818194487e+00,1.716291772169307395e+00,1.139610115325076833e+00,1.495006983564084013e+00,1.097050725183600806e+00,1.618052730484758950e+00,2.192653757302737372e+00,-1.029153509766120189e+00,-4.060757464879907186e-01,-1.187835493671516446e-01,-5.899909337693864941e-01,1.402593984934858540e+00,1.188124753223970959e-01
-7.800893458895552524e-02,-2.165679585933345253e-01,3.018691490816224565e+00,6.949338336639204750e-01,-4.277927471471933973e-01,-4.208196774557950715e-01,1.392859575768377489e+00,-7.913107944732550303e-01,5.626588126248657229e-01,-4.773768809456147011e-01,2.711039221516509112e-01,-4.688480596726837812e-01,9.665492239796950047e-01,1.337403933198860084e+00,-4.097166469800948563e-01,2.102256164506171865e-01,-9.341292159047247246e-02,-1.026137145622268987e+00,-1.366162134613684520e+00,4.550424306943112382e-03,1.361455529508016626e+00,2.120221538379278292e-01,-8.215046550270298509e-01,-1.423059432417715653e-01,-1.798924125695792187e+00,-5.529039328156415412e-02,-1.021320763786336960e-01,1.685313676723682597e-01,3.394461310941727650e-01,2.197894734869637823e+00,5.533337633424367796e-01,1.901237727800963784e+00,1.785623560940199805e+00,-1.115460605013025130e+00,-1.221875504688221481e+00,-1.153106260729069188e+00,-6.771646126997505899e-01,1.600747338358975647e+00,3.103223384145998853e-01
5.482297863925699767e-03,2.238277991231586994e-01,2.851166499908023066e+00,1.527391513954568847e+00,1.554185902474910230e-01,-3.453152272918048604e-01,1.525832943992319946e+00,-1.298922265603759563e+00,-4.878839943023371983e-01,-5.465715982330751066e-01,-2.689241588128116200e-01,-8.283789012849472888e-01,1.738982677132687948e+00,1.949081942341095164e-01,1.298212291409365227e-01,4.874618339603299377e-01,3.199007837584545433e-01,-8.548681544041523139e-01,-1.474311804525258562e+00,2.970870142049222840e-01,3.520966048347460298e-01,-7.461700937569509806e-01,-1.271184710254241512e+00,-4.181083262277444645e-01,-2.089869387965512804e+00,-9.320700622375338584e-01,-1.070628678011714463e+00,-1.144016432234616909e+00,-1.112533199970437758e+00,1.028096496071857491e+00,-2.218732141478562958e-01,6.773770176813379562e-01,1.087759126958050659e+00,-1.092986578969703526e+00,-1.606569592094555299e+00,-1.565525686159319196e+00,-4.750773203854375959e-01,2.178535317101099711e+00,1.592363640700643623e+00
1.274622197595471018e+00,1.313091436781877785e+00,1.513518324366473378e+00,1.893378727497863734e+00,1.095536537246654341e+00,6.593473139000531891e-01,9.537520805365761190e-01,7.981109701498834141e-02,1.970171171121442300e-01,7.909885585053353374e-01,2.761499203594753316e-01,-5.674836441429385175e-02,1.656104680008069430e+00,1.554990479651060797e-01,9.546926324969511324e-01,1.298405337951038074e+00,4.574460806415583392e-01,-1.234243708393604512e-02,-4.504297842540742058e-01,1.190983581175836248e+00,-6.497134699695031324e-02,6.275984867164415004e-02,-5.374218691136578574e-01,6.543101707600702532e-01,-6.922352053284455131e-01,-2.309411272293295236e-01,-2.086493757094950996e-01,-7.336712115300336734e-01,-1.629429049151444708e+00,-3.945845362484449725e-01,-1.599365619189403731e-01,-2.334656324000402017e-01,1.153151458518913541e+00,-5.843484201855159155e-01,-7.676439774497338941e-01,-4.147239694579292202e-01,3.601737355823791953e-01,1.947733592873507558e+00,2.431853178883578881e+00
1.861083688713221163e+00,1.502410356295048155e+00,5.270547617800881435e-01,1.311778605397712072e+00,1.448052745968272159e+00,1.387987922228735682e+00,-3.425527208157991277e-01,1.067843425782379896e+00,1.401265487844812307e+00,1.178461088155598802e+00,5.871996202554720101e-01,5.445663963885950531e-01,3.189821576816170290e-01,7.705740936866757318e-01,5.580877075898623696e-01,1.279912026521786483e+00,-1.557285260296721319e-01,1.205198859647692577e+00,1.012664413235649263e+00,1.566433179609307835e+00,5.560055363424849517e-01,1.614267475217526115e+00,1.616253768046516381e-01,1.418986797803441391e+00,7.345134161881853307e-01,1.000230192425595410e+00,8.488314838869603918e-01,7.412221032687539291e-01,-4.154248129178438331e-01,-2.169197101877856637e-01,6.291670615564012303e-01,3.075234897949874480e-01,1.497981794522021959e+00,7.658600513610673566e-02,7.885704560875219649e-01,1.113658868009523406e+00,1.250253219482442946e+00,8.162788432773437908e-01,1.622485756308596150e+00
8.129538575662029753e-01,3.337374130622203783e-01,5.697554894317865548e-01,4.276899644034367620e-01,9.532024846210535030e-01,1.049872827705577105e+00,-1.062217910240638608e+00,-1.297847597210750603e-01,9.660213751381919733e-01,-3.535903888085873970e-01,-3.275250546516798034e-01,-2.730247582485351154e-02,-1.048673454034532604e+00,9.009993967762819356e-01,-9.800569492711218578e-01,-1.874600570501709640e-01,-1.333139704267659820e+00,1.372823313771355469e+00,1.538642064197088155e+00,6.563502829239670211e-01,1.319041513279957112e+00,1.694640495629793797e+00,-1.149134518092261720e-01,8.527408677731512787e-01,5.201172095313773003e-01,1.236364123118959046e+00,7.510810876086552179e-01,1.431845479042254787e+00,1.038604624275555777e+00,9.172038538960610721e-01,9.167574917075872465e-01,9.523877365453207178e-01,1.318044879575286821e+00,3.189501755766744329e-01,1.357736614579628798e+00,1.080352775994172676e+00,1.054189733697969311e+00,-1.963194272955922151e-02,7.980593470148820978e-02
-4.620756596005342054e-01,-7.664655319115524224e-01,8.131365345070247219e-01,-1.825001996640744362e-01,2.611197330862732313e-01,-9.511501933173623774e-03,-3.530411343954248937e-01,-1.761234151313876284e+00,-3.659927097970162024e-01,-1.182646366955106831e+00,-7.614910594619196393e-01,-5.145839382455711375e-01,-9.436516216416804825e-01,6.093740084751835262e-01,-1.461629908726457261e+00,-1.428400716616365917e+00,-1.687304613202035064e+00,1.865617250345599776e-01,7.277247617470308239e-01,-4.969656125077975828e-01,1.273629359951962359e+00,2.817104478321580396e-01,-2.801695567171118006e-01,8.898006026174305749e-02,-3.625691195696387203e-01,6.031865507378780800e-01,4.440971389584072448e-01,8.895795503201888721e-01,1.224608718895857873e+00,1.103911003889263442e+00,3.104824197681854137e-01,5.974521094484039896e-01,8.429441815146202499e-01,4.101425108929266927e-01,4.883784018897834867e-01,-2.168895006774493317e-01,-1.108265273290934133e-01,4.261616376810446749e-02,-6.900822155225169174e-01
-3.815465907079487740e-01,-5.372697185222276017e-01,5.910142187737036368e-01,-5.476467416867702998e-01,2.033442267814723203e-01,-7.507103465203450732e-01,7.052676307819116808e-01,-1.453541706548233226e+00,-2.629262709872514092e-01,7.060868250556275871e-01,7.507550720766404950e-01,6.292764532070236339e-01,6.121345378790059577e-01,2.056770973511715117e-01,4.258797771764540330e-01,-6.611700479854394352e-01,-3.496277900802733374e-01,-7.078008135588536032e-01,-3.328189769804081322e-01,-4.897254056093054420e-01,4.414094193169903479e-01,-5.513629504112435020e-01,6.739493324268602814e-01,1.440150007434636836e-01,1.550116643703021435e-01,2.213115697139445004e-01,8.985537384054752552e-01,4.766771733786725473e-01,8.507561151143809841e-01,1.315337401784357485e-01,6.516748020280183074e-02,4.219102241658825858e-01,6.760139738136741183e-01,1.100507754319475673e+00,-3.950590739403622709e-01,-5.987659838924962452e-01,-6.679258509139024413e-01,3.318306897180714476e-01,-3.631013556972954581e-01
4.610392010673688423e-01,3.030352597843412044e-01,1.318361754776984085e-01,-7.233868157958948109e-01,7.806560178603471067e-01,-5.371157931634746863e-01,5.954944144226412828e-01,1.947651066660059105e-01,1.039397553951982411e+00,2.920441052623272249e+00,2.142596177105454469e+00,2.309443787916667379e+00,2.084134336766171103e+00,-7.046902472440640386e-01,2.790248868950842009e+00,1.059224296085754302e+00,1.236861383710835538e+00,-2.213802445707743205e-01,-5.738807705137687343e-01,3.190944997276719541e-01,-6.615119636393600455e-01,1.232742236025447941e-01,1.363759221552851120e+00,9.337878611316677291e-02,1.713493466413103850e+00,1.447359851282568888e-01,1.100348120629007775e+00,8.712242845856837947e-01,1.035347300176941543e+00,-6.085394882049386389e-01,8.943612537236216298e-01,1.190145092390866299e+00,4.976682665458951327e-01,2.096901829432572750e+00,-4.934281480659809538e-01,4.654811828448390809e-01,-5.756231735515157655e-02,8.308074186334521091e-03,3.619268447778152820e-01
2.743813900567931285e-01,1.432430884703968232e-01,-5.298387083146820498e-01,-6.845289654923134570e-01,9.474706377511412647e-01,2.114572308623104691e-01,-3.518295695521033162e-01,1.128040668311354633e+00,1.093070315238904522e+00,2.100158124174373864e+00,7.071062816656197292e-01,2.057555474040744237e+00,2.125582103334426876e+00,-1.902070260102237453e+00,2.696642812282665336e+00,1.212057223636350045e+00,9.487821905251826449e-01,4.625235115013732190e-01,-2.037920420151093093e-01,4.782575633823069050e-01,-1.602341866033158979e+00,8.920401157015553917e-01,4.918724714497683947e-02,-9.373713571453213822e-01,1.827953061579898897e+00,-5.393965963190918700e-01,-3.390241747801007316e-02,8.267717556468371365e-01,9.452146934065447370e-01,-4.874333536059735628e-01,1.286432800422888212e+00,1.109533503953953781e+00,-5.009331863798800466e-01,1.947915873289064237e+00,-7.124197305463779717e-01,9.940165985661219006e-01,2.121678656358400028e-01,-1.061401143226601951e+00,5.637132479028122978e-01
-1.204901631819972341e+00,-1.154199456206144170e+00,-1.631553777585073028e+00,-7.130434102461713497e-01,-1.072106236632993231e-01,6.035559752031312009e-01,-6.642712576122945523e-01,1.114353249677568769e+00,-4.785606962490391303e-01,-7.526691015038410315e-01,-2.110175334305829153e+00,-8.739226486571889663e-02,9.826062219259523722e-01,-2.033201980127908204e+00,1.196719153109992856e-01,-2.784188292819922972e-01,-7.970351063881627729e-01,-1.039481356868960510e-02,-3.643298315611258158e-03,-1.969718032646018691e-01,-1.906177716871816141e+00,5.318878283644038474e-01,-2.057851443850069018e+00,-1.693109882977943625e+00,-1.228380113448892114e-01,-1.709891427648592810e+00,-1.460977840444068532e+00,-4.863105810932916717e-01,-4.918474306420064224e-01,-1.213365512471197144e-01,-1.607146368968881966e-01,-1.000591874664530589e+00,-2.018316213297782546e+00,1.232966451915629424e-01,-1.386755611718444081e+00,-1.084287570063316025e-01,-7.221932516411405656e-01,-2.246905677460627082e+00,-2.514677277882065853e-01
-2.255039627954726900e+00,-2.014548355192411488e+00,-2.443739303663528872e+00,-9.833429598302856345e-01,-1.506041650081440864e+00,3.717115121620819251e-01,-2.289311734382741270e-01,1.273537495857074209e+00,-1.257313728334783054e+00,-1.895057418360169166e+00,-2.446191395454714090e+00,-1.417404016367495023e+00,1.641735975410849729e-02,-6.755010560951185683e-01,-1.951725243387465003e+00,-1.001428077954575890e+00,-1.422879025262942188e+00,-8.783544215340411965e-01,-1.136457231072943996e-01,-4.532955854094339876e-01,-1.336077597172121711e+00,-8.015874685667118138e-02,-2.099901486739752077e+00,-7.046512469498583675e-01,-1.589274793572945432e+00,-1.917725546258421732e+00,-1.510926620257552422e+00,-1.572522704422006701e+00,-1.976395458962807217e+00,9.696669266849795854e-02,-1.882633829493625566e+00,-2.775237683762844743e+00,-2.578407624370857576e+00,-1.652306963742699253e+00,-1.223523721167396161e+00,-1.168989735842904221e+00,-1.199474207235557754e+00,-2.428446023524867048e+00,-1.381309735425791496e+00
-1.547472817037519377e+00,-1.317985602390465028e+00,-1.817100905583369563e+00,-9.856485052024100968e-01,-1.494836053852032443e+00,-6.006850639187017588e-02,-2.999876306236060608e-01,1.586523690470359016e+00,-1.125658184457319494e-01,-6.413004197273236562e-01,7.021990669254600526e-02,-6.168714752258365186e-01,-1.071777908148437153e-01,6.706042144033803609e-01,-1.526029272094228784e+00,-1.028840026313504463e-01,-1.073686549139832259e-03,-6.559484161170023864e-01,-1.591345291123973382e-01,2.122515710143461909e-01,-5.236493564977805493e-01,2.527204810617658115e-01,1.477984903317279830e-01,1.011939547454631771e+00,-6.248278915094017671e-01,-5.433913546838582409e-01,-3.590332880918407077e-01,-8.438829108749434926e-01,-1.568180612478367930e+00,2.745566376546642040e-01,-1.355882519393521779e+00,-1.683422867321062721e+00,-1.522486329735367461e+00,-1.314034223316815408e+00,2.538358427365901004e-01,-5.724103872272030546e-01,2.210026773674201306e-01,-1.028278623249665902e+00,-1.308423029519788505e+00
1.101474802857396462e-01,1.782088762953731587e-01,-3.196152583058448626e-01,-3.497672954742913620e-01,-1.562304714089581339e-02,-4.440258462650882865e-01,-1.089332454832496522e+00,1.068068374937805265e+00,9.886005605296557253e-01,2.514036040635730940e-01,1.900265027325503286e+00,4.955594537381952103e-01,-1.908527803274126244e-01,7.801376704314194610e-01,-9.779468919430484367e-03,3.487716231257211863e-01,1.422000970395725705e+00,4.019549170677209071e-01,-5.137834142312200369e-02,6.982648046959759602e-01,-3.214492313199174278e-01,8.109054897439232912e-01,1.887783685430562297e+00,1.414136344609782991e+00,1.139896792747980392e+00,1.100557986846695036e+00,6.382098925674721812e-01,5.961128523176952854e-01,4.200999444630199725e-02,1.324934525599363866e-01,7.620679120221937053e-01,6.136264743877958283e-01,-1.632862311822973478e-01,6.972560471783393332e-01,1.464406437615519030e+00,6.946515468705913854e-01,1.927802979884862156e+00,7.942112921270405579e-01,1.754987400840242462e-01
1.037406268601207993e+00,1.090161024135052337e+00,1.395073309091902636e-01,1.561633776160566145e-01,8.698293175854231452e-01,-8.227458742833868577e-01,-1.213429299974179809e+00,-2.003484161377057649e-01,4.381980322791859672e-01,-3.778401659857404393e-01,1.202596138150411997e+00,2.039466172783026832e-01,-1.034704860175692742e+00,3.562035842228600813e-01,3.117525677507472226e-01,-9.671289358142076686e-01,1.067396213327654220e+00,8.894219653710925266e-01,-6.514803063281673738e-03,9.809960667176459426e-02,-4.402791044760546724e-01,1.969932089468610370e-01,1.476870051370239967e+00,6.913655262041461524e-01,1.179273565261458101e+00,1.576264974599812296e+00,1.068030970640261756e+00,6.465634858228447301e-01,6.847269946392080531e-01,-5.903427998359616069e-01,1.484425737303227910e+00,7.889843335423419868e-01,-4.532880928499778000e-02,1.880657219752486675e+00,1.377352263482065853e+00,1.004871929025443089e+00,1.619976628837259458e+00,1.096882000404458379e+00,1.164485119787842304e+00
9.064950033203703628e-01,1.238774747850693636e+00,-6.908852757958032775e-01,-2.406531720984603495e-01,1.481827016458711795e-03,-7.499551555633571231e-01,4.849446030215624065e-02,-1.039458032847215829e+00,-4.008560194158648504e-01,-6.155142820193466591e-01,9.755781322190663907e-02,-5.754082900592407679e-01,-1.889875474262387112e+00,4.560256888004874942e-01,-3.465959765620628130e-01,-2.107250589154837428e+00,-2.656365165543112666e-02,4.740031415251805824e-01,-3.413523443289560172e-02,-8.722690325876325534e-01,6.129504157930164288e-02,-1.068357278263639465e+00,5.303373849025243558e-01,6.357413880226641112e-01,8.772749503028016982e-02,1.099271061515921799e+00,1.309888297865043905e+00,-3.338056734211485854e-01,2.618387616234229553e-01,-1.155055885311706110e+00,2.306407953212855355e-01,-7.549234607734365277e-01,-6.992395201300205532e-01,9.860070054467570122e-01,1.113768714406179638e+00,6.989061656116007937e-01,3.204391533084698790e-02,-1.824666981415276890e-01,2.421889762319215100e-01
6.757875984251833223e-01,1.289881595909679879e+00,-8.971138465536667717e-01,-5.914626072557422898e-01,-9.070847659827914189e-01,4.288951054586934153e-01,1.515857568081853346e+00,-9.343726006967373321e-01,1.674454459723709876e-01,4.177030902253098810e-01,4.131788451032523679e-01,-5.236834129298524321e-01,-1.474815317580267626e+00,7.887342857186969702e-01,-1.569585388125680492e-01,-8.021625961821390316e-01,-1.077466164387182700e-02,3.498532224161409604e-02,1.128816211562690547e-01,-9.766896482044011840e-01,9.075223435814930850e-01,-1.158434264768094746e+00,9.080412613911701403e-01,1.265966323160366613e+00,3.059616455397780599e-01,5.795120877092680978e-01,1.078451202930727160e+00,-3.656013969559292476e-01,3.188200757489916271e-01,-7.527950440328606829e-01,-6.332807003277389768e-01,-8.500532216617742165e-01,-4.602690139533333058e-01,-5.828418000204785843e-01,1.452655745089706629e+00,7.983612410843056173e-01,-4.472943194497521757e-01,-1.012363221085026410e+00,-1.267870912995604060e+00
6.810533031662910908e-01,1.159005187183572927e+00,3.526750258729411391e-01,5.783978608261649557e-01,8.868627974324798380e-02,2.059669388689391312e+00,1.737698992370193096e+00,-4.716818880730597741e-01,1.065843653445290640e+00,7.701788404172458247e-01,7.509212116734791387e-01,-4.002489202411822489e-01,-1.311554037550903828e-01,6.069144690721440805e-01,9.618212762648734593e-01,1.918994021863148713e+00,8.565831289923383496e-01,1.283588311431407836e-01,5.682032100656860818e-01,-1.566390839994644679e-01,7.990569097455051395e-01,1.021708319236916546e-01,1.736167843518297893e+00,7.611202247257130571e-01,1.723322093306290936e+00,-4.634413760852810343e-02,-1.720376553030851241e-01,5.008009973279059501e-01,7.653906397235231696e-01,-1.622855145145681369e-02,-2.442227952789561285e-01,9.198865232767240441e-01,7.386630395469874211e-01,-1.090401422614074578e+00,1.159738189081514159e+00,7.553198547281412267e-01,2.735193098537188061e-01,-4.121496597064589484e-01,-1.334542247769406886e+00
1.675006714787964923e-01,1.637281876622712906e-01,1.285363552221887806e+00,2.428299693436250628e+00,1.811213521217454936e+00,2.242940744149548138e+00,6.821042306214140094e-01,-1.811719332951194361e-01,2.845336388062403854e-01,-5.892181667791184241e-01,-3.998660784052863737e-01,-1.163694674170466570e+00,5.293918029092747890e-01,-5.532582088140133164e-02,1.174039699103160972e+00,3.137715399284392248e+00,9.965838741045500715e-01,5.041909586499186968e-01,1.108402176445806520e+00,6.168556500063141490e-01,-2.901022454413142437e-01,8.743766588166493881e-01,1.067616585595214440e+00,-1.094170783245596690e+00,1.681729638007362526e+00,-1.193504533405281620e+00,-1.768001866228992469e+00,3.184294433249924006e-01,1.142814722788643989e-01,-4.230176243298173350e-02,-5.216039659573316056e-01,1.658113212587299490e+00,1.119112112327304009e+00,-7.065891815353538830e-01,-3.855381077486744745e-01,-3.223068034237543955e-01,3.667165471439251534e-01,1.012008955235017965e-01,-3.261666256588539037e-01
-1.006821250410512292e+00,-1.287971042858908621e+00,4.717102342822432903e-01,2.337560964615013059e+00,1.544428704833391341e+00,3.769617582562685421e-01,-6.865598072676450947e-01,-1.913400744300502998e-02,-1.557839691465134235e+00,-1.520595284826760540e+00,-1.620152713799579702e+00,-1.527965858190817761e+00,1.251388952145301436e-01,-8.348434840490913666e-01,-6.718405791162102014e-02,1.973273760809153510e+00,1.393164187385133035e-01,7.293206690271725190e-01,1.210634243104712349e+00,6.850425910627083725e-01,-7.941731601715225075e-01,1.928427426907020348e-01,-8.632737342771480415e-01,-2.062497285646080147e+00,-4.733498674995756383e-01,-2.091111137208073512e+00,-2.264314050403831935e+00,-1.049448150550305270e+00,-1.276225025986943873e+00,-4.382332368919357179e-01,-1.987144651471209222e+00,1.220148773651139468e-01,-1.546851267114739831e-02,-5.344475455142968512e-01,-1.359992735611406767e+00,-1.468031965176176845e+00,-3.920516954769109330e-01,-6.241677432846246543e-01,-5.368692542958733958e-03
-1.562656186311137674e+00,-1.670286552035798122e+00,-7.624207340479390860e-01,-1.746554996593875642e-01,-6.876460425375728880e-01,-1.524832498702119343e+00,-1.517618229947091502e+00,1.020285166305774927e-01,-2.004038255132329471e+00,-2.988748558309792247e-01,-1.080071488257319468e+00,-4.642920964714779969e-02,-4.221086956519670697e-02,-1.419220654585960029e+00,-9.921476507850426341e-01,9.814770645711651254e-02,-5.902564371961419587e-01,4.930105445971129097e-01,5.272835289115038737e-01,3.043839314995487322e-01,-5.392790073737066536e-02,-6.237984085989100036e-01,-1.944580382140125296e+00,-8.871584173177974320e-01,-2.011862765257665941e+00,-1.516373830601529749e+00,-1.336264154226193712e+00,-1.419344107015306333e+00,-1.350712221200530250e+00,-1.175066921135024117e-01,-2.141825226879678024e+00,-1.447639184584211591e+00,-9.227828457063356193e-01,-7.003266242789760732e-01,-4.749418039642470668e-01,-1.163533399882619834e+00,-5.105673320418275818e-01,-1.188249063904969427e+00,-3.968791749640256938e-01
-5.666938525423916850e-01,-4.788058785174195697e-01,-5.308673564606037898e-01,-2.292110145134511612e+00,-2.109583935473192007e+00,-1.391379502661680645e+00,-1.448431349494848641e+00,1.474122131031234684e-01,-5.302201979890852623e-01,1.228235415289498533e+00,9.917178085413862199e-02,1.741844797036501857e+00,5.941660260324932441e-01,-1.051144073567800374e+00,-4.877760765732458426e-01,-9.861074020697314646e-01,-6.294195017009445170e-01,-1.872504957289932714e-01,-4.569593283910521886e-01,1.906372572676116872e-01,7.014382125882518970e-01,-2.140474732233537680e-01,-1.219568695182625673e+00,7.159891966852245382e-01,-1.108339850190767972e+00,1.161582945881841356e-01,-9.869802497945751041e-02,-2.871040519588516013e-02,8.308535636224693988e-02,5.295834022788975526e-01,7.431216269462108392e-02,-1.148123478898507077e+00,-8.657768215650075982e-02,-6.935338156433118462e-01,5.621688468749198586e-01,6.358938175584065433e-02,2.528058791557748486e-01,-1.420829966069895867e-01,-5.815181933454732083e-02
9.879047355003772735e-01,8.996783075088800041e-01,6.405252878005109896e-01,-1.806706124526140211e+00,-1.525368748669853280e+00,-1.367062095591119707e-03,-7.823264423786868704e-01,2.962899762061094178e-01,8.133170598114307648e-01,5.915675954670140957e-01,-2.558952052979023284e-01,1.245068911108671905e+00,8.315148367108002869e-01,6.846070468160238010e-01,5.321832469186712350e-02,-1.236060386553704316e+00,-4.183971738731639967e-01,-6.362864140631121490e-01,-6.937682591953383548e-01,7.514402451889643508e-01,5.762934673401026719e-01,7.158011991948627362e-01,6.919649422952497964e-02,7.505195912531978930e-01,3.303668026848817774e-01,9.815603883066692514e-01,4.372864335583924178e-01,1.105314290819489509e+00,9.331268869917904718e-01,3.435547342232096457e-01,1.760111156326930271e+00,3.918365120592676859e-02,1.303219148759108492e+00,-6.952205262875073011e-01,1.030212923458111336e-02,5.612491210333770963e-01,7.026503873840661551e-01,1.238923954664144622e+00,1.081318509402343198e+00
1.471453689643658969e+00,1.130991697502369719e+00,8.933859004412781912e-01,-1.212625394406557089e-01,-8.465843319164675362e-01,3.304949933815703456e-01,-4.015581789132894874e-01,7.721051716565433543e-01,5.294542287800240166e-01,-1.191486179126631351e+00,-1.542632930765130306e+00,-8.640983125641261697e-01,-6.023085595346251708e-02,2.224842387240895558e+00,-7.282190777915634738e-01,-9.095250682371204265e-01,-1.949971532208605030e-01,-2.398433595952805808e-01,-3.268693222781086233e-02,1.491369141634136142e+00,2.866305157344168353e-01,6.179077411619587901e-01,4.784589428238533171e-01,-2.806064222659591656e-01,-3.924206188043764115e-02,3.451438035268228899e-01,2.875123229999207441e-01,5.401008363530397371e-01,3.516725777620373639e-01,-2.089162518447891248e-01,5.844000047902416783e-01,4.885045853627227874e-01,1.136641135636431876e+00,-1.129792488169189868e+00,-7.762790110747731509e-01,3.060003962786134180e-01,6.579384662706817544e-01,9.827855969412119252e-01,1.563649597273915726e+00
7.712540246305511493e-01,5.413748867316864333e-01,-4.925496406030282354e-02,2.853831518642273024e-01,-1.463086683030494495e+00,-7.391231671576654616e-01,-6.451411097759628399e-01,1.286363695420076336e+00,-6.100041761623643533e-01,-1.264985132067840690e+00,-1.328205046866377081e+00,-1.421237562597692738e+00,-8.372518257651980766e-01,1.270993210301072596e+00,-1.617146038446130030e+00,-6.251268736440999257e-04,1.908352798207724188e-01,3.002435156349896883e-01,2.333143250644583444e-01,1.221991427492570503e+00,2.961697479330339666e-01,-6.441168663405333339e-01,9.918339613892856663e-03,-8.195720146619966950e-01,-1.284162082113872172e+00,-6.056014324916415559e-01,-1.126923680578579001e-01,-5.365441952274262460e-01,-2.303816573323124728e-01,2.475514970747395849e-01,-1.295728636515945054e+00,1.671775850638363148e-01,-4.290612731403517510e-01,-1.421696153570233490e+00,-2.195628445263935261e-02,4.439270694457024269e-01,7.790334713066471295e-01,-3.074866237862416973e-01,8.875574244786057498e-01
-4.196286235687054361e-02,-2.192984532126910843e-02,-8.698733047632456472e-01,-4.382259753310231987e-01,-1.805535459076975213e+00,-1.420833775051073777e+00,-5.600971309154588740e-01,1.120215079825739091e+00,-1.322991309589373721e+00,5.428116807771797836e-01,5.217760305839196366e-01,2.736820591314482187e-01,-3.487300531993093866e-01,-1.672229912416421271e+00,-8.019021573450473284e-01,9.230058935677589727e-01,3.883120545651805311e-01,-2.422771684094698896e-01,-7.496005916926572477e-01,-5.299653466809256530e-01,-2.678336069299239175e-01,-1.881680225851708022e+00,-5.961727651320892774e-01,-8.916478934718539140e-01,-1.186232881789434090e+00,-8.009200741830160286e-01,-5.660609948416571724e-01,-8.420953139138469545e-01,-1.549769579604019232e-01,1.134965334189690811e+00,-9.449238853940495897e-01,-3.698977122826203612e-01,-1.405302760111046823e+00,-6.215886357528447315e-01,8.131803196828891744e-01,6.814753054284793388e-01,3.694033550869649241e-01,-7.164841600779494613e-01,-3.173599616705205517e-02
-5.855127201188313757e-01,-6.543633633233303382e-01,-8.423772281794766892e-01,-5.119862217494927092e-01,-2.110819937759061959e-01,-9.060352685040565790e-01,5.882472415289313750e-01,-7.097092966472451359e-02,-1.460039058452542005e+00,1.682295241175719491e+00,1.490875056036232493e+00,1.460052605498585843e+00,4.061929724324339630e-01,-3.229306287876112069e+00,9.426667166029032430e-01,8.082074154887826101e-01,-1.565784096272770654e-01,-1.329784550740759075e+00,-1.663664167994475918e+00,-2.401076866261829590e+00,-1.534109641432624738e+00,-2.169888274151227314e+00,-1.057132165384038203e+00,-1.381368324085836763e+00,-8.451264666081587107e-02,-6.846160117159507674e-01,-9.514784731188551392e-01,-1.064076839577053679e+00,-6.216931253033485261e-01,4.826932844651659615e-01,4.536393835477167125e-01,-1.088196969948251658e+00,-9.819380107077833042e-01,9.321489902200693622e-01,-5.452420217053216556e-01,-3.137670796153239072e-01,-1.575100670890917209e+00,-3.195098755260349921e-01,-7.486299634375297440e-01
-1.227695704762854945e+00,-1.531752686402397812e+00,-3.953098835355735585e-01,1.564806837001700424e-01,1.942967872935690510e+00,-3.984291082442242282e-01,1.626304708552935407e+00,-1.657746227608551948e+00,-1.214832118194134836e+00,8.849992211258532748e-01,3.611848105169706002e-01,4.100911291197376629e-01,-6.423585599578503225e-02,-1.601464110492835324e+00,1.370122510633915880e+00,-4.227949171874910150e-01,-9.636096441121153600e-01,-1.018078122059040691e+00,-7.090592038761505123e-01,-2.431325094153244049e+00,-1.748727439795100480e+00,-1.390237055085871809e+00,-1.337618004449187437e+00,-1.708727735061346342e+00,1.014872538239101063e-01,-8.327227962503722658e-01,-9.566540546262892741e-01,-1.796620653982558213e+00,-1.770243874210556401e+00,-1.491262250212624929e+00,6.931026123892272683e-02,-1.605595897966099139e+00,-2.243495969826998226e-01,1.833113675769868056e+00,-2.700039275966516161e+00,-2.009204589273877684e+00,-3.410775119932960120e+00,-5.181924578594642172e-01,-1.529380410004239854e+00
-1.598496944151040156e+00,-1.702287645833368446e+00,8.999177689368552391e-02,2.281920734527529138e-01,2.187553181465896390e+00,-6.185636156325922119e-01,9.987382925366545816e-01,-2.376005046515484054e+00,-2.839163841503384855e-01,-4.167802956832351580e-01,-9.894442138899856021e-01,-1.109206604265646323e+00,-1.189174061662406245e+00,1.100191433787018447e+00,3.121233886724401052e-01,-1.486227501000912943e+00,-8.518876038760552216e-01,8.060935963963044015e-01,1.378912538991652337e+00,-5.831099913007978808e-01,5.964033460586911500e-02,1.486514751134422052e-01,-1.035947971358611719e+00,-4.202189763677932066e-01,-5.253795870077863084e-01,-5.805046247087648492e-01,-2.796445238194948946e-01,-1.720985450068079237e+00,-1.626253450138968715e+00,-2.201323716810535291e+00,-1.322426866338830775e+00,-1.010524514172423949e+00,2.535475473538478797e-02,1.451873788615545946e+00,-2.269514067958385617e+00,-2.094707959738542069e+00,-2.360221464290992444e+00,-9.658964780345535850e-01,-1.817593231734926817e+00
-7.427848804851309161e-01,-3.037654815610558723e-01,6.366642773382970022e-01,-1.996499629691402267e-01,6.504872686546600002e-01,-4.385103733322759378e-01,-4.709545115615818012e-01,-1.508083274312691735e+00,1.166375633592830585e+00,-7.930662713366699590e-01,-6.058748312163326766e-01,-1.054238449636989650e+00,-1.269782045795498471e+00,2.138751211720984813e+00,-3.201318646138169299e-01,-1.297840720467449360e+00,2.633985097787069352e-01,1.751232571544340644e+00,1.997054735622473709e+00,1.080450123026998055e+00,2.030782101155585107e+00,1.698599288531277507e+00,8.509718952769153300e-02,2.086143724198330052e+00,-2.593949256026986672e-01,7.215087854355902719e-01,9.563516406305228035e-01,1.333228154925981124e-01,5.633410666010527645e-01,-7.294679096126043261e-01,-7.109564511833207368e-01,5.671159771605359667e-01,1.394508665586264573e-01,5.010179905854714733e-01,7.122093708052127381e-01,-1.206793429786773286e-02,8.439206715405436210e-01,-6.651051932477670958e-02,-6.364035919025342602e-01
1.011881436354836961e+00,1.645824320797073304e+00,1.024295878607797583e+00,3.205777943464404034e-01,-4.902917706099736428e-01,9.252914559489758828e-01,-5.449739647228072359e-01,1.654318749018020840e-01,1.876681925620538927e+00,-6.610388504119046882e-01,6.950210008082211566e-01,-1.535495352887903120e-01,-2.126603474559055906e-01,1.569849010712649928e+00,1.480623675623911339e-01,-2.254739199959542306e-01,1.059088048645752123e+00,6.138417800413681347e-01,5.019730706383143115e-01,1.124247502896240869e+00,2.030131866603548829e+00,2.226679427135457967e+00,1.266457980748640688e+00,3.379212549532904841e+00,7.405436878202936724e-01,2.044426355720934119e+00,2.000553029108617764e+00,2.103129955409634544e+00,2.494976584523813212e+00,7.373568263044935067e-01,1.674803980581794249e+00,1.679280906234170923e+00,4.455656655524234400e-01,-2.110033137638122058e-01,2.701049124607936669e+00,1.838272391978602371e+00,2.317286621083591847e+00,1.797865006642915819e+00,1.329945862696322090e+00
1.891960553505650955e+00,2.219470571159134042e+00,8.924836531133013562e-01,1.663857222578517536e+00,-4.051742147917231640e-01,2.102322540728290168e+00,7.984186834045956527e-01,9.945259247379706347e-01,1.014135956965240171e+00,-8.103101641723435833e-01,8.653296389787739074e-01,-4.368624382898614322e-02,5.243477886952032652e-01,8.845718226408197937e-01,3.075591118888937880e-01,5.938687350385274399e-01,6.619459484636114333e-01,-5.684466083767819589e-01,-8.008228347694638094e-01,4.191149461380289098e-01,7.525850092048643747e-01,1.453828314690245760e+00,1.355826158310623697e+00,2.020588583821344209e+00,5.015737610995700813e-01,1.783842949673082323e+00,1.887347287085621605e+00,2.027947670166081462e+00,2.053667208023877144e+00,5.236384545785556233e-01,2.477962583326544621e+00,1.509077595965940821e+00,5.471213248264608087e-01,-5.666893070930903997e-01,1.827133001036679527e+00,1.371183271256001479e+00,6.571585763365256350e-01,2.366764409593927532e+00,2.092810611785285158e+00
9.869250993535771954e-01,1.067688395796981826e+00,4.004901331109919638e-01,1.851811642556172810e+00,-1.864600148574927230e-01,1.447660417592573578e+00,1.216834799951158397e+00,3.539330623823407351e-01,-4.286977983494740241e-01,-8.757061070974968553e-01,-2.475318843537052949e-01,-4.204723491987405470e-01,3.318036686116419554e-01,3.180907439152927951e-01,-5.358675870110649608e-01,6.092116524136500511e-01,-2.095355753645735120e-01,1.197455192625618836e-01,-2.395942942988444901e-01,3.554062313662172401e-01,1.998323582534359266e-01,3.162704875522875936e-01,3.014794351416690277e-01,-5.783796386486128593e-01,-1.116973169848010317e+00,1.360321976723706527e-01,4.753467901782446048e-01,4.122426253429718468e-01,2.931440260419512223e-01,-1.400248846406460246e-01,6.367548009791492714e-01,7.616511469296503023e-01,2.750969780641349671e-01,-6.261550539522188208e-01,-7.435069184850390256e-02,-4.548874253782687060e-01,-1.197941240080288017e+00,9.844636429518109910e-01,1.107171950212531897e+00
-4.943908187334131177e-01,-3.809203765268608377e-01,1.531911721913136598e-02,2.351877497803880057e-01,-3.735130491189609381e-01,-3.950202372679039731e-01,-1.137818159870738755e-01,-5.914455998566973127e-01,-8.475066990866706451e-01,-2.378188870488402995e-01,-9.250399855757046597e-01,-4.138529288603411127e-02,4.342362078585053353e-02,-5.635572607218649610e-01,-1.042061589699443402e+00,1.498277560514283402e-01,-4.773064389830600218e-01,1.242476266461860046e+00,7.784681847164546253e-01,6.385301824599063369e-01,3.931350971991073306e-01,-2.597883531612086294e-01,-6.748199361327169576e-01,-1.977657932482356884e+00,-1.753689712934276779e+00,-1.038593696507725150e+00,-1.027209291060914742e+00,-5.720491301792741679e-01,-5.958673349683252241e-01,2.554632113717624220e-01,-1.131237600240275532e+00,2.024504195819655239e-01,8.060296572418571004e-02,-3.004052728554436058e-01,-8.769254568868323219e-01,-1.310103963172495112e+00,-7.834418925926125432e-01,-5.058915057404482774e-01,-1.290297540929662146e-01
-9.641799086822091525e-01,-9.830400499197085029e-01,-1.640465758026795340e-01,-1.268284877379465936e+00,-1.475800775254349495e-01,-1.355982450102076964e+00,-1.114097024758997412e+00,-5.095402511591047290e-01,-1.272337543418136097e-01,7.006010680812507774e-01,-2.382204384172667000e-01,8.261417367553570701e-01,2.231109469338552753e-01,-1.160213143998802821e+00,-1.932430962629677063e-01,-2.075463620709523671e-01,-1.811893438376386278e-01,4.805771163695535808e-01,2.768991809026829509e-01,1.403946468190746533e-01,-5.901832326414408608e-02,-4.519913776398802874e-01,-6.107204878299451467e-01,-1.452967948119631147e+00,-2.511675713637531726e-01,-7.085812738909532671e-01,-1.212356100485542321e+00,-2.780758092891549849e-01,-4.542135736035928240e-01,9.069692908375889262e-01,-7.901950266865094274e-01,-2.629373849661876261e-01,1.313477939871552647e-01,2.357424754781628218e-01,-6.983875512306391142e-01,-5.727448222865202387e-01,5.328234294337985677e-01,-7.188671440156426673e-01,-4.771929673983394404e-01
-4.214799023726185090e-01,-8.769966969850299110e-01,-2.834684834788534502e-01,-1.025992166536563666e+00,7.577504558019034775e-01,-7.361735189154501313e-01,-2.819241354071952976e-01,3.302772984742864959e-01,5.081693843500418861e-01,1.074496311007647531e+00,8.164072581966140829e-01,9.467804419179767228e-01,4.303300830242074992e-01,-7.192314581398284723e-01,9.443154751347444531e-01,-1.774819217700459306e-01,-3.451639779135550617e-02,-1.408764525437434356e+00,-1.122039374710994686e+00,-9.233630600595226223e-01,-1.068454676263580927e+00,-7.542254838315550769e-01,1.038913627344703189e-01,-2.189466836116830128e-01,1.501986980627778356e+00,2.154890664222470775e-01,-1.768133564884878384e-01,1.681805886265533845e-01,-4.197907346269616480e-01,5.161157038672953279e-01,3.685686941609712108e-01,-6.473255703009883621e-01,5.301197773675703218e-02,5.290866890080290208e-01,-4.089339476488782488e-01,4.942548763523424982e-01,5.827908414576001839e-01,-3.480901227254598052e-01,-3.998931229436175072e-01
9.454796163488042582e-02,-5.424923126233015536e-01,-2.722136579476137075e-01,7.694024789590933611e-02,1.254255004792100836e+00,2.750511912096192391e-01,9.354378393817938120e-01,7.160184347639761970e-01,3.821817783647176170e-01,7.505774586455119524e-01,9.794661586166084621e-01,2.883888620710230999e-01,3.354626080597273297e-01,9.814519173527183615e-02,9.792560807615015017e-01,1.284096929676155352e-01,-1.775169482296114765e-01,-1.836558844869035756e+00,-1.404834673995915217e+00,-1.231038008832065378e+00,-1.212421961133245629e+00,-8.807332316399150152e-01,4.975539123192492252e-01,4.287119998389317121e-01,1.533212817358971858e+00,4.818146785198011983e-01,6.454053028622448451e-01,1.237138112057759587e-01,-5.587395573877951271e-01,-2.931061103910013177e-01,5.134008462337485978e-01,-4.781518662230481720e-01,-1.943677654601692062e-01,4.432618692113250991e-01,-5.428444898126334045e-02,8.018676398715125497e-01,-1.572005902127714405e-01,-3.196013564680569297e-01,-4.799906047957235855e-01
