3.531577587127685547e-01,2.152915239334106445e+00,4.532259702682495117e-02,1.142015576362609863e+00,-5.895791649818420410e-01
-6.119655966758728027e-01,6.390200853347778320e-01,-2.040314435958862305e+00,-4.625217914581298828e-01,-1.328971743583679199e+00
-3.973168730735778809e-01,3.505087494850158691e-01,-1.299395561218261719e+00,-1.079283282160758972e-01,-1.404855132102966309e+00
-8.193743228912353516e-01,4.592577219009399414e-01,-1.335663199424743652e+00,-5.962053537368774414e-01,-1.169517874717712402e+00
-1.641893982887268066e+00,1.543017029762268066e+00,-2.854775786399841309e-01,7.612636089324951172e-01,-1.711982011795043945e+00
-6.837325096130371094e-01,9.975232481956481934e-01,-7.987523674964904785e-01,4.235114455223083496e-01,-1.045729398727416992e+00
-2.321004390716552734e+00,2.682892084121704102e-01,-9.363635778427124023e-01,-1.878656387329101562e+00,-1.767811655998229980e+00
-8.798449635505676270e-01,-1.182138025760650635e-01,-4.818003177642822266e-01,3.043527305126190186e-01,-3.599751293659210205e-01
-6.525574326515197754e-01,6.784582138061523438e-01,-8.572061061859130859e-01,-3.988372087478637695e-01,-1.061001181602478027e+00
-1.710074543952941895e-01,5.071778297424316406e-01,7.143183052539825439e-02,2.220252156257629395e-01,-7.099870443344116211e-01
-1.407539010047912598e+00,-1.526912115514278412e-02,-1.155162334442138672e+00,-8.352219462394714355e-01,-8.376316428184509277e-01
-4.590724706649780273e-01,8.058737516403198242e-01,-1.137656807899475098e+00,-1.314773797988891602e+00,-1.271969914436340332e+00
-3.939030468463897705e-01,9.386678785085678101e-02,-1.302053928375244141e+00,-1.412381172180175781e+00,-1.148189902305603027e+00
-1.239322185516357422e+00,5.515224933624267578e-01,-5.453051254153251648e-02,1.161001682281494141e+00,-7.239253520965576172e-01
-2.069005072116851807e-01,4.634213149547576904e-01,-7.554276585578918457e-01,-1.179987788200378418e+00,-9.826630353927612305e-01
-6.595672965049743652e-01,1.082699060440063477e+00,-6.384718418121337891e-01,1.060580238699913025e-01,-1.065435051918029785e+00
6.447900086641311646e-02,3.632626831531524658e-01,-4.879872798919677734e-01,-4.553751647472381592e-01,-1.426955964416265488e-02
-2.640915848314762115e-02,-6.363269090652465820e-01,-1.144963502883911133e+00,-9.849274754524230957e-01,-9.048429727554321289e-01
-1.000546574592590332e+00,-2.246255725622177124e-01,-2.778808474540710449e-01,4.383022487163543701e-01,-1.063031196594238281e+00
-9.396443367004394531e-01,-3.088262975215911865e-01,-4.261822700500488281e-01,-5.318258404731750488e-01,-1.284770071506500244e-01
-1.064699530601501465e+00,-1.074526667594909668e+00,-1.490514159202575684e+00,-1.554674029350280762e+00,-9.384614229202270508e-01
-7.335110306739807129e-01,-1.044406414031982422e+00,-6.721374988555908203e-01,-3.157461285591125488e-01,-6.566290855407714844e-01
-1.423045039176940918e+00,-1.706535220146179199e-01,7.898828387260437012e-02,6.760276556015014648e-01,-5.132369995117187500e-01
2.771331369876861572e-02,-2.540184259414672852e-01,-1.571371436119079590e+00,-1.938004136085510254e+00,-7.775466442108154297e-01
3.574633896350860596e-01,1.189033508300781250e+00,-1.210482358932495117e+00,-7.135838270187377930e-01,-8.930026292800903320e-01
1.653698444366455078e+00,-4.210423529148101807e-01,2.245208740234375000e+00,2.014193058013916016e+00,1.696268439292907715e+00
1.055321097373962402e+00,-2.091142177581787109e+00,3.447852730751037598e-01,1.379020333290100098e+00,1.236109137535095215e+00
5.718148499727249146e-02,-1.645079493522644043e+00,-1.191220641136169434e+00,-5.260176062583923340e-01,-1.761101484298706055e-01
3.837670758366584778e-02,-1.936578154563903809e+00,-6.444090604782104492e-01,-6.897031664848327637e-01,-3.924978524446487427e-02
-1.294825434684753418e+00,-1.230143308639526367e+00,-1.190842032432556152e+00,-8.176857829093933105e-01,-6.106267571449279785e-01
-1.271743774414062500e-01,-5.303794741630554199e-01,-1.420411467552185059e+00,-1.376553773880004883e+00,-3.198929429054260254e-01
-1.198078155517578125e+00,-1.243895515799522400e-01,-7.130938172340393066e-01,-2.224541753530502319e-01,-1.175531506538391113e+00
6.143917143344879150e-02,-7.982894778251647949e-01,-1.704068481922149658e-01,5.647019147872924805e-01,2.628232240676879883e-01
5.244049429893493652e-01,-4.915140271186828613e-01,-2.231247723102569580e-01,-4.924036860466003418e-01,5.807796120643615723e-01
1.839253067970275879e+00,1.173338770866394043e+00,8.946661353111267090e-01,6.708114147186279297e-01,1.454832553863525391e+00
1.848142385482788086e+00,1.617234468460083008e+00,5.447975993156433105e-01,1.726853251457214355e-01,2.018556594848632812e+00
2.445349931716918945e+00,6.329371929168701172e-01,6.648791432380676270e-01,8.869597911834716797e-01,1.266627311706542969e+00
1.468096017837524414e+00,1.172688603401184082e+00,2.545267641544342041e-01,1.147737979888916016e+00,-1.220472082495689392e-01
-2.787345647811889648e-01,7.171998620033264160e-01,2.296097874641418457e-01,-8.747856616973876953e-01,-1.109475255012512207e+00
1.032421588897705078e+00,1.246178507804870605e+00,1.113650202751159668e+00,1.628645300865173340e+00,1.034976243972778320e+00
9.909763336181640625e-01,5.054442882537841797e-01,-1.813145577907562256e-01,-4.301432669162750244e-01,4.587748348712921143e-01
7.666710764169692993e-02,-3.358355462551116943e-01,3.281981125473976135e-02,-2.316426634788513184e-01,9.661426544189453125e-01
-4.211368858814239502e-01,-9.760552048683166504e-01,-3.944580554962158203e-01,-6.732222437858581543e-02,-2.256713956594467163e-01
2.519514262676239014e-01,-3.063885122537612915e-02,9.434044361114501953e-01,1.427690982818603516e+00,6.678663492202758789e-01
1.515122363343834877e-03,2.329837232828140259e-01,6.254212260246276855e-01,6.353529691696166992e-01,2.155213207006454468e-01
7.006002217531204224e-02,-4.339665472507476807e-01,-3.113532066345214844e-01,-8.942264914512634277e-01,5.184437036514282227e-01
2.826949767768383026e-02,-3.082536160945892334e-01,-1.793972551822662354e-01,-1.346187144517898560e-01,8.970711827278137207e-01
3.430409729480743408e-01,-9.102733731269836426e-01,-2.367070615291595459e-01,7.541255652904510498e-02,8.115812391042709351e-02
-3.912947177886962891e-01,-1.182757169008255005e-01,8.511319756507873535e-01,1.487840890884399414e+00,2.153089791536331177e-01
-3.691912069916725159e-02,-2.564330101013183594e-01,5.190428346395492554e-02,-3.174319565296173096e-01,1.560308486223220825e-01
1.578316390514373779e-01,-1.028123378753662109e+00,3.794418275356292725e-01,3.809406757354736328e-01,3.690465092658996582e-01
4.431157410144805908e-01,1.359207183122634888e-01,1.364173173904418945e+00,6.503410935401916504e-01,5.195478796958923340e-01
-5.464797019958496094e-01,-3.408659100532531738e-01,5.019481778144836426e-01,-9.394396841526031494e-02,1.019050478935241699e+00
8.070136308670043945e-01,3.689121901988983154e-01,-2.349186390638351440e-01,-4.007289409637451172e-01,-1.513422727584838867e-01
1.388158947229385376e-01,-1.233989596366882324e-01,-4.356640875339508057e-01,1.465869098901748657e-01,-1.715999543666839600e-01
3.096603155136108398e-01,-5.888246893882751465e-01,3.426182270050048828e-02,1.071390211582183838e-01,9.496052749454975128e-03
9.303330779075622559e-01,-3.442246615886688232e-01,5.918683484196662903e-02,3.449760004878044128e-02,-2.319652959704399109e-02
-2.183022797107696533e-01,-3.515844792127609253e-02,7.206422090530395508e-01,9.275230169296264648e-01,2.750967442989349365e-01
-4.546805322170257568e-01,-8.552488088607788086e-01,5.699803829193115234e-01,1.020943652838468552e-02,4.780642390251159668e-01
-3.242170065641403198e-02,-8.572609424591064453e-01,-1.985864490270614624e-01,-1.084658265113830566e+00,2.655921876430511475e-01
-3.819450736045837402e-01,1.617845892906188965e-01,8.982591032981872559e-01,8.682739138603210449e-01,1.376672834157943726e-01
2.029285907745361328e+00,1.201385021209716797e+00,1.528505802154541016e+00,1.191578507423400879e+00,1.339444518089294434e+00
1.106969475746154785e+00,1.350229978561401367e-01,-6.476958747953176498e-03,7.746731638908386230e-01,2.673928737640380859e-01
2.622408270835876465e-01,-1.273187756538391113e+00,-5.173430442810058594e-01,-8.729196786880493164e-01,2.681912779808044434e-01
5.509387850761413574e-01,-1.302178263664245605e+00,-1.136545062065124512e+00,-2.397596120834350586e+00,-3.407367169857025146e-01
-4.893845021724700928e-01,-1.493889689445495605e+00,-5.358555316925048828e-01,-7.219315171241760254e-01,-6.835798919200897217e-02
-5.601254105567932129e-01,-1.374801397323608398e+00,6.093819141387939453e-01,9.442527294158935547e-01,1.725937277078628540e-01
-8.456971645355224609e-01,-1.345826387405395508e+00,6.379482150077819824e-02,4.349734634160995483e-02,-3.110509216785430908e-01
-1.156863048672676086e-01,-1.239492058753967285e+00,-2.087208032608032227e-01,-3.602472543716430664e-01,5.580756664276123047e-01
2.041828632354736328e+00,6.689546704292297363e-01,1.197053074836730957e+00,6.117683053016662598e-01,1.418988823890686035e+00
3.152135372161865234e+00,2.730402231216430664e+00,2.346616506576538086e+00,2.334366083145141602e+00,2.970081567764282227e+00
3.622005462646484375e+00,2.222504615783691406e+00,1.766010403633117676e+00,1.057380199432373047e+00,3.589669227600097656e+00
3.701251983642578125e+00,1.623657822608947754e+00,1.880686402320861816e+00,1.330735683441162109e+00,2.817932367324829102e+00
1.507115244865417480e+00,8.868395686149597168e-01,1.990206599235534668e+00,2.311845302581787109e+00,1.399223804473876953e+00
4.599355161190032959e-01,-3.612195849418640137e-01,9.213634729385375977e-01,1.019871234893798828e+00,1.235344648361206055e+00
2.340576350688934326e-01,-7.346127033233642578e-01,-1.978453099727630615e-01,-1.133020043373107910e+00,2.953289151191711426e-01
9.011142253875732422e-01,6.248731017112731934e-01,9.261889457702636719e-01,8.274533748626708984e-01,7.038290500640869141e-01
-5.587349534034729004e-01,-1.350067377090454102e+00,-1.383789300918579102e+00,-9.626039862632751465e-02,-1.408099830150604248e-01
-3.432039916515350342e-01,-1.064032554626464844e+00,-1.897482991218566895e+00,-1.264159798622131348e+00,-1.231717824935913086e+00
-2.552597522735595703e-01,-1.011670231819152832e+00,-9.336245656013488770e-01,-1.967675834894180298e-01,-2.195134013891220093e-01
6.828598678112030029e-02,-1.445040822029113770e+00,-1.925163149833679199e+00,-1.655850410461425781e+00,-2.581346333026885986e-01
-1.357866048812866211e+00,-1.429237723350524902e+00,-4.218320548534393311e-01,9.529865384101867676e-01,-5.063230395317077637e-01
-2.338179051876068115e-01,-2.184846401214599609e+00,-1.127466082572937012e+00,-1.809009194374084473e+00,-3.704394698143005371e-01
-7.941638231277465820e-01,-1.662027955055236816e+00,-1.660171747207641602e+00,-1.115929961204528809e+00,-6.869349479675292969e-01
-7.594982385635375977e-01,-3.031373262405395508e+00,-4.591793119907379150e-01,3.104355037212371826e-01,9.092087745666503906e-01
-7.897527217864990234e-01,-2.479827642440795898e+00,-1.815505981445312500e+00,-1.953155279159545898e+00,-8.214594721794128418e-01
-3.107822835445404053e-01,1.488294303417205811e-01,-1.317223310470581055e-01,-1.152194976806640625e+00,-7.759073376655578613e-01
9.677604585886001587e-02,-1.482025720179080963e-02,1.200509071350097656e+00,6.550339609384536743e-02,8.726430535316467285e-01
4.461843371391296387e-01,6.653173565864562988e-01,1.566964745521545410e+00,5.238298773765563965e-01,1.378770709037780762e+00
1.297922879457473755e-01,4.180860221385955811e-01,1.059248566627502441e+00,-4.888561069965362549e-01,1.062029004096984863e+00
-7.615790963172912598e-01,-7.807914912700653076e-02,3.863699138164520264e-01,-2.418177872896194458e-01,-1.323756575584411621e-01
-8.257992267608642578e-01,-7.000656127929687500e-01,1.602781414985656738e+00,1.639223694801330566e+00,1.585254669189453125e+00
2.231449186801910400e-01,5.068373084068298340e-01,1.116582512855529785e+00,-7.831366658210754395e-01,9.466494321823120117e-01
9.819047451019287109e-01,9.311068654060363770e-01,2.354487180709838867e+00,1.930827498435974121e+00,1.606455206871032715e+00
-4.855775237083435059e-01,1.660356402397155762e+00,5.828457325696945190e-02,-1.082397580146789551e+00,-1.552179932594299316e+00
-6.112272143363952637e-01,6.406452655792236328e-01,-6.758351922035217285e-01,-1.717295765876770020e+00,-1.530130028724670410e+00
6.315662860870361328e-01,5.237858295440673828e-01,3.854193091392517090e-01,-1.763058081269264221e-02,8.978781104087829590e-02
-2.271340936422348022e-01,1.706535220146179199e-01,-1.486316975206136703e-02,-1.406208276748657227e+00,-5.315411090850830078e-01
-3.635718226432800293e-01,-5.284988880157470703e-02,9.788746386766433716e-02,-4.967620074748992920e-01,-1.195253968238830566e+00
-1.219663858413696289e+00,7.355955243110656738e-02,1.113932132720947266e+00,1.138163447380065918e+00,8.607602119445800781e-02
-5.528950095176696777e-01,6.399642229080200195e-01,7.085099816322326660e-01,-7.730516195297241211e-01,-6.449416279792785645e-01
-7.333575487136840820e-01,1.209069862961769104e-01,-4.045360088348388672e-01,-1.464740991592407227e+00,-1.261598944664001465e+00
-8.767380118370056152e-01,1.871221959590911865e-01,-1.146357227116823196e-02,-2.477718591690063477e-01,-6.237156987190246582e-01
-9.482651948928833008e-01,9.170759469270706177e-03,6.319143176078796387e-01,6.722613573074340820e-01,-7.826004028320312500e-01
8.466465026140213013e-02,1.436907202005386353e-01,6.122900843620300293e-01,-2.324662953615188599e-01,1.894963532686233521e-02
-3.702843785285949707e-01,6.732266545295715332e-01,1.057572960853576660e+00,1.230099797248840332e+00,-1.889867335557937622e-01
-9.149229526519775391e-01,6.780170649290084839e-02,1.172788739204406738e+00,5.430733785033226013e-03,6.942565441131591797e-01
-3.491973280906677246e-01,8.334169536828994751e-02,1.270257234573364258e-01,4.388341605663299561e-01,-6.883109211921691895e-01
-1.150725875049829483e-03,-3.034708797931671143e-01,2.538903355598449707e-01,3.081019222736358643e-01,4.044146239757537842e-01
1.146276354789733887e+00,1.693448543548583984e+00,1.867321610450744629e+00,1.196451544761657715e+00,1.335783720016479492e+00
1.178065180778503418e+00,1.030383229255676270e+00,1.284161806106567383e+00,8.779943585395812988e-01,8.803638815879821777e-01
-1.135967731475830078e+00,1.536067366600036621e+00,-2.374103307723999023e+00,-1.198815107345581055e+00,-2.242656707763671875e+00
-1.354241251945495605e+00,1.722013354301452637e-01,4.335856437683105469e-01,7.689764499664306641e-01,-7.716944217681884766e-01
5.151895284652709961e-01,7.025421261787414551e-01,5.359844565391540527e-01,6.573933362960815430e-01,2.126334309577941895e-01
-1.691854596138000488e-01,4.641487896442413330e-01,-5.591049194335937500e-01,-5.506489276885986328e-01,-6.819660216569900513e-02
3.840067982673645020e-01,7.985216379165649414e-01,-4.801085889339447021e-01,-2.623567581176757812e-01,1.549011766910552979e-01
2.337028235197067261e-01,5.587353110313415527e-01,-9.714632481336593628e-02,4.637057185173034668e-01,-1.136978119611740112e-01
-5.529813170433044434e-01,6.859960556030273438e-01,5.744594931602478027e-01,1.903913974761962891e+00,-7.216660380363464355e-01
-4.792964756488800049e-01,5.193900465965270996e-01,-3.603654205799102783e-01,6.141276359558105469e-01,-5.793356299400329590e-01
-2.057881280779838562e-02,1.215570643544197083e-01,-4.985566437244415283e-01,-1.691163033246994019e-01,-1.860818564891815186e-01
4.121228754520416260e-01,4.386254549026489258e-01,9.677333235740661621e-01,5.992252826690673828e-01,6.637383699417114258e-01
