3.386733531951904297e+00,1.978217244148254395e+00,2.617977380752563477e+00,8.488715291023254395e-01,-1.939078450202941895e+00,-1.904765129089355469e+00,-3.105574607849121094e+00,-1.096240639686584473e+00,-1.885466575622558594e+00,-1.825604200363159180e+00,5.948965549468994141e-01,2.828437089920043945e-01,8.438867330551147461e-01,-5.678340196609497070e-01,1.375864446163177490e-01,-2.144499272108078003e-01,1.256973266601562500e+00,-5.589690804481506348e-01,6.164836287498474121e-01,1.203401610255241394e-01,-1.140526890754699707e+00,5.693203806877136230e-01,-1.535634517669677734e+00,-1.365654349327087402e+00,-1.884029865264892578e+00,-2.688435554504394531e+00,-1.028675079345703125e+00,-1.178480625152587891e+00,-1.416054368019104004e+00,-6.067770123481750488e-01,1.637516357004642487e-02,1.760205149650573730e+00
5.470069646835327148e-01,-8.538528680801391602e-01,3.835249543190002441e-01,-1.457043766975402832e+00,-2.399412155151367188e+00,-3.224083423614501953e+00,-3.128125667572021484e+00,-2.222612142562866211e+00,-3.457056760787963867e+00,-2.812644481658935547e+00,-1.776008605957031250e+00,-2.593008756637573242e+00,-1.606395244598388672e+00,-2.169745683670043945e+00,6.609997153282165527e-01,-1.414986133575439453e+00,1.172253251075744629e+00,-1.038794994354248047e+00,-5.009632557630538940e-02,8.131222128868103027e-01,-1.222580790519714355e+00,1.003781676292419434e+00,-2.678155899047851562e+00,-1.251818299293518066e+00,-2.220984697341918945e+00,-1.639524936676025391e+00,-4.631480202078819275e-02,6.165577769279479980e-01,-3.914042115211486816e-01,1.229541655629873276e-02,-2.398899495601654053e-01,1.899760961532592773e+00
3.604225814342498779e-01,-7.762750387191772461e-01,8.365017771720886230e-01,-1.174023151397705078e+00,-2.042268276214599609e+00,-2.662916898727416992e+00,-2.857227802276611328e+00,-2.607437133789062500e+00,-2.224023342132568359e+00,-2.395569324493408203e+00,-1.688230872154235840e+00,-1.285870671272277832e+00,-1.619440078735351562e+00,-1.410950064659118652e+00,-1.484557837247848511e-01,-1.001220703125000000e+00,1.354068964719772339e-01,-2.016070842742919922e+00,-7.188910841941833496e-01,-7.696508616209030151e-02,-1.510774493217468262e+00,-1.848690211772918701e-02,-2.307637691497802734e+00,-1.589630484580993652e+00,-1.709828376770019531e+00,-1.259696602821350098e+00,-1.952660441398620605e+00,-8.549284934997558594e-01,-1.471527457237243652e+00,-1.287649154663085938e+00,-6.237139105796813965e-01,9.677635431289672852e-01
1.399263024330139160e+00,1.298077702522277832e+00,1.587606549263000488e+00,-2.387956678867340088e-01,-1.772053360939025879e+00,-2.570509195327758789e+00,-2.223180532455444336e+00,-2.253454923629760742e+00,-3.093765735626220703e+00,-2.379235506057739258e+00,-1.191726565361022949e+00,-1.857375979423522949e+00,-8.200792670249938965e-01,-1.578576326370239258e+00,-7.119066715240478516e-01,-2.451928853988647461e-01,9.004845619201660156e-01,-1.433433532714843750e+00,4.514645934104919434e-01,1.327046275138854980e+00,-1.576540350914001465e+00,1.100523471832275391e+00,-2.509097814559936523e+00,-3.152130126953125000e+00,-1.881244301795959473e+00,-1.148902416229248047e+00,-1.831998825073242188e+00,3.406112268567085266e-02,-1.139631509780883789e+00,-3.354175388813018799e-01,9.821997582912445068e-02,6.040488481521606445e-01
1.309052705764770508e+00,-3.391750156879425049e-01,1.084396243095397949e+00,3.787990286946296692e-02,-1.254306435585021973e+00,-1.689624667167663574e+00,-1.221682071685791016e+00,-1.835540890693664551e+00,-2.508673191070556641e+00,-7.313838005065917969e-01,-1.418594956398010254e+00,-1.161433696746826172e+00,-3.480221331119537354e-01,-2.922608375549316406e+00,-3.443444669246673584e-01,-1.343680739402770996e+00,-9.219509959220886230e-01,-9.297001361846923828e-01,-5.024749636650085449e-01,-6.843123435974121094e-01,-1.220740437507629395e+00,-1.826582252979278564e-01,-1.784161567687988281e+00,-1.752016425132751465e+00,-2.519135236740112305e+00,-2.218815088272094727e+00,-8.622053265571594238e-01,2.497434616088867188e-01,-1.627953410148620605e+00,-8.625790476799011230e-01,-3.123376667499542236e-01,1.799789965152740479e-01
3.087199330329895020e-01,-1.740579366683959961e+00,5.624535679817199707e-01,-1.107749223709106445e+00,-7.684386968612670898e-01,-1.021752834320068359e+00,-8.080438375473022461e-01,-8.021366596221923828e-01,-2.684474587440490723e-01,4.239328205585479736e-03,-2.287052273750305176e-01,4.534355401992797852e-01,1.031788825988769531e+00,-3.291430175304412842e-01,-1.544648647308349609e+00,-2.009751796722412109e-01,-2.438470125198364258e-01,-1.564969778060913086e+00,1.301871657371520996e+00,-1.239526152610778809e+00,-1.558115720748901367e+00,1.984959691762924194e-01,-1.047762036323547363e+00,-2.045058727264404297e+00,-1.692100644111633301e+00,-1.253668069839477539e+00,-1.312320351600646973e+00,-1.733631193637847900e-01,-1.760508179664611816e+00,-1.394185543060302734e+00,-2.493180781602859497e-01,-8.586956858634948730e-01
-1.006975054740905762e+00,-1.010532855987548828e+00,-7.203813195228576660e-01,-9.046127200126647949e-01,-5.558169484138488770e-01,-1.734128355979919434e+00,-3.426674306392669678e-01,-5.840444564819335938e-01,-5.512442812323570251e-02,3.915144130587577820e-03,-4.783881604671478271e-01,4.880516529083251953e-01,2.136770784854888916e-01,-4.015531539916992188e-01,4.140664041042327881e-01,-3.870925903320312500e-01,-9.392540901899337769e-02,-4.988262653350830078e-01,6.957940459251403809e-01,-7.086626887321472168e-01,-1.545550704002380371e+00,-2.855750024318695068e-01,-1.589472532272338867e+00,-7.587178349494934082e-01,-1.555753588676452637e+00,-1.318107843399047852e+00,-3.958142101764678955e-01,-1.479144215583801270e+00,-1.663288712501525879e+00,-9.008274227380752563e-02,-8.191614151000976562e-01,3.531897664070129395e-01
-7.097745537757873535e-01,-1.297448039054870605e+00,-7.130245566368103027e-01,-5.202934741973876953e-01,3.660577535629272461e-02,-4.718811213970184326e-01,1.593311429023742676e-01,1.032390743494033813e-01,-3.114740252494812012e-01,3.057303726673126221e-01,7.155618071556091309e-02,1.096467852592468262e+00,6.507509946823120117e-01,2.988379597663879395e-01,4.152702987194061279e-01,-1.353401541709899902e-01,1.987368464469909668e-01,-1.533791273832321167e-01,4.285784661769866943e-01,-9.632987380027770996e-01,-4.494247436523437500e-01,-5.466596484184265137e-01,-9.473907351493835449e-01,-6.018336862325668335e-02,-1.179575562477111816e+00,-1.381293058395385742e+00,4.469125270843505859e-01,-8.364977240562438965e-01,-1.154942274093627930e+00,-1.315860509872436523e+00,3.459873795509338379e-01,3.511406481266021729e-02
4.215502142906188965e-01,5.047693252563476562e-01,9.036203026771545410e-01,3.552272021770477295e-01,5.487526655197143555e-01,-9.678832292556762695e-01,4.898526370525360107e-01,1.230432242155075073e-01,-1.029782891273498535e+00,-5.935558080673217773e-01,-1.820709407329559326e-01,1.009620547294616699e+00,-1.758605688810348511e-01,3.515740483999252319e-02,1.469010472297668457e+00,-7.326545119285583496e-01,-2.535107433795928955e-01,3.345855176448822021e-01,6.901692152023315430e-01,-3.373438417911529541e-01,-1.147634387016296387e+00,-1.472948789596557617e+00,-1.141877293586730957e+00,-5.471100807189941406e-01,-1.347561955451965332e+00,-9.252775311470031738e-01,-4.042056202888488770e-01,-9.930303096771240234e-01,1.027930974960327148e+00,7.656854391098022461e-01,2.305207490921020508e+00,4.662315845489501953e-01
-3.505787253379821777e-01,-2.653419077396392822e-01,-5.509484326466917992e-04,-6.913875341415405273e-01,5.677105858922004700e-02,-7.690488696098327637e-01,3.026861548423767090e-01,8.043553829193115234e-01,-2.458138018846511841e-01,4.150551557540893555e-01,8.922771811485290527e-01,1.493341088294982910e+00,1.556694626808166504e+00,3.292533159255981445e-01,8.103153705596923828e-01,5.167030096054077148e-01,1.755095005035400391e+00,1.131881713867187500e+00,6.142336726188659668e-01,6.282006502151489258e-01,6.011368036270141602e-01,-1.469994634389877319e-01,-2.117272764444351196e-01,1.670266985893249512e-01,-8.039289712905883789e-01,-1.888062208890914917e-01,7.401044964790344238e-01,7.948642969131469727e-01,1.111725196242332458e-01,-8.065865039825439453e-01,1.061873555183410645e+00,2.638988196849822998e-01
-3.749041259288787842e-02,5.423155426979064941e-01,5.613192543387413025e-02,4.687400162220001221e-01,1.642892837524414062e+00,-5.040954947471618652e-01,1.236429333686828613e+00,1.297267794609069824e+00,-8.214369416236877441e-01,7.171197533607482910e-01,1.680535823106765747e-01,9.893873929977416992e-01,7.999314665794372559e-01,7.625672221183776855e-01,5.966780185699462891e-01,4.549404680728912354e-01,8.610656857490539551e-01,-1.325535625219345093e-01,1.705419540405273438e+00,-8.249284625053405762e-01,-5.311191082000732422e-01,-2.524701058864593506e-01,-8.622177839279174805e-01,-3.857741355895996094e-01,-1.076800107955932617e+00,-7.642350196838378906e-01,1.415996551513671875e-01,1.757062524557113647e-01,1.401950359344482422e+00,9.676457047462463379e-01,1.669615507125854492e+00,1.741173386573791504e+00
4.207722842693328857e-01,2.821101248264312744e-01,4.303231537342071533e-01,7.937648147344589233e-02,1.615098118782043457e+00,-1.015150919556617737e-01,7.516152858734130859e-01,2.127124786376953125e+00,2.486901432275772095e-01,1.727725625038146973e+00,2.116175889968872070e+00,1.436261653900146484e+00,2.033749341964721680e+00,1.461215972900390625e+00,9.547811746597290039e-01,1.244576096534729004e+00,1.118205070495605469e+00,4.736022055149078369e-01,1.491288542747497559e+00,2.381779104471206665e-01,-5.839602351188659668e-01,4.927998483180999756e-01,-5.962845087051391602e-01,-2.909842729568481445e-01,-3.895422220230102539e-01,9.507112950086593628e-02,-1.988597512245178223e-01,6.568767428398132324e-01,8.746351003646850586e-01,1.223340153694152832e+00,2.069380283355712891e+00,1.933260679244995117e+00
6.135801076889038086e-01,1.117173314094543457e+00,4.882051646709442139e-01,5.662633180618286133e-01,1.079369425773620605e+00,6.025283597409725189e-03,6.211026310920715332e-01,1.322057247161865234e+00,2.823336124420166016e-01,1.410324692726135254e+00,1.222410082817077637e+00,5.583828091621398926e-01,1.205642461776733398e+00,1.035158395767211914e+00,-7.519787549972534180e-01,4.558493196964263916e-01,1.815101861953735352e+00,-6.084896326065063477e-01,1.561282753944396973e+00,3.342639803886413574e-01,-6.498107314109802246e-01,1.293206453323364258e+00,-6.062756180763244629e-01,-7.686083912849426270e-01,-1.022715330123901367e+00,-7.014245390892028809e-01,-7.870070934295654297e-01,3.336104154586791992e-01,-1.258421689271926880e-01,-1.516566157341003418e+00,4.587527215480804443e-01,7.078697532415390015e-02
9.936604648828506470e-02,-3.358280062675476074e-01,2.720389068126678467e-01,-8.962372541427612305e-01,-2.081263065338134766e-01,-5.723223686218261719e-01,-1.665818393230438232e-01,-3.851263970136642456e-02,-8.149624615907669067e-02,1.105217710137367249e-01,-8.117305040359497070e-01,-1.304875612258911133e+00,8.078803867101669312e-02,-6.166000366210937500e-01,-2.651462793350219727e+00,-1.280258536338806152e+00,-2.295614928007125854e-01,-1.689713716506958008e+00,5.847383737564086914e-01,-1.448894262313842773e+00,-1.057542204856872559e+00,-5.889889001846313477e-01,-1.437434434890747070e+00,-1.175591588020324707e+00,-1.490719914436340332e+00,-6.778318881988525391e-01,-2.322226315736770630e-01,-4.411372542381286621e-01,-1.663552761077880859e+00,-2.113342046737670898e+00,-1.196937680244445801e+00,-8.817635774612426758e-01
-1.492734700441360474e-01,-3.630349338054656982e-01,-8.017596602439880371e-01,-1.236807346343994141e+00,-1.721370518207550049e-01,-7.470158338546752930e-01,-2.955788373947143555e-01,-4.107375741004943848e-01,-7.588362097740173340e-01,-9.533250927925109863e-01,-1.171986222267150879e+00,-8.856036663055419922e-01,-1.343922615051269531e+00,-1.955470800399780273e+00,-9.972609877586364746e-01,-1.733638167381286621e+00,-9.017068147659301758e-01,-2.144375562667846680e+00,-9.051439762115478516e-01,-1.494611382484436035e+00,-2.001617670059204102e+00,-1.166313886642456055e+00,-1.782376766204833984e+00,-2.188440322875976562e+00,-2.242335319519042969e+00,-1.575769424438476562e+00,-2.523497939109802246e-01,-2.552698373794555664e+00,-1.466285586357116699e+00,-4.625298976898193359e-01,-2.540011331439018250e-02,-1.142526604235172272e-02
-2.014847844839096069e-01,-9.126741290092468262e-01,-9.659746885299682617e-01,-1.454886555671691895e+00,-1.084558486938476562e+00,-2.213943719863891602e+00,-1.398177385330200195e+00,-1.357118487358093262e+00,-1.987732768058776855e+00,-1.707052707672119141e+00,-2.706296920776367188e+00,-1.539301991462707520e+00,-2.418092727661132812e+00,-1.934230804443359375e+00,-2.681284666061401367e+00,-3.519495964050292969e+00,-8.321126699447631836e-01,-3.357853889465332031e+00,-2.451661586761474609e+00,-1.239782810211181641e+00,-2.315872192382812500e+00,-1.397228717803955078e+00,-2.333029508590698242e+00,-2.145014286041259766e+00,-2.247439384460449219e+00,-2.239833593368530273e+00,-1.193117976188659668e+00,-2.702287197113037109e+00,-2.306075572967529297e+00,-2.310570478439331055e+00,-2.730124592781066895e-01,-7.233622074127197266e-01
2.656643092632293701e-01,1.480638980865478516e-01,-9.803641587495803833e-02,-1.166853308677673340e+00,-1.479592561721801758e+00,-2.076933145523071289e+00,-1.887886643409729004e+00,-5.310416221618652344e-01,-2.267437934875488281e+00,-1.852710962295532227e+00,-1.881264448165893555e+00,-5.479753613471984863e-01,-2.045475989580154419e-01,-1.999053597450256348e+00,-7.226727902889251709e-02,-2.412611007690429688e+00,-2.217808485031127930e+00,-4.347337782382965088e-01,-1.023406386375427246e+00,-2.680143117904663086e+00,-1.216615557670593262e+00,-1.758790612220764160e+00,-1.713046073913574219e+00,-7.690703868865966797e-01,-1.811058163642883301e+00,-6.687076687812805176e-01,7.459217309951782227e-01,-1.163164496421813965e+00,-4.035471975803375244e-01,-4.288698732852935791e-01,1.466600656509399414e+00,1.011042952537536621e+00
8.172490596771240234e-01,-8.818219602108001709e-02,1.086664795875549316e-01,-1.261140584945678711e+00,2.829562127590179443e-01,-3.325240612030029297e-01,1.495201606303453445e-03,-2.244744449853897095e-01,-1.506834864616394043e+00,-8.094373345375061035e-01,-1.391391634941101074e+00,-1.338522076606750488e+00,-4.060257971286773682e-01,-1.174927830696105957e+00,-2.826713621616363525e-01,-1.407438755035400391e+00,-1.615715622901916504e-01,-1.439447879791259766e+00,-1.192679286003112793e+00,-1.355791807174682617e+00,-7.171842455863952637e-01,-1.011233568191528320e+00,-1.058857202529907227e+00,-9.104782342910766602e-01,-1.110323309898376465e+00,-1.198743462562561035e+00,1.330238223075866699e+00,-8.997337222099304199e-01,-9.240744709968566895e-01,-4.813494384288787842e-01,4.197376370429992676e-01,7.097947001457214355e-01
-3.908517658710479736e-01,-1.224774837493896484e+00,-6.425355672836303711e-01,-1.616463065147399902e+00,1.009805575013160706e-01,-1.133687973022460938e+00,-6.591176241636276245e-02,3.534616529941558838e-01,-7.643087506294250488e-01,-3.150568902492523193e-01,-1.888882040977478027e+00,3.299681842327117920e-01,-7.558187246322631836e-01,-2.684887647628784180e-01,8.893244266510009766e-01,-1.967746973037719727e+00,1.695928536355495453e-02,-9.207236170768737793e-01,4.482302963733673096e-01,-1.483510851860046387e+00,-1.575926899909973145e+00,-8.465095758438110352e-01,-1.113136768341064453e+00,-9.130191206932067871e-01,-8.818116188049316406e-01,4.709890782833099365e-01,1.925641894340515137e+00,8.959332704544067383e-01,3.380806148052215576e-01,1.028119087219238281e+00,4.352444112300872803e-01,5.271767079830169678e-02
-6.860176920890808105e-01,-1.307754158973693848e+00,-9.147040843963623047e-01,-1.799961686134338379e+00,-4.649832248687744141e-01,-3.661701977252960205e-01,-6.168218851089477539e-01,9.349860548973083496e-01,4.086123779416084290e-02,7.323064804077148438e-01,1.801181733608245850e-01,2.421835213899612427e-01,4.358146786689758301e-01,-2.911403775215148926e-03,-2.106104493141174316e-01,-5.718269348144531250e-01,5.977765843272209167e-02,-8.421788811683654785e-01,-5.983786582946777344e-01,-1.053000450134277344e+00,-6.233901381492614746e-01,-1.297151684761047363e+00,-6.642535924911499023e-01,-6.232317686080932617e-01,-8.814412951469421387e-01,-6.931475996971130371e-01,1.576811313629150391e+00,4.418516457080841064e-01,-1.161503940820693970e-01,-3.393606543540954590e-01,-1.044226884841918945e-01,-3.166475296020507812e-01
3.226928114891052246e-01,-5.460270643234252930e-01,-3.400000035762786865e-01,-1.759575486183166504e+00,1.004411056637763977e-01,-7.109436988830566406e-01,-5.331110358238220215e-01,-3.695953190326690674e-01,-6.694865822792053223e-01,-1.588501185178756714e-01,-1.480097413063049316e+00,-2.383534431457519531e+00,-1.432895660400390625e+00,-1.269658803939819336e+00,-1.769361734390258789e+00,-1.747389554977416992e+00,-1.356207966804504395e+00,-1.873164296150207520e+00,-1.491077661514282227e+00,-1.613668203353881836e+00,-1.583140254020690918e+00,-1.447448253631591797e+00,-1.453828692436218262e+00,-1.075719952583312988e+00,-9.856820702552795410e-01,-5.021417737007141113e-01,5.532439947128295898e-01,-6.463326811790466309e-01,2.786855213344097137e-02,-1.567934453487396240e-01,5.249977111816406250e-01,5.791803002357482910e-01
-4.611051380634307861e-01,-9.495244026184082031e-01,-2.182728201150894165e-01,-1.642890095710754395e+00,-2.471724599599838257e-01,-5.608485341072082520e-01,-6.770600676536560059e-01,5.890845060348510742e-01,-4.181571006774902344e-01,3.290217220783233643e-01,-7.852038741111755371e-01,-8.588092923164367676e-01,8.188987523317337036e-02,-1.035908341407775879e+00,-1.023608803749084473e+00,-8.077732324600219727e-01,-1.226683378219604492e+00,-1.635674953460693359e+00,-1.343741655349731445e+00,-1.373854041099548340e+00,-8.455218076705932617e-01,-1.162540316581726074e+00,-7.057821154594421387e-01,-1.026498079299926758e+00,-1.202858328819274902e+00,-3.842112123966217041e-01,3.966047167778015137e-01,-5.172604322433471680e-01,-8.894178867340087891e-01,-1.279332756996154785e+00,-8.456779718399047852e-01,-5.772864222526550293e-01
4.116165935993194580e-01,-5.622981786727905273e-01,6.532304286956787109e-01,-1.174848079681396484e+00,-3.616907447576522827e-02,-5.363298058509826660e-01,-1.321102771908044815e-02,6.337054967880249023e-01,-3.225376904010772705e-01,1.070953965187072754e+00,-3.000873923301696777e-01,-4.993318021297454834e-01,2.359892129898071289e-01,-3.596906960010528564e-01,-1.076304435729980469e+00,-5.267003774642944336e-01,-5.546144247055053711e-01,-7.937055826187133789e-01,-1.291852474212646484e+00,-8.863337039947509766e-01,-4.696050584316253662e-01,-1.021372795104980469e+00,-2.022329419851303101e-01,-1.805585026741027832e+00,-4.790984392166137695e-01,-8.990942835807800293e-01,-1.199746012687683105e+00,-6.905664205551147461e-01,-1.199403643608093262e+00,-2.421766996383666992e+00,3.626106381416320801e-01,-1.836425304412841797e+00
4.894997179508209229e-02,-4.779600799083709717e-01,-6.086359918117523193e-02,-4.951353967189788818e-01,1.595498025417327881e-01,-1.544500887393951416e-01,3.870114386081695557e-01,2.174621820449829102e-01,1.221258759498596191e+00,1.468827366828918457e+00,3.263820409774780273e-01,-9.570337831974029541e-02,8.307040929794311523e-01,-1.002449244260787964e-01,2.387124896049499512e-01,-2.993289530277252197e-01,7.723350077867507935e-02,-2.221992611885070801e-01,1.066612303256988525e-01,-3.530961871147155762e-01,-1.367777705192565918e+00,1.295417249202728271e-01,-8.780048489570617676e-01,-1.080402731895446777e+00,-5.968322157859802246e-01,-8.995831012725830078e-01,-1.544624090194702148e+00,-8.980191946029663086e-01,-2.682772576808929443e-01,-2.217118144035339355e-01,8.491825461387634277e-01,-1.372584253549575806e-01
1.990312933921813965e-01,7.075121253728866577e-02,-5.267391204833984375e-01,-6.901819705963134766e-01,6.101475954055786133e-01,5.978354215621948242e-01,4.119178056716918945e-01,6.261180043220520020e-01,1.612796187400817871e+00,1.667502284049987793e+00,1.455871462821960449e-01,1.637235522270202637e+00,5.108180642127990723e-01,5.629155039787292480e-01,3.901607692241668701e-01,-5.661762356758117676e-01,1.002354860305786133e+00,7.716831564903259277e-02,-3.025818169116973877e-01,-7.983644008636474609e-01,-8.413122892379760742e-01,1.848690211772918701e-02,-6.402233839035034180e-01,-7.550219893455505371e-01,-9.256558418273925781e-01,-6.271272897720336914e-01,-5.842556953430175781e-01,-5.406346172094345093e-02,9.676685929298400879e-02,-1.265029907226562500e-01,1.120861411094665527e+00,-9.012921154499053955e-02
-1.958956241607666016e+00,-2.385359764099121094e+00,-2.533196210861206055e+00,-2.198112964630126953e+00,-1.279095649719238281e+00,-1.313412427902221680e+00,-1.082833170890808105e+00,-9.521332383155822754e-02,6.929712891578674316e-01,3.955043479800224304e-02,-5.335875153541564941e-01,-4.812318682670593262e-01,-5.535141229629516602e-01,-2.780831754207611084e-01,-1.686672210693359375e+00,-9.021161794662475586e-01,-8.247789144515991211e-01,-7.933465242385864258e-01,-1.483554393053054810e-01,-1.745461702346801758e+00,-1.367671847343444824e+00,-1.046377778053283691e+00,-1.652271270751953125e+00,-1.366536259651184082e+00,-1.566203474998474121e+00,-1.348038554191589355e+00,-2.039777040481567383e+00,-9.046199917793273926e-01,-1.194878339767456055e+00,-8.997161984443664551e-01,-1.066680669784545898e+00,-2.278005599975585938e+00
-2.155174970626831055e+00,-2.198954343795776367e+00,-1.376301646232604980e+00,-1.738478183746337891e+00,-5.740556120872497559e-01,-5.668340325355529785e-01,-9.162923097610473633e-01,3.299322426319122314e-01,-4.488057196140289307e-01,3.570761084556579590e-01,-4.485746920108795166e-01,2.080198973417282104e-01,5.320677161216735840e-01,-7.181021571159362793e-01,-1.277834177017211914e-01,-1.276761412620544434e+00,-3.370084762573242188e-01,-1.249085426330566406e+00,-1.207374215126037598e+00,-1.034007787704467773e+00,-1.189031600952148438e+00,-1.927783787250518799e-01,-9.760945439338684082e-01,-1.215615868568420410e+00,-7.138574719429016113e-01,-9.857092499732971191e-01,-8.980207443237304688e-01,-1.239516258239746094e+00,-7.202833294868469238e-01,-1.114617109298706055e+00,-1.878429889678955078e+00,-1.093410372734069824e+00
-7.609087228775024414e-01,-3.929260671138763428e-01,-2.722333557903766632e-02,-4.068758487701416016e-01,1.190394088625907898e-01,-8.376734852790832520e-01,-2.289092242717742920e-01,5.273711681365966797e-01,-1.156858921051025391e+00,4.459523558616638184e-01,1.829023212194442749e-01,-1.204841136932373047e+00,1.099197387695312500e+00,-8.028416335582733154e-02,-8.260002136230468750e-01,1.743023097515106201e-01,-2.739459276199340820e-01,-6.323971748352050781e-01,-4.940728247165679932e-01,-1.587457060813903809e+00,-8.593772649765014648e-01,-8.983110189437866211e-01,-6.915221810340881348e-01,-8.847123384475708008e-01,-9.374582171440124512e-01,-1.765667200088500977e+00,-6.083353161811828613e-01,-9.803431034088134766e-01,1.926286518573760986e-01,-1.604856550693511963e-01,9.220334142446517944e-02,-9.270609915256500244e-02
-1.970804810523986816e+00,-1.163633823394775391e+00,-1.213739395141601562e+00,-1.586546182632446289e+00,-6.741113662719726562e-01,-8.460651636123657227e-01,-4.503219425678253174e-01,3.544203639030456543e-01,-1.991783380508422852e-01,4.176486134529113770e-01,-3.554027974605560303e-01,-3.803247511386871338e-01,4.352637529373168945e-01,-6.089686155319213867e-01,-1.223143488168716431e-01,-7.510094046592712402e-01,-3.505682647228240967e-01,-1.056867718696594238e+00,-4.569136500358581543e-01,-4.672445058822631836e-01,-1.509886026382446289e+00,-6.750387549400329590e-01,-1.158492445945739746e+00,-1.270003437995910645e+00,-9.786618351936340332e-01,-1.083322048187255859e+00,-1.288544774055480957e+00,-7.765192985534667969e-01,-1.077181816101074219e+00,-8.394937515258789062e-01,-1.187974810600280762e+00,-8.679166436195373535e-01
-7.397848367691040039e-01,-9.601287841796875000e-01,-1.190826535224914551e+00,-1.455076813697814941e+00,-3.686522543430328369e-01,-4.193040430545806885e-01,-5.490052700042724609e-01,6.180648207664489746e-01,-9.285078197717666626e-02,6.289168000221252441e-01,-1.890699565410614014e-01,2.494234889745712280e-01,1.077436208724975586e-01,-7.969747185707092285e-01,8.819290995597839355e-01,-5.761341452598571777e-01,-5.043095350265502930e-01,-3.242624998092651367e-01,-7.028251290321350098e-01,-1.376196146011352539e+00,-5.869640111923217773e-01,-1.238317608833312988e+00,-8.611689805984497070e-01,-6.500685811042785645e-01,-1.026499152183532715e+00,-1.566726684570312500e+00,6.585417687892913818e-02,-6.889662146568298340e-01,-6.188402771949768066e-01,-1.449712038040161133e+00,-1.138104915618896484e+00,-3.640872240066528320e-01
-3.547975420951843262e-01,-4.954904913902282715e-01,-1.063492536544799805e+00,-6.805692315101623535e-01,-8.968799710273742676e-01,-7.336727380752563477e-01,-5.387641787528991699e-01,-6.971718668937683105e-01,-2.706666588783264160e-01,-6.022838354110717773e-01,-1.665841817855834961e+00,-1.870433688163757324e-01,-1.269627571105957031e+00,-9.763569235801696777e-01,-2.405011057853698730e-01,-1.211896896362304688e+00,-1.167478680610656738e+00,-9.342482686042785645e-01,-9.366079568862915039e-01,-5.125445127487182617e-01,-1.400544285774230957e+00,-1.426998376846313477e+00,-7.901270985603332520e-01,2.342657595872879028e-01,-6.672760248184204102e-01,-6.090906858444213867e-01,6.797634959220886230e-01,-9.487680196762084961e-01,5.426637083292007446e-02,5.876707434654235840e-01,-2.580639123916625977e-01,8.583852648735046387e-01
2.260794490575790405e-01,9.901856184005737305e-01,1.753312498331069946e-01,7.534420490264892578e-01,1.226871386170387268e-01,1.333317756652832031e-01,-2.150632441043853760e-03,5.838527083396911621e-01,-7.297173142433166504e-01,1.433641016483306885e-01,-8.667559176683425903e-02,3.820377960801124573e-02,1.929783523082733154e-01,-7.844689488410949707e-01,6.153897643089294434e-01,-8.850257992744445801e-01,-1.286842972040176392e-01,-6.619299650192260742e-01,-1.616898536682128906e+00,-1.002182364463806152e+00,-1.013881564140319824e+00,-1.232752442359924316e+00,-5.711870789527893066e-01,-3.175271153450012207e-01,-7.173193097114562988e-01,-1.170816898345947266e+00,-1.043653935194015503e-01,-1.229829430580139160e+00,-1.182659983634948730e+00,-8.618979454040527344e-01,-3.730311989784240723e-01,-1.200584396719932556e-01
-4.602972865104675293e-01,5.419841408729553223e-01,3.976227343082427979e-01,5.271461009979248047e-01,3.879441320896148682e-01,-9.889021515846252441e-01,4.355337917804718018e-01,5.156201124191284180e-01,-1.127082824707031250e+00,-1.908445656299591064e-01,-6.084691882133483887e-01,-1.307073384523391724e-01,4.816588386893272400e-02,6.102257966995239258e-01,-1.626271754503250122e-01,-2.901613712310791016e-01,6.061416268348693848e-01,5.837742611765861511e-02,5.848087072372436523e-01,1.367341428995132446e-01,-7.376183867454528809e-01,5.868734121322631836e-01,-7.497577667236328125e-01,-4.495483636856079102e-01,-9.226288199424743652e-01,-6.214084029197692871e-01,-9.431396722793579102e-01,-2.451143562793731689e-01,1.090079069137573242e+00,4.526362121105194092e-01,1.460087776184082031e+00,1.012657403945922852e+00
1.112534642219543457e+00,7.910549044609069824e-01,1.236879348754882812e+00,4.969437122344970703e-01,1.207476735115051270e+00,4.928602278232574463e-01,7.611395716667175293e-01,7.656235694885253906e-01,7.491729855537414551e-01,8.267936706542968750e-01,6.154102087020874023e-02,2.926693856716156006e-01,1.614580303430557251e-01,3.624036014080047607e-01,2.371646314859390259e-01,4.860785901546478271e-01,7.873844504356384277e-01,3.806052505970001221e-01,-4.596206247806549072e-01,3.681747913360595703e-01,1.364181637763977051e-01,4.120673537254333496e-01,1.693155765533447266e-01,6.792992949485778809e-01,-1.341250166296958923e-02,-1.310140490531921387e-01,1.000460624694824219e+00,3.467548191547393799e-01,-4.130127131938934326e-01,2.588131427764892578e-01,4.512784481048583984e-01,5.253759622573852539e-01
8.595566749572753906e-01,5.932166576385498047e-01,1.033611774444580078e+00,9.444595873355865479e-02,5.782941579818725586e-01,1.051342412829399109e-01,-2.089390605688095093e-01,9.345752000808715820e-01,4.305242598056793213e-01,5.603393912315368652e-01,7.676290273666381836e-01,-2.870778143405914307e-01,1.524859428405761719e+00,2.168334126472473145e-01,-6.357525587081909180e-01,5.529385805130004883e-01,1.031995415687561035e+00,-1.994886249303817749e-01,-1.054448604583740234e+00,-4.547966122627258301e-01,-3.972393572330474854e-01,-9.576406478881835938e-01,4.446327984333038330e-01,1.892437338829040527e-01,2.829667627811431885e-01,-1.973764747381210327e-01,1.888508915901184082e+00,1.075954318046569824e+00,-2.134452015161514282e-02,-2.616808749735355377e-02,-2.077288776636123657e-01,3.265825510025024414e-01
5.508367717266082764e-02,-7.004204392433166504e-01,1.977580934762954712e-01,-7.105495929718017578e-01,-1.747315645217895508e+00,-8.960769772529602051e-01,-1.623194932937622070e+00,-1.788646340370178223e+00,1.971638202667236328e-01,-8.910070061683654785e-01,-7.498028278350830078e-01,-1.241816759109497070e+00,-3.900885581970214844e-01,-1.024306893348693848e+00,-1.968965291976928711e+00,-1.244062423706054688e+00,-1.177180647850036621e+00,-1.563742995262145996e+00,-9.031400680541992188e-01,-1.222362160682678223e+00,-1.846119046211242676e+00,-7.471758127212524414e-01,-7.051932811737060547e-01,-1.525037288665771484e+00,-6.286486387252807617e-01,-7.265650629997253418e-01,-5.959306359291076660e-01,6.981958746910095215e-01,-2.235631227493286133e+00,-2.584582567214965820e+00,-6.995420455932617188e-01,-1.445979237556457520e+00
-2.789490222930908203e-01,-6.321877837181091309e-01,-1.261834025382995605e+00,-1.059907555580139160e+00,-1.574151039123535156e+00,-4.146508574485778809e-01,-1.527481555938720703e+00,-1.344217061996459961e+00,2.408798597753047943e-02,-6.089420318603515625e-01,-1.038154363632202148e+00,7.605202496051788330e-02,-9.505679011344909668e-01,-1.441916823387145996e+00,-6.237137913703918457e-01,-1.318904519081115723e+00,-1.394977569580078125e+00,-8.373016119003295898e-01,-2.629688024520874023e+00,-1.678281664848327637e+00,-1.406678676605224609e+00,-1.521129012107849121e+00,-5.843981504440307617e-01,-1.209484100341796875e+00,-1.115346908569335938e+00,-2.191067695617675781e+00,-1.417820811271667480e+00,-1.701970338821411133e+00,-1.538012266159057617e+00,-2.113700389862060547e+00,-1.316588044166564941e+00,-1.580443501472473145e+00
-2.531665086746215820e+00,-2.719033718109130859e+00,-2.594448804855346680e+00,-2.207884311676025391e+00,-2.329334497451782227e+00,-1.576277852058410645e+00,-1.611171841621398926e+00,-1.862576365470886230e+00,-6.608790755271911621e-01,-1.049383282661437988e+00,-1.949127674102783203e+00,-1.664870232343673706e-01,-8.767449855804443359e-01,-3.833348453044891357e-01,3.927405178546905518e-01,-1.067112565040588379e+00,-9.875345826148986816e-01,-3.929629623889923096e-01,-1.117376565933227539e+00,-1.131280899047851562e+00,-1.142853736877441406e+00,-1.245769500732421875e+00,-1.436459183692932129e+00,-1.052704930305480957e+00,-1.091178655624389648e+00,-1.913137435913085938e+00,-1.210245370864868164e+00,-1.226057529449462891e+00,-1.428121924400329590e+00,-9.235901236534118652e-01,-1.911986470222473145e+00,-1.629963330924510956e-02
-1.169234037399291992e+00,-3.728439807891845703e-01,-6.743609309196472168e-01,-1.057401299476623535e-01,-9.747667908668518066e-01,-4.948487877845764160e-01,-6.863384842872619629e-01,-9.984798431396484375e-01,-5.760863423347473145e-01,-6.748262047767639160e-01,-7.076347470283508301e-01,1.200089976191520691e-01,9.164897352457046509e-02,-5.311106443405151367e-01,-8.194992542266845703e-01,-5.159917473793029785e-01,-1.141695976257324219e-01,-1.071649193763732910e+00,-7.136529088020324707e-01,-7.141808271408081055e-01,-5.786507725715637207e-01,-4.242458194494247437e-02,-7.319099307060241699e-01,-1.085988521575927734e+00,-2.313777357339859009e-01,-1.179778218269348145e+00,-1.727836132049560547e+00,-4.386512637138366699e-01,-1.467794060707092285e+00,-1.295571208000183105e+00,-1.841523647308349609e+00,-1.771350979804992676e+00
-1.192003607749938965e+00,-3.122995197772979736e-01,-4.913163781166076660e-01,1.843234896659851074e-02,-1.401294767856597900e-01,-2.960939705371856689e-01,2.695254385471343994e-01,-1.898240298032760620e-01,-1.239593982696533203e+00,-1.982259899377822876e-01,-3.291274905204772949e-01,7.887690663337707520e-01,-5.414726957678794861e-02,8.599669337272644043e-01,7.889207005500793457e-01,2.984595894813537598e-01,4.151205122470855713e-01,2.377585917711257935e-01,5.763010978698730469e-01,-1.224575862288475037e-01,4.256906509399414062e-01,1.971237510442733765e-01,-1.357726156711578369e-01,7.181686162948608398e-02,-1.863097995519638062e-01,-8.678601384162902832e-01,-3.486075699329376221e-01,-6.457897368818521500e-03,4.680333137512207031e-01,3.098946809768676758e-01,3.131130039691925049e-01,-6.286690831184387207e-01
-5.062552094459533691e-01,2.880419492721557617e-01,-9.596225619316101074e-02,9.619084596633911133e-01,6.411276459693908691e-01,6.989726424217224121e-02,1.287593841552734375e+00,2.644114494323730469e-01,4.417064189910888672e-01,8.384642601013183594e-01,3.668486773967742920e-01,9.744226336479187012e-01,8.977978825569152832e-01,7.567664980888366699e-01,1.423469424247741699e+00,5.103015303611755371e-01,1.313466072082519531e+00,6.816783547401428223e-01,1.377596259117126465e+00,1.701637506484985352e-01,-5.804276466369628906e-01,7.098589539527893066e-01,-3.524862527847290039e-01,2.170465141534805298e-01,1.309530436992645264e-01,4.995837211608886719e-01,-7.039039134979248047e-01,9.159355759620666504e-01,1.106445640325546265e-01,-9.986889362335205078e-02,-1.511601358652114868e-01,4.851702153682708740e-01
-4.067994058132171631e-01,-3.863646090030670166e-01,-5.535411834716796875e-01,2.961865663528442383e-01,7.236640453338623047e-01,6.691842675209045410e-01,1.047030329704284668e+00,8.589468598365783691e-01,4.801976680755615234e-01,1.033348679542541504e+00,3.995622992515563965e-01,7.984977960586547852e-01,5.352551937103271484e-01,1.098481416702270508e+00,-4.533473402261734009e-02,3.510940670967102051e-01,1.357735872268676758e+00,-2.040666490793228149e-01,-2.478449791669845581e-02,-5.420921444892883301e-01,-2.732805311679840088e-01,-5.974890589714050293e-01,-1.891506277024745941e-02,-5.416293144226074219e-01,-2.229083776473999023e-01,-5.304431319236755371e-01,-7.335778474807739258e-01,-7.081684470176696777e-01,-7.468696832656860352e-01,-1.060775399208068848e+00,-1.294754505157470703e+00,-5.321441963315010071e-02
-6.241719722747802734e-01,-1.062428057193756104e-01,-9.787113070487976074e-01,-5.333325266838073730e-01,-3.892799317836761475e-01,-4.355305731296539307e-01,2.160463929176330566e-01,-2.946791946887969971e-01,3.790087103843688965e-01,2.092731744050979614e-01,5.871821567416191101e-02,-3.975520133972167969e-01,1.003141045570373535e+00,5.056358575820922852e-01,-1.454254388809204102e+00,-2.291891574859619141e-01,-5.538505036383867264e-03,-8.460088968276977539e-01,2.700982987880706787e-01,8.546686172485351562e-02,-6.829369068145751953e-01,-4.393402934074401855e-01,-3.168089091777801514e-01,-7.070600986480712891e-01,-4.063682258129119873e-01,1.925862580537796021e-02,-9.248569607734680176e-01,-1.268433928489685059e-01,-1.375854253768920898e+00,-1.186884045600891113e+00,-1.010608196258544922e+00,2.883948385715484619e-01
2.570172585546970367e-02,1.646664142608642578e-01,-5.859174728393554688e-01,-5.215624570846557617e-01,-2.168089300394058228e-01,4.090630710124969482e-01,-1.965678036212921143e-01,-3.225364983081817627e-01,1.566796302795410156e-01,8.366438746452331543e-02,-6.756558418273925781e-01,-1.433449685573577881e-01,-1.391852349042892456e-01,2.298685610294342041e-01,-5.297078285366296768e-03,1.425319463014602661e-01,4.334548711776733398e-01,-7.621979117393493652e-01,-6.659471988677978516e-01,-6.059677600860595703e-01,-1.779634058475494385e-01,-1.234601140022277832e+00,-1.821586787700653076e-01,8.798615075647830963e-03,-2.026849687099456787e-01,-3.080239593982696533e-01,7.198354005813598633e-01,1.292151063680648804e-01,1.760357320308685303e-01,5.484544485807418823e-02,-1.177802324295043945e+00,3.477255105972290039e-01
7.082785367965698242e-01,4.163220226764678955e-01,1.051987484097480774e-01,-1.602123230695724487e-01,-2.907654345035552979e-01,-4.803721904754638672e-01,-3.935452401638031006e-01,-4.533863365650177002e-01,-1.205659747123718262e+00,-9.488613605499267578e-01,-7.984865307807922363e-01,-2.974206209182739258e-01,-1.040997028350830078e+00,-2.990805730223655701e-02,2.867301702499389648e-01,3.560334816575050354e-02,-2.325026243925094604e-01,-1.640612035989761353e-01,3.849507123231887817e-02,1.248316615819931030e-01,-6.015810370445251465e-01,-9.661598801612854004e-01,-8.984655141830444336e-02,-5.283369123935699463e-02,-4.090571701526641846e-01,-2.339874058961868286e-01,6.393672227859497070e-01,-2.793183624744415283e-01,4.710124731063842773e-01,1.440606951713562012e+00,-4.302512407302856445e-01,1.423687577247619629e+00
3.617390990257263184e-01,8.384102024137973785e-03,5.994319319725036621e-01,6.532221287488937378e-02,9.404986500740051270e-01,8.011638522148132324e-01,9.963572621345520020e-01,1.139683723449707031e+00,-5.248616933822631836e-01,5.261005759239196777e-01,8.072643280029296875e-01,-6.565749049186706543e-01,6.938012242317199707e-01,-2.133044451475143433e-01,2.261921167373657227e-01,1.027794852852821350e-01,4.255863726139068604e-01,-9.661748260259628296e-02,-8.536413908004760742e-01,3.888356983661651611e-01,4.726723134517669678e-01,-6.680632829666137695e-01,1.020990252494812012e+00,8.380103707313537598e-01,7.408757209777832031e-01,-2.770830690860748291e-01,1.744882345199584961e+00,1.646192371845245361e-01,-2.476869523525238037e-01,1.538540124893188477e-01,-7.763626575469970703e-01,6.298177838325500488e-01
1.150055050849914551e+00,1.358655333518981934e+00,1.122897744178771973e+00,8.243479132652282715e-01,1.275113940238952637e+00,4.634298086166381836e-01,1.368109464645385742e+00,1.249195456504821777e+00,-7.807803750038146973e-01,1.133720993995666504e+00,6.199344396591186523e-01,-5.002368092536926270e-01,1.039029359817504883e+00,6.066086292266845703e-01,3.713458180427551270e-01,1.492851257324218750e+00,7.034665346145629883e-01,3.525984585285186768e-01,1.223123788833618164e+00,1.095862269401550293e+00,3.103624284267425537e-01,-5.028437376022338867e-01,9.644658565521240234e-01,7.805358767509460449e-01,7.238886952400207520e-01,-1.125863753259181976e-02,1.652658104896545410e+00,6.187294721603393555e-01,1.268792271614074707e+00,1.043067097663879395e+00,4.273359775543212891e-01,1.121600985527038574e+00
2.358484983444213867e+00,2.216319084167480469e+00,2.365934610366821289e+00,2.178443431854248047e+00,2.111369609832763672e+00,1.431611299514770508e+00,1.958345413208007812e+00,1.263932228088378906e+00,6.536397933959960938e-01,9.700579643249511719e-01,5.784817337989807129e-01,-2.794499695301055908e-01,1.217211723327636719e+00,-9.263557381927967072e-03,1.155966877937316895e+00,5.966426134109497070e-01,9.196591973304748535e-01,-1.871907562017440796e-01,3.923333436250686646e-02,4.489897489547729492e-01,3.382002711296081543e-01,7.414772510528564453e-01,1.348691821098327637e+00,1.333756685256958008e+00,1.418263435363769531e+00,8.813672065734863281e-01,2.157013177871704102e+00,2.262292861938476562e+00,3.622157573699951172e-01,4.685163199901580811e-01,9.472474455833435059e-01,1.694820284843444824e+00
3.823543190956115723e-01,1.355374604463577271e-01,5.730512142181396484e-01,-1.182715892791748047e-01,1.827925324440002441e+00,8.442555665969848633e-01,1.276451587677001953e+00,6.141752600669860840e-01,-1.177359521389007568e-01,3.887214362621307373e-01,-4.711958169937133789e-01,-6.381841301918029785e-01,-7.135948538780212402e-01,-1.154636293649673462e-01,2.907201647758483887e-01,-1.233274787664413452e-01,-3.177573978900909424e-01,-2.373396903276443481e-01,2.696061134338378906e-01,-5.797566175460815430e-01,2.090588659048080444e-01,2.745591104030609131e-01,2.682700566947460175e-02,3.541285097599029541e-01,4.904982745647430420e-01,3.794372677803039551e-01,8.466589450836181641e-01,1.344442814588546753e-01,6.823081374168395996e-01,7.942193746566772461e-01,1.681183576583862305e+00,6.853607296943664551e-01
7.095950841903686523e-01,5.167986750602722168e-01,1.398145198822021484e+00,1.080846309661865234e+00,9.619226455688476562e-01,3.103915750980377197e-01,8.527974486351013184e-01,1.480243951082229614e-01,9.847956895828247070e-01,6.670956611633300781e-01,8.167767524719238281e-01,-7.977867126464843750e-01,-9.829932451248168945e-02,2.630629837512969971e-01,-2.580433785915374756e-01,-3.080223202705383301e-01,-4.099639654159545898e-01,-3.864998519420623779e-01,4.189810752868652344e-01,-2.068336457014083862e-01,-6.737563610076904297e-01,-1.638092100620269775e-01,-2.110096812248229980e-01,2.858815193176269531e-01,5.497676730155944824e-01,2.178408019244670868e-02,7.710350751876831055e-01,7.212271094322204590e-01,8.191242814064025879e-01,3.049836754798889160e-01,1.198364272713661194e-01,-4.619160592555999756e-01
-2.770341038703918457e-01,-1.183848381042480469e+00,-3.301153481006622314e-01,-4.099849164485931396e-01,2.177080214023590088e-01,7.152588367462158203e-01,1.009773090481758118e-02,2.869273722171783447e-01,6.793221235275268555e-01,8.831766843795776367e-01,3.707542121410369873e-01,-9.700915813446044922e-01,-3.425129652023315430e-01,-8.159208893775939941e-01,-1.424707621335983276e-01,-9.037560820579528809e-01,-1.034248948097229004e+00,-5.483767390251159668e-01,-2.338215351104736328e+00,-1.238178610801696777e+00,-4.217772781848907471e-01,-1.483869314193725586e+00,-8.530178666114807129e-02,4.609298706054687500e-02,-1.381342858076095581e-01,-1.025920987129211426e+00,1.163444072008132935e-01,6.820797175168991089e-02,2.418794333934783936e-01,-6.789722442626953125e-01,-7.533506155014038086e-01,-1.243801712989807129e+00
2.931014001369476318e-01,-5.140150189399719238e-01,-5.954456329345703125e-01,-5.823162794113159180e-01,-7.282108664512634277e-01,-9.375579953193664551e-01,-9.066451787948608398e-01,-7.875095307826995850e-02,-3.850953578948974609e-01,-5.582447052001953125e-01,6.819201260805130005e-02,-1.621204137802124023e+00,-1.139925956726074219e+00,-6.643955707550048828e-01,-1.660599589347839355e+00,-7.756077051162719727e-01,-2.044816017150878906e+00,-6.812295317649841309e-01,-1.511819243431091309e+00,-1.035900712013244629e+00,-5.328325033187866211e-01,-9.960057139396667480e-01,-2.456566244363784790e-01,7.834757864475250244e-02,-4.522573351860046387e-01,-3.770910501480102539e-01,8.062018752098083496e-01,-6.445324420928955078e-01,1.271243393421173096e-01,1.557897329330444336e-01,-8.987732231616973877e-02,-1.211606025695800781e+00
-1.299148947000503540e-01,-7.186136245727539062e-01,-2.524640262126922607e-01,-2.103381603956222534e-01,7.942810654640197754e-02,9.761754423379898071e-02,5.718633905053138733e-02,5.936040878295898438e-01,3.320069909095764160e-01,6.896389126777648926e-01,1.166205286979675293e+00,-3.513002395629882812e-01,4.340832233428955078e-01,-4.014208316802978516e-01,-1.015731915831565857e-01,-3.089311718940734863e-01,-9.457474946975708008e-01,-2.891044020652770996e-01,-1.784870624542236328e+00,-3.599296808242797852e-01,-5.314575433731079102e-01,-9.153875708580017090e-01,4.268769025802612305e-01,3.189760446548461914e-01,-8.525714278221130371e-02,-4.280237555503845215e-01,2.769361734390258789e-01,-4.086477458477020264e-01,3.802416920661926270e-01,-2.483100593090057373e-01,-2.037281394004821777e-01,6.717622280120849609e-01
2.577952146530151367e-01,4.513165354728698730e-01,7.043389678001403809e-01,1.082337379455566406e+00,1.346321821212768555e+00,1.271493911743164062e+00,1.491391897201538086e+00,6.060399413108825684e-01,3.347648382186889648e-01,8.171179890632629395e-01,5.637297034263610840e-01,-8.415497541427612305e-01,-1.483147144317626953e-01,3.571542501449584961e-01,-7.047522068023681641e-01,4.619346931576728821e-02,-2.788350917398929596e-03,2.578660547733306885e-01,-5.329545959830284119e-02,4.372797533869743347e-02,-2.045532017946243286e-01,4.213108122348785400e-01,1.885618418455123901e-01,-2.479571551084518433e-01,-2.527443468570709229e-01,-2.144192159175872803e-01,-4.429600536823272705e-01,-6.374173164367675781e-01,-6.062447428703308105e-01,-3.193940520286560059e-01,2.452863156795501709e-01,5.773174762725830078e-01
-1.040127038955688477e+00,-5.774757266044616699e-01,-1.443290472030639648e+00,-8.048686385154724121e-02,-2.522073686122894287e-01,2.296567708253860474e-01,9.275575280189514160e-01,-1.916044801473617554e-01,1.000674843788146973e+00,6.632802486419677734e-01,-5.320794507861137390e-02,-3.227605223655700684e-01,-4.405368268489837646e-01,-3.560073375701904297e-01,-9.168760776519775391e-01,-4.113945364952087402e-01,-1.373243689537048340e+00,-3.734240233898162842e-01,-1.736672669649124146e-01,-1.060186862945556641e+00,-1.134646177291870117e+00,-5.447156429290771484e-01,-7.014949321746826172e-01,-4.458734989166259766e-01,-5.596378445625305176e-01,-1.273627281188964844e+00,-1.619274973869323730e+00,-2.112818241119384766e+00,-9.258091449737548828e-02,-1.648948043584823608e-01,-1.892447918653488159e-01,-7.423939704895019531e-01
-1.276409387588500977e+00,-1.832572460174560547e+00,-2.403237104415893555e+00,-1.233920454978942871e+00,-1.048389315605163574e+00,6.979783996939659119e-03,-2.458684891462326050e-01,-4.971581697463989258e-01,-9.960532933473587036e-02,2.225397825241088867e-01,-9.718376994132995605e-01,-4.419291615486145020e-01,-9.733522534370422363e-01,-1.350736975669860840e+00,-5.513088703155517578e-01,-1.284368157386779785e+00,-2.276211023330688477e+00,-1.299443840980529785e+00,-2.096873998641967773e+00,-2.264390468597412109e+00,-1.294502377510070801e+00,-1.713068842887878418e+00,-1.019536614418029785e+00,-1.616362333297729492e+00,-9.996742010116577148e-01,-1.101505398750305176e+00,-2.311341762542724609e+00,-1.529978752136230469e+00,-2.238308668136596680e+00,-2.047312259674072266e+00,-3.011355400085449219e+00,-3.673719882965087891e+00
-2.325452804565429688e+00,-1.889438509941101074e+00,-2.360652208328247070e+00,-1.242295861244201660e+00,-1.764269828796386719e+00,-1.095905661582946777e+00,-9.304659962654113770e-01,-1.297432184219360352e+00,-5.053306221961975098e-01,-1.316660404205322266e+00,-1.412234067916870117e+00,-1.596930861473083496e+00,-2.553913354873657227e+00,-1.137211918830871582e+00,-2.724417924880981445e+00,-1.504192113876342773e+00,-2.802980184555053711e+00,-1.437562823295593262e+00,-1.604805111885070801e+00,-2.096023321151733398e+00,-1.187254667282104492e+00,-2.550220727920532227e+00,-1.000014424324035645e+00,-1.809511899948120117e+00,-1.211553096771240234e+00,-9.591186642646789551e-01,-1.911960244178771973e+00,-1.129074811935424805e+00,-1.394144177436828613e+00,-2.093446969985961914e+00,-1.635500550270080566e+00,-2.744144201278686523e+00
-2.008803844451904297e+00,-1.458667993545532227e+00,-1.959237575531005859e+00,-1.078625440597534180e+00,-5.740042328834533691e-01,-5.558970570564270020e-01,-3.685774505138397217e-01,-4.692460894584655762e-01,-9.533606767654418945e-01,-4.741563796997070312e-01,-7.564538121223449707e-01,5.979441106319427490e-03,-1.121666908264160156e+00,-9.400746226310729980e-01,6.084072589874267578e-01,-6.391216516494750977e-01,-6.355530023574829102e-01,-2.112478762865066528e-02,-1.667522192001342773e+00,-6.845048666000366211e-01,4.292444288730621338e-01,-1.468832135200500488e+00,-3.024018108844757080e-01,4.417156875133514404e-01,-8.156991004943847656e-02,-1.211729198694229126e-01,-7.625017762184143066e-01,-5.714096426963806152e-01,9.221888780593872070e-01,4.982690792530775070e-03,-1.488589286804199219e+00,-5.568575263023376465e-01
-1.893550038337707520e+00,-1.632878422737121582e+00,-1.980141162872314453e+00,-1.514910578727722168e+00,-1.103336572647094727e+00,-1.424034953117370605e+00,-9.264515042304992676e-01,-4.857084751129150391e-01,-1.577924609184265137e+00,-1.059507846832275391e+00,-7.701618075370788574e-01,-1.650293350219726562e+00,-1.014120101928710938e+00,-6.282015442848205566e-01,-1.395436167716979980e+00,9.021359682083129883e-02,-1.154148101806640625e+00,-1.079518556594848633e+00,-7.605853080749511719e-01,-6.586145758628845215e-01,-7.127208709716796875e-01,-1.089336037635803223e+00,-7.638888955116271973e-01,-1.187855124473571777e+00,-5.625683069229125977e-01,-3.793069422245025635e-01,-1.621322154998779297e+00,-1.529264450073242188e+00,-3.586332201957702637e-01,-1.379739344120025635e-01,-1.715732693672180176e+00,-8.067231774330139160e-01
-1.146584272384643555e+00,-7.042977213859558105e-01,-6.789305210113525391e-01,-4.202004373073577881e-01,-4.542455375194549561e-01,-3.964557051658630371e-01,-1.595359593629837036e-01,4.196398332715034485e-02,-7.562076449394226074e-01,5.092180892825126648e-02,1.842750459909439087e-01,-5.203729867935180664e-01,2.425215244293212891e-01,7.602734118700027466e-02,-8.083203807473182678e-03,1.591283977031707764e-01,-1.136730462312698364e-01,-3.053818643093109131e-01,-4.162741005420684814e-01,-6.634589284658432007e-02,7.750599086284637451e-02,-6.895233392715454102e-01,-1.772275269031524658e-01,-2.519889967516064644e-03,1.352038234472274780e-01,-1.316983699798583984e-01,-7.056470513343811035e-01,-5.406060218811035156e-01,3.469427302479743958e-02,-5.403889417648315430e-01,-3.260766565799713135e-01,-1.233959794044494629e+00
-5.357568264007568359e-01,-3.032857775688171387e-01,-7.868192195892333984e-01,-8.266003727912902832e-01,4.238563403487205505e-02,-9.602671116590499878e-02,2.663711905479431152e-01,5.670068264007568359e-01,-5.904034376144409180e-01,6.975440382957458496e-01,-2.513650059700012207e-01,-1.656078815460205078e+00,1.583886295557022095e-01,1.641414165496826172e-01,-3.501574993133544922e-01,2.906750738620758057e-01,1.443830970674753189e-02,-2.812349796295166016e-01,-1.127044320106506348e+00,-1.452038288116455078e-01,3.394271731376647949e-01,-6.612402796745300293e-01,2.516917884349822998e-01,7.727662101387977600e-03,-7.065313309431076050e-02,-5.622801557183265686e-02,-3.301424682140350342e-01,-1.082126498222351074e+00,3.929503634572029114e-02,7.227769494056701660e-01,-1.266811251640319824e+00,8.716733455657958984e-01
-4.992837309837341309e-01,1.494225859642028809e-01,-3.070079386234283447e-01,-2.928554415702819824e-01,-2.159098386764526367e-01,-6.321576237678527832e-01,-8.770483732223510742e-02,6.716702580451965332e-01,1.128989681601524353e-01,3.667766749858856201e-01,3.690527975559234619e-01,-3.685274720191955566e-01,-1.263567358255386353e-01,-3.337306976318359375e-01,-3.827655017375946045e-01,4.078381657600402832e-01,-8.058333992958068848e-01,6.651615351438522339e-02,-2.871486246585845947e-01,4.155601561069488525e-01,-2.030724585056304932e-01,-1.150971651077270508e+00,1.669051945209503174e-01,-1.793951541185379028e-01,2.459656447172164917e-01,5.679827928543090820e-01,-7.628463506698608398e-01,-6.399604678153991699e-01,2.382591515779495239e-01,1.274027347564697266e+00,9.955355897545814514e-03,7.022192478179931641e-01
9.044374823570251465e-01,1.042246580123901367e+00,6.251644492149353027e-01,8.468410968780517578e-01,7.006473541259765625e-01,7.103670239448547363e-01,5.709212422370910645e-01,1.316442012786865234e+00,1.825451254844665527e-01,1.248906016349792480e+00,9.538375139236450195e-01,-1.309335947036743164e+00,1.328536272048950195e+00,6.611753702163696289e-01,4.526594281196594238e-02,1.713742136955261230e+00,1.131306529045104980e+00,5.294961333274841309e-01,2.531182765960693359e-02,9.618871808052062988e-01,1.166059017181396484e+00,4.593328237533569336e-01,1.093559265136718750e+00,8.275738358497619629e-01,1.179575562477111816e+00,6.225814819335937500e-01,8.114110231399536133e-01,3.513553440570831299e-01,6.200093030929565430e-01,1.131321668624877930e+00,4.303753077983856201e-01,1.510060071945190430e+00
1.335263013839721680e+00,1.516727089881896973e+00,6.042608022689819336e-01,7.887521982192993164e-01,2.937452793121337891e-01,-1.478481292724609375e-01,6.673924326896667480e-01,9.661029577255249023e-01,5.974595993757247925e-02,9.325274825096130371e-01,5.999041199684143066e-01,9.079053997993469238e-02,1.039855837821960449e+00,6.333185434341430664e-01,6.276005506515502930e-01,1.728639483451843262e+00,5.020941495895385742e-01,5.944263935089111328e-01,1.382904767990112305e+00,1.117453575134277344e+00,1.786826103925704956e-01,2.632382512092590332e-01,6.311154365539550781e-01,3.862781226634979248e-01,1.170075774192810059e+00,1.100625514984130859e+00,7.418273687362670898e-01,5.055447816848754883e-01,1.354660511016845703e+00,1.649198889732360840e+00,9.418200850486755371e-01,4.583146274089813232e-01
2.722168862819671631e-01,1.112169384956359863e+00,6.575083732604980469e-01,1.017713069915771484e+00,4.283004105091094971e-01,9.557133913040161133e-01,9.616604447364807129e-01,1.654509544372558594e+00,1.382118225097656250e+00,1.783186078071594238e+00,1.150486469268798828e+00,4.759635031223297119e-01,2.169353723526000977e+00,2.526304423809051514e-01,-8.337738513946533203e-01,1.559513688087463379e+00,5.423915386199951172e-01,1.136130616068840027e-01,5.153066515922546387e-01,6.513639688491821289e-01,8.611964583396911621e-01,-5.345574021339416504e-01,1.069105863571166992e+00,2.836976051330566406e-01,9.665213227272033691e-01,3.696939051151275635e-01,4.334943890571594238e-01,9.401098825037479401e-03,-4.472544416785240173e-02,-3.877178430557250977e-01,-4.750038087368011475e-01,-8.997086882591247559e-01
1.060263514518737793e+00,1.016630291938781738e+00,6.015384793281555176e-01,9.373531341552734375e-01,1.235014557838439941e+00,1.071307301521301270e+00,1.621290087699890137e+00,1.415654420852661133e+00,5.038654804229736328e-01,1.599099397659301758e+00,9.625186324119567871e-01,3.044666647911071777e-01,1.724999785423278809e+00,5.617465376853942871e-01,-4.038162156939506531e-02,2.038123846054077148e+00,2.873911261558532715e-01,2.967344522476196289e-01,8.954059481620788574e-01,1.078217029571533203e+00,8.738673329353332520e-01,1.007764935493469238e+00,1.180645823478698730e+00,7.244473099708557129e-01,1.073547601699829102e+00,9.823365211486816406e-01,5.603179335594177246e-01,5.618656277656555176e-01,3.806565403938293457e-01,1.475700855255126953e+00,-9.117989540100097656e-01,4.511117339134216309e-01
1.199214458465576172e-01,6.191642880439758301e-01,5.917834490537643433e-02,7.693363726139068604e-02,-4.165608584880828857e-01,-3.938904702663421631e-01,2.838834747672080994e-02,3.963843584060668945e-01,9.289279580116271973e-01,8.644239306449890137e-01,1.282056272029876709e-01,-9.212217330932617188e-01,8.662775754928588867e-01,-2.555639147758483887e-01,-5.751801729202270508e-01,3.870135545730590820e-01,-8.154971152544021606e-02,1.219014003872871399e-01,1.221893310546875000e+00,3.949313238263130188e-02,2.298737913370132446e-01,4.653363227844238281e-01,1.285414695739746094e-01,-3.849131762981414795e-01,4.156587421894073486e-01,1.139126539230346680e+00,4.724920690059661865e-01,2.177397310733795166e-01,4.970331862568855286e-02,4.904903471469879150e-01,-9.526438117027282715e-01,5.694004893302917480e-02
-5.858438014984130859e-01,-2.725661695003509521e-01,-1.053348660469055176e+00,-1.115617036819458008e+00,-1.288857221603393555e+00,-8.262393623590469360e-02,-8.984932899475097656e-01,1.007190421223640442e-01,1.194283604621887207e+00,-2.775513008236885071e-02,-5.167473554611206055e-01,5.083494186401367188e-01,4.698534682393074036e-02,-9.430963397026062012e-01,-6.218907609581947327e-02,-5.556256175041198730e-01,-5.939187407493591309e-01,1.971846371889114380e-01,-4.281566143035888672e-01,-7.460063099861145020e-01,6.556490659713745117e-01,9.448141455650329590e-01,6.602976322174072266e-01,3.750855922698974609e-01,8.263582587242126465e-01,8.429477214813232422e-01,1.336075663566589355e+00,1.538094043731689453e+00,-2.520237267017364502e-01,-3.742753565311431885e-01,-1.162078380584716797e+00,-2.033759593963623047e+00
8.570433855056762695e-01,9.749417752027511597e-02,6.093813776969909668e-01,-2.898415327072143555e-01,-4.050268232822418213e-01,1.244429871439933777e-01,-7.262173891067504883e-01,-9.178388714790344238e-01,-3.880255520343780518e-01,-1.251125454902648926e+00,-1.193118572235107422e+00,-1.141329765319824219e+00,-1.597285389900207520e+00,-1.870797425508499146e-01,-3.258734941482543945e-01,-5.169796347618103027e-01,-2.394544035196304321e-01,1.717211902141571045e-01,-2.635594010353088379e-01,3.795318901538848877e-01,8.845286369323730469e-01,8.442034721374511719e-01,2.069617062807083130e-01,5.167244076728820801e-01,4.834941327571868896e-01,4.736611545085906982e-01,4.740933179855346680e-01,4.740839600563049316e-01,1.842944771051406860e-01,6.452405452728271484e-01,8.109738230705261230e-01,-6.543448567390441895e-01
5.514351725578308105e-01,9.718598723411560059e-01,7.667257785797119141e-01,4.886634349822998047e-01,-9.549611806869506836e-01,-5.085100531578063965e-01,-1.010182738304138184e+00,1.002807766199111938e-01,-7.066419720649719238e-01,-1.068011403083801270e+00,2.235043048858642578e-01,6.180155873298645020e-01,4.297152459621429443e-01,-4.568698406219482422e-01,-4.282378256320953369e-01,2.922161817550659180e-01,7.421596646308898926e-01,1.862631887197494507e-01,1.630925416946411133e+00,8.493750095367431641e-01,1.230936408042907715e+00,1.951473712921142578e+00,1.034182906150817871e+00,9.140690565109252930e-01,1.166146993637084961e+00,1.390547633171081543e+00,-3.762748539447784424e-01,1.093327760696411133e+00,-4.779890477657318115e-01,-2.776685059070587158e-01,-1.328931450843811035e+00,-1.034576535224914551e+00
1.310548663139343262e+00,1.852654576301574707e+00,1.410784602165222168e+00,1.135952949523925781e+00,9.718126654624938965e-01,7.206477522850036621e-01,7.057351469993591309e-01,7.937821745872497559e-01,-5.970717668533325195e-01,-5.413871258497238159e-02,1.033978104591369629e+00,-8.853451013565063477e-01,5.762984752655029297e-01,9.051598310470581055e-01,-4.434755146503448486e-01,1.338938832283020020e+00,1.654905319213867188e+00,-7.136348634958267212e-02,1.022597908973693848e+00,1.830030202865600586e+00,1.776672452688217163e-01,1.825076580047607422e+00,7.239059805870056152e-01,9.012806415557861328e-02,1.119871497154235840e+00,6.335794329643249512e-01,2.037243247032165527e-01,7.335143089294433594e-01,-4.317174553871154785e-01,5.301726236939430237e-02,3.920425176620483398e-01,9.766740202903747559e-01
8.170396685600280762e-01,1.294598102569580078e+00,9.184958934783935547e-01,6.964318752288818359e-01,4.351334869861602783e-01,-2.177255153656005859e-01,7.032977938652038574e-01,2.549887299537658691e-01,1.476843506097793579e-01,1.104469597339630127e-01,6.375673413276672363e-01,8.868641853332519531e-01,5.577247142791748047e-01,8.668043017387390137e-01,1.143274545669555664e+00,8.622649312019348145e-01,2.356729358434677124e-01,8.810772299766540527e-01,1.082572817802429199e+00,1.119667172431945801e+00,3.941509723663330078e-01,1.755874603986740112e-01,7.625824809074401855e-01,3.402271270751953125e-01,7.057423591613769531e-01,5.225409269332885742e-01,-9.994673728942871094e-02,-2.672026455402374268e-01,1.142007350921630859e+00,1.527857899665832520e+00,1.768889904022216797e+00,1.991721987724304199e+00
1.673664093017578125e+00,1.772359371185302734e+00,1.351444125175476074e+00,1.089412093162536621e+00,1.068349123001098633e+00,1.381738662719726562e+00,6.081374287605285645e-01,-1.517770439386367798e-01,1.241726994514465332e+00,-2.469283938407897949e-01,-6.525513529777526855e-01,7.477210164070129395e-01,-1.108838438987731934e+00,-4.683831036090850830e-01,1.087552070617675781e+00,-1.240308523178100586e+00,1.832710385322570801e+00,5.410758256912231445e-01,-2.421849817037582397e-01,7.106197476387023926e-01,8.685155510902404785e-01,4.436475634574890137e-01,1.143312573432922363e+00,1.201882481575012207e+00,1.077476382255554199e+00,1.003094077110290527e+00,1.278916954994201660e+00,5.422633886337280273e-01,2.579443752765655518e-01,-1.472582221031188965e-01,1.983938068151473999e-01,-7.339491695165634155e-02
-7.404131889343261719e-01,-3.931580483913421631e-01,-8.809666037559509277e-01,-8.043610453605651855e-01,-6.924784779548645020e-01,-1.633587628602981567e-01,-1.931267976760864258e-01,-1.209477663040161133e+00,-8.316603302955627441e-02,-1.177311301231384277e+00,-2.147710084915161133e+00,-1.107004582881927490e-01,-1.914259433746337891e+00,-1.694701671600341797e+00,6.985951960086822510e-02,-9.207872152328491211e-01,-1.583210349082946777e+00,1.403332203626632690e-01,4.665110632777214050e-02,-2.296761423349380493e-01,5.614107251167297363e-01,9.003693461418151855e-01,-2.970474660396575928e-01,1.746703684329986572e-01,3.523317873477935791e-01,7.163980603218078613e-01,1.119845390319824219e+00,1.621932387351989746e+00,1.384377032518386841e-01,5.214977264404296875e-01,8.386068791151046753e-02,-2.270150780677795410e-01
-7.470854520797729492e-01,-4.988043606281280518e-01,-1.016208171844482422e+00,-4.720076918601989746e-01,-1.567446351051330566e+00,-5.060045123100280762e-01,-7.714216113090515137e-01,-2.303307771682739258e+00,-7.842600345611572266e-03,-1.334016799926757812e+00,-1.243909716606140137e+00,-8.047034740447998047e-01,-1.195568561553955078e+00,-5.966613292694091797e-01,-1.514001250267028809e+00,-4.050325751304626465e-01,-9.748150706291198730e-01,6.211765110492706299e-02,-3.983097523450851440e-02,-1.042028427124023438e+00,1.666463464498519897e-01,4.837088659405708313e-02,1.634460240602493286e-01,-1.418278068304061890e-01,1.718346029520034790e-01,6.428828835487365723e-01,-1.918466538190841675e-01,8.666155338287353516e-01,-4.714650213718414307e-01,-5.750526785850524902e-01,-3.891272544860839844e-01,-1.913142204284667969e+00
3.348704576492309570e-01,-2.234213948249816895e-01,-4.587455987930297852e-01,6.801568269729614258e-01,-9.190489649772644043e-01,2.319236993789672852e-01,-2.268814742565155029e-01,-2.132192134857177734e+00,9.272150695323944092e-02,-1.418429255485534668e+00,-1.310999751091003418e+00,9.378672242164611816e-01,-1.779186367988586426e+00,-6.928258538246154785e-01,2.946069836616516113e-01,-6.015425324440002441e-01,-8.043819069862365723e-01,5.917334556579589844e-01,-1.510975509881973267e-01,-3.004493713378906250e-01,6.319361329078674316e-01,4.233119487762451172e-01,7.319834828376770020e-01,1.909446567296981812e-01,4.068995714187622070e-01,6.990783214569091797e-01,6.479410529136657715e-01,8.694730401039123535e-01,-1.177342683076858521e-01,-7.319177985191345215e-01,-2.708725035190582275e-01,-1.372553229331970215e+00
-1.066457152366638184e+00,-1.488194704055786133e+00,-8.441178798675537109e-01,-8.831347227096557617e-01,-8.797202110290527344e-01,-4.212727248668670654e-01,-1.392790526151657104e-01,-1.399794697761535645e+00,2.187094241380691528e-01,-7.315583825111389160e-01,-3.871496915817260742e-01,1.234899997711181641e+00,-8.937053680419921875e-01,2.454401552677154541e-01,1.084903478622436523e+00,2.255142331123352051e-01,-6.160727739334106445e-01,1.146154403686523438e+00,1.068616151809692383e+00,5.814569592475891113e-01,5.527589917182922363e-01,3.173648416996002197e-01,6.584392189979553223e-01,4.063322544097900391e-01,4.631580114364624023e-01,1.302629232406616211e+00,2.476879209280014038e-02,-3.166370093822479248e-01,9.273553490638732910e-01,1.050630807876586914e+00,7.825033664703369141e-01,6.835289597511291504e-01
7.314370274543762207e-01,5.981543064117431641e-01,8.980783820152282715e-01,1.257555723190307617e+00,1.118261456489562988e+00,1.569357633590698242e+00,1.327698111534118652e+00,3.927960246801376343e-02,6.132525205612182617e-01,3.587967753410339355e-01,5.137699246406555176e-01,1.410889506340026855e+00,1.873904764652252197e-01,8.233097195625305176e-01,2.372609376907348633e+00,4.950485825538635254e-01,1.203383445739746094e+00,1.817300319671630859e+00,6.590918898582458496e-01,7.865581512451171875e-01,1.182452917098999023e+00,1.708018302917480469e+00,1.329353570938110352e+00,1.206880211830139160e+00,1.056930899620056152e+00,1.082034945487976074e+00,1.141654849052429199e+00,1.532321929931640625e+00,1.280859827995300293e+00,9.530202746391296387e-01,1.137887835502624512e-01,-2.391233742237091064e-01
6.673472523689270020e-01,-5.537152290344238281e-01,8.244781494140625000e-01,4.800976216793060303e-01,9.434014558792114258e-01,6.299702525138854980e-01,7.515743374824523926e-01,6.546600721776485443e-03,6.725245118141174316e-01,4.196685254573822021e-01,2.165632992982864380e-01,7.625564932823181152e-01,-2.691229283809661865e-01,1.120802283287048340e+00,5.944078564643859863e-01,7.796778082847595215e-01,9.384519457817077637e-01,1.393368244171142578e+00,1.199253320693969727e+00,9.319224357604980469e-01,1.277621984481811523e+00,1.308624982833862305e+00,1.146330118179321289e+00,1.771356582641601562e+00,1.029139876365661621e+00,1.772298574447631836e+00,2.948621273040771484e+00,2.870935440063476562e+00,1.478881120681762695e+00,1.102895259857177734e+00,7.062720060348510742e-01,1.728071570396423340e-01
4.374080896377563477e-01,1.204261928796768188e-01,-5.405776575207710266e-02,6.302847862243652344e-01,2.413925975561141968e-01,8.843843340873718262e-01,6.564549356698989868e-02,1.491474509239196777e-01,1.862391233444213867e+00,6.047027111053466797e-01,9.327824711799621582e-01,1.598449945449829102e+00,-2.377206683158874512e-01,4.527453482151031494e-01,9.637930393218994141e-01,2.093524336814880371e-01,5.316964909434318542e-02,1.083647727966308594e+00,3.835093677043914795e-01,5.402634739875793457e-01,6.111846566200256348e-01,6.650710701942443848e-01,8.692649006843566895e-01,9.893717765808105469e-01,8.529417514801025391e-01,1.218409419059753418e+00,-2.183383256196975708e-01,4.304502904415130615e-01,1.034228801727294922e+00,1.003205657005310059e+00,-5.168411135673522949e-01,5.420792102813720703e-02
-9.502457976341247559e-01,-3.793391883373260498e-01,-6.817176938056945801e-01,4.733401536941528320e-01,5.521948933601379395e-01,1.262565374374389648e+00,1.498683542013168335e-01,-1.592823565006256104e-01,1.344262599945068359e+00,-9.543475508689880371e-02,6.290408968925476074e-01,5.256736278533935547e-01,-6.380012035369873047e-01,5.563868880271911621e-01,2.675368487834930420e-01,4.205620884895324707e-01,3.070623576641082764e-01,1.248427152633666992e+00,-2.900313735008239746e-01,2.387874722480773926e-01,1.004235625267028809e+00,1.770740300416946411e-01,6.606656312942504883e-01,4.909585416316986084e-01,4.904982745647430420e-01,-3.923415392637252808e-02,-8.857985138893127441e-01,-6.901949644088745117e-01,4.042637348175048828e-02,-1.728886067867279053e-01,-8.238444328308105469e-01,8.739707618951797485e-02
-1.621961474418640137e+00,-1.045593619346618652e+00,-1.406733512878417969e+00,-4.885682761669158936e-01,-4.385243356227874756e-01,-6.074002981185913086e-01,-3.195635080337524414e-01,-3.505855202674865723e-01,1.131542801856994629e+00,-5.141556859016418457e-01,-6.521453708410263062e-02,3.178153634071350098e-01,-1.251565337181091309e+00,5.196635127067565918e-01,3.641569316387176514e-01,-7.341560721397399902e-01,-6.592730879783630371e-01,5.797048807144165039e-01,-2.869728505611419678e-01,-1.552455425262451172e-01,2.835822403430938721e-01,-9.583076834678649902e-01,2.224359959363937378e-01,6.126272082328796387e-01,4.923821240663528442e-02,6.066467165946960449e-01,1.933060288429260254e-01,-6.115000322461128235e-02,5.365921854972839355e-01,8.788534402847290039e-01,2.647938430309295654e-01,3.840503990650177002e-01
-1.580850720405578613e+00,-1.203665375709533691e+00,-1.656702041625976562e+00,-8.049320578575134277e-01,-3.409602940082550049e-01,5.073169469833374023e-01,-4.535990953445434570e-01,-8.346231281757354736e-02,8.965233564376831055e-01,-8.939994871616363525e-02,7.664883136749267578e-01,7.597768306732177734e-01,6.696395874023437500e-01,-9.753202646970748901e-02,1.049784570932388306e-01,2.830485999584197998e-01,-9.550292491912841797e-01,-4.545420110225677490e-01,-1.176894545555114746e+00,7.465517520904541016e-02,4.101640731096267700e-02,-7.421061992645263672e-01,5.279657840728759766e-01,-3.471148386597633362e-02,2.803422212600708008e-01,-1.846025586128234863e-01,-1.252323865890502930e+00,-9.433959722518920898e-01,-1.058891892433166504e+00,-1.639233589172363281e+00,-9.282050728797912598e-01,-7.472993731498718262e-01
-1.172166347503662109e+00,-6.498507261276245117e-01,-1.334267497062683105e+00,-1.734417378902435303e-01,-4.485941231250762939e-01,-4.955447837710380554e-02,-5.402388572692871094e-01,-1.032938584685325623e-01,-1.893427670001983643e-01,-7.552238106727600098e-01,5.840499997138977051e-01,2.866576313972473145e-01,7.340181469917297363e-01,8.990944027900695801e-01,6.046580672264099121e-01,9.090511202812194824e-01,6.821910291910171509e-02,1.137626692652702332e-01,5.283492803573608398e-01,3.565610647201538086e-01,3.370579779148101807e-01,2.332399189472198486e-01,5.314065814018249512e-01,8.156043291091918945e-02,6.318367123603820801e-01,2.279752045869827271e-01,-5.828166007995605469e-01,-1.491345643997192383e+00,5.213946104049682617e-01,4.791269302368164062e-01,-6.525254845619201660e-01,6.497809886932373047e-01
-9.202654361724853516e-01,2.026102691888809204e-01,-5.113126039505004883e-01,3.460586071014404297e-01,-4.089571535587310791e-02,-5.697173997759819031e-02,4.681824445724487305e-01,2.159556448459625244e-01,4.000480175018310547e-01,1.613687723875045776e-01,6.791940331459045410e-01,1.027882099151611328e+00,3.406634330749511719e-01,8.610256314277648926e-01,1.179734945297241211e+00,7.292957305908203125e-01,5.357071161270141602e-01,1.359287381172180176e+00,1.301977157592773438e+00,1.334938406944274902e+00,1.621808648109436035e+00,1.087696909904479980e+00,9.771249294281005859e-01,9.109821915626525879e-01,1.134894132614135742e+00,1.607850790023803711e+00,-3.531681001186370850e-01,-9.115350991487503052e-02,9.968193173408508301e-01,4.148179590702056885e-01,2.560480237007141113e-01,-2.254627346992492676e-01
3.506684899330139160e-01,9.786864519119262695e-01,1.098980158567428589e-01,1.378016352653503418e+00,1.943445444107055664e+00,1.672702193260192871e+00,1.966108202934265137e+00,1.339615345001220703e+00,1.128343343734741211e+00,1.221350431442260742e+00,1.325616478919982910e+00,2.108059883117675781e+00,1.364463925361633301e+00,1.234677791595458984e+00,2.011376380920410156e+00,1.111488342285156250e+00,1.635539650917053223e+00,1.917927265167236328e+00,7.733818292617797852e-01,1.250241518020629883e+00,1.698320388793945312e+00,1.407577514648437500e+00,1.054386019706726074e+00,8.551875948905944824e-01,1.299386501312255859e+00,1.042197942733764648e+00,-6.059030294418334961e-01,6.714212894439697266e-01,8.742957115173339844e-01,9.364590644836425781e-01,7.812007665634155273e-01,7.693426609039306641e-01
2.213819324970245361e-01,7.582806944847106934e-01,4.083500243723392487e-03,8.503943085670471191e-01,4.975816309452056885e-01,4.220880270004272461e-01,1.104134678840637207e+00,1.675546318292617798e-01,1.124917507171630859e+00,8.454217314720153809e-01,3.595789968967437744e-01,2.059190124273300171e-01,6.496885418891906738e-02,8.769721388816833496e-01,3.436565399169921875e-01,7.329311370849609375e-01,1.719610393047332764e-01,1.349562764167785645e+00,1.256310462951660156e+00,9.288425445556640625e-01,1.342668533325195312e+00,6.902856826782226562e-01,6.255218982696533203e-01,6.128582358360290527e-01,9.600485563278198242e-01,4.919584691524505615e-01,3.985910713672637939e-01,9.740281105041503906e-01,1.534354329109191895e+00,1.392213940620422363e+00,2.931712567806243896e-01,-2.301818579435348511e-01
1.528400063514709473e+00,1.333668708801269531e+00,1.012027502059936523e+00,1.139030337333679199e+00,5.519893765449523926e-01,9.039118289947509766e-01,6.163507699966430664e-01,5.096761584281921387e-01,7.325828671455383301e-01,6.668961644172668457e-01,5.508337020874023438e-01,3.870799243450164795e-01,5.583937168121337891e-01,8.815819025039672852e-02,-1.977805197238922119e-01,6.934947967529296875e-01,1.028366684913635254e+00,4.890119135379791260e-01,1.428360491991043091e-01,-3.156884014606475830e-02,7.233398556709289551e-01,1.127891689538955688e-01,7.210907936096191406e-01,6.121442317962646484e-01,1.114751219749450684e+00,8.474283814430236816e-01,5.786816775798797607e-02,-4.747411906719207764e-01,-2.319990992546081543e-01,2.746932208538055420e-01,-1.702024638652801514e-01,6.313701868057250977e-01
-2.692846755962818861e-04,6.442171335220336914e-02,-9.148985147476196289e-02,-5.781285166740417480e-01,1.325514353811740875e-02,4.602879285812377930e-01,-3.817679882049560547e-01,-4.232829213142395020e-01,2.238588333129882812e-01,-3.138100206851959229e-01,-8.667945861816406250e-01,2.625136077404022217e-01,-1.293316960334777832e+00,-6.094097346067428589e-02,-2.405355125665664673e-01,4.467212855815887451e-01,-1.945734173059463501e-01,5.655219778418540955e-03,8.414073586463928223e-01,6.923649907112121582e-01,4.515189230442047119e-01,7.062187790870666504e-01,4.828309118747711182e-01,4.464404881000518799e-01,6.128370165824890137e-01,1.042703032493591309e+00,6.833308339118957520e-01,-2.357704043388366699e-01,9.654059261083602905e-02,4.373296797275543213e-01,1.401162028312683105e+00,1.288322925567626953e+00
-1.830537468194961548e-01,-2.674627900123596191e-01,5.694862604141235352e-01,6.989381313323974609e-01,-9.985027462244033813e-02,2.009422183036804199e-01,1.352850198745727539e-01,-7.279326915740966797e-01,4.144620299339294434e-01,-5.798901915550231934e-01,-1.412755995988845825e-01,9.766204357147216797e-01,-7.462564110755920410e-01,-5.119218304753303528e-02,1.811394333839416504e+00,1.206404268741607666e-01,-1.183865070343017578e+00,1.765745043754577637e+00,5.048303604125976562e-01,-2.858840823173522949e-01,6.998172998428344727e-01,-7.328055799007415771e-02,7.030589133501052856e-02,8.758926987648010254e-01,4.638986885547637939e-01,1.810506284236907959e-01,2.232839763164520264e-01,-1.002717137336730957e+00,1.766051650047302246e+00,2.102659702301025391e+00,1.681276559829711914e+00,1.327038526535034180e+00
2.189613580703735352e+00,2.005357980728149414e+00,1.726964116096496582e+00,2.010141134262084961e+00,9.999412894248962402e-01,1.227109670639038086e+00,9.251406192779541016e-01,2.696158587932586670e-01,4.292315244674682617e-01,6.910353899002075195e-01,9.666948318481445312e-01,1.622367739677429199e+00,9.205428957939147949e-01,1.194535732269287109e+00,2.316061496734619141e+00,7.968274950981140137e-01,1.672361135482788086e+00,2.011552572250366211e+00,1.245517730712890625e+00,1.612609505653381348e+00,1.768824577331542969e+00,2.120276212692260742e+00,1.434104084968566895e+00,1.671106934547424316e+00,1.495405435562133789e+00,1.612233638763427734e+00,2.258257150650024414e+00,2.401852130889892578e+00,5.902552008628845215e-01,9.517297744750976562e-01,-3.168966472148895264e-01,-3.430684506893157959e-01
8.754444718360900879e-01,5.879144072532653809e-01,1.272658586502075195e+00,2.097131729125976562e+00,1.502840399742126465e+00,9.835529923439025879e-01,1.974178194999694824e+00,6.118743419647216797e-01,1.210011959075927734e+00,1.151027441024780273e+00,2.184387296438217163e-01,6.368589401245117188e-01,-6.692067384719848633e-01,5.785312056541442871e-01,7.134545445442199707e-01,4.079962074756622314e-01,2.533579468727111816e-01,2.067177295684814453e+00,1.457785487174987793e+00,2.377929240465164185e-01,1.199925541877746582e+00,1.091184735298156738e+00,7.254331707954406738e-01,7.655425667762756348e-01,7.147269845008850098e-01,1.309619069099426270e+00,-1.410726644098758698e-02,8.294397592544555664e-01,2.112654924392700195e+00,2.065665721893310547e+00,2.709841489791870117e+00,2.114326238632202148e+00
-1.769798696041107178e-01,2.128501385450363159e-01,2.139300405979156494e-01,1.541750073432922363e+00,1.753429412841796875e+00,2.025310516357421875e+00,2.245485544204711914e+00,1.243607640266418457e+00,2.531457662582397461e+00,2.413000583648681641e+00,1.162087082862854004e+00,1.947584748268127441e+00,1.053471326828002930e+00,4.324978590011596680e-01,8.272385001182556152e-01,2.956539988517761230e-01,1.589283585548400879e+00,1.991834163665771484e+00,1.054483771324157715e+00,1.551845908164978027e+00,1.670546054840087891e+00,2.972903728485107422e+00,1.674682259559631348e+00,1.085421562194824219e+00,1.684790611267089844e+00,1.131273150444030762e+00,-8.542801141738891602e-01,2.002776861190795898e+00,7.158710956573486328e-01,2.423236668109893799e-01,8.953927755355834961e-01,3.859132230281829834e-01
-1.125969052314758301e+00,-6.377219557762145996e-01,-5.466704964637756348e-01,2.555148601531982422e-01,3.769495487213134766e-01,1.431412458419799805e+00,1.222890615463256836e+00,3.767445385456085205e-01,2.096807479858398438e+00,1.414938092231750488e+00,7.955864071846008301e-01,1.249897122383117676e+00,2.363433837890625000e-01,7.826823592185974121e-01,-2.497193962335586548e-01,9.428367763757705688e-02,6.803194284439086914e-01,1.214884757995605469e+00,1.666713654994964600e-01,9.819706082344055176e-01,7.751021981239318848e-01,9.160736799240112305e-01,9.840800762176513672e-01,-3.874330595135688782e-02,7.242268323898315430e-01,6.388584375381469727e-01,-6.768447160720825195e-01,-1.296722888946533203e-01,6.076777577400207520e-01,2.685634493827819824e-01,-9.449834376573562622e-02,-9.503462314605712891e-01
-3.977634012699127197e-01,1.289097126573324203e-02,1.466495096683502197e-01,8.088342547416687012e-01,-8.515402078628540039e-01,-2.833672985434532166e-02,-3.323444128036499023e-01,-7.361227869987487793e-01,9.377077817916870117e-01,4.526355564594268799e-01,-2.217448949813842773e-01,-1.812578588724136353e-01,6.717251986265182495e-02,-1.111560702323913574e+00,-6.813281178474426270e-01,-4.168871790170669556e-02,-9.087731838226318359e-01,-4.255178570747375488e-01,-1.684994399547576904e-01,-1.011871173977851868e-01,-8.025593310594558716e-02,-2.652584612369537354e-01,2.430622465908527374e-02,4.229215160012245178e-02,2.990843057632446289e-01,-3.165779262781143188e-02,-1.108150124549865723e+00,-1.047636747360229492e+00,-2.275491803884506226e-01,-3.024027347564697266e-01,-8.342649936676025391e-01,-4.724099338054656982e-01
-9.175726175308227539e-01,-4.878354370594024658e-01,-1.186516165733337402e+00,-1.114189475774765015e-01,-7.868828773498535156e-01,5.909152626991271973e-01,-9.519313573837280273e-01,-7.975074648857116699e-01,1.065322384238243103e-01,-2.027396261692047119e-01,-2.041893601417541504e-01,-9.841836243867874146e-02,-1.656685955822467804e-02,-5.227954983711242676e-01,6.394674181938171387e-01,-3.194422721862792969e-01,2.271551042795181274e-01,4.984672069549560547e-01,-9.515841007232666016e-01,5.510110259056091309e-01,1.018175721168518066e+00,7.943841218948364258e-01,4.322496652603149414e-01,3.411930799484252930e-01,5.440033674240112305e-01,-4.285125434398651123e-02,-4.917882084846496582e-01,-1.166793465614318848e+00,-5.242606401443481445e-01,5.319649726152420044e-02,-1.148618578910827637e+00,-2.301818579435348511e-01
-4.194258451461791992e-01,-3.219428956508636475e-01,-4.886588752269744873e-01,-4.947864115238189697e-01,-1.557607769966125488e+00,-7.377293705940246582e-01,-8.748158216476440430e-01,-1.215668201446533203e+00,-9.241986870765686035e-01,-1.439950108528137207e+00,-6.937720775604248047e-01,-7.939404845237731934e-01,-5.611089468002319336e-01,5.389626026153564453e-01,-1.354538649320602417e-01,8.645963668823242188e-02,-5.889913439750671387e-01,8.001088351011276245e-02,4.600073397159576416e-01,3.026630580425262451e-01,3.590363562107086182e-01,-6.949741244316101074e-01,-2.763108015060424805e-01,7.383277416229248047e-01,-1.846030503511428833e-01,7.679010033607482910e-01,6.801891326904296875e-01,-1.485602110624313354e-01,5.449640750885009766e-01,1.188282132148742676e+00,-1.561223119497299194e-01,6.176474094390869141e-01
3.432482182979583740e-01,7.844271659851074219e-01,6.936765313148498535e-01,8.552799820899963379e-01,2.219722718000411987e-01,1.085127711296081543e+00,4.618124663829803467e-01,-5.574197769165039062e-01,-4.323771893978118896e-01,-7.972180843353271484e-01,-2.342154979705810547e-01,-1.702750802040100098e+00,-1.149842441082000732e-01,-4.554582536220550537e-01,-2.550508677959442139e-01,-4.454962909221649170e-01,1.085546985268592834e-01,-5.977776646614074707e-01,-6.495296359062194824e-01,3.675331473350524902e-01,7.809828221797943115e-02,-1.459893584251403809e-02,3.330927789211273193e-01,-5.706920623779296875e-01,4.551877975463867188e-01,-8.798356354236602783e-02,-5.104762911796569824e-01,4.520528391003608704e-02,-1.651900053024291992e+00,-8.312131762504577637e-01,1.295126676559448242e-01,2.801984548568725586e-01
1.034861087799072266e+00,1.393450975418090820e+00,1.306331157684326172e+00,1.213457584381103516e+00,2.646147906780242920e-01,5.489968061447143555e-01,6.677201390266418457e-02,3.071971833705902100e-01,7.380446791648864746e-02,-4.021376669406890869e-01,4.612966477870941162e-01,-5.946796536445617676e-01,5.437943935394287109e-01,9.803270101547241211e-01,-5.735979080200195312e-01,1.533077836036682129e+00,9.423480033874511719e-01,4.989160299301147461e-01,1.277333259582519531e+00,1.919058203697204590e+00,9.503579735755920410e-01,1.062901616096496582e+00,9.503531455993652344e-01,1.505844235420227051e+00,1.120579957962036133e+00,6.878522634506225586e-01,1.117940068244934082e+00,3.758153319358825684e-01,7.477747201919555664e-01,9.266370534896850586e-01,-7.377817630767822266e-01,6.023102439939975739e-03
1.917905330657958984e+00,2.896392345428466797e+00,2.020230770111083984e+00,2.652766942977905273e+00,1.865892648696899414e+00,2.165462970733642578e+00,1.472322940826416016e+00,1.848661422729492188e+00,8.850826621055603027e-01,1.232721805572509766e+00,1.668432593345642090e+00,1.756986021995544434e+00,1.754080295562744141e+00,1.668521046638488770e+00,1.997239232063293457e+00,1.871764183044433594e+00,2.040385246276855469e+00,2.174596548080444336e+00,1.058104753494262695e+00,2.127079010009765625e+00,2.347771406173706055e+00,2.058316469192504883e+00,1.748134613037109375e+00,2.773180723190307617e+00,1.824035882949829102e+00,1.574563741683959961e+00,1.655414700508117676e+00,1.460199236869812012e+00,2.390548706054687500e+00,1.324463725090026855e+00,1.604362964630126953e+00,5.294741392135620117e-01
9.534173607826232910e-01,1.417211413383483887e+00,1.223299980163574219e+00,1.753008365631103516e+00,2.402135133743286133e+00,1.892515659332275391e+00,1.935180068016052246e+00,2.004601955413818359e+00,1.057210445404052734e+00,1.714833140373229980e+00,1.507687330245971680e+00,1.422589778900146484e+00,1.182976126670837402e+00,1.467038750648498535e+00,1.945885181427001953e+00,1.140808820724487305e+00,1.041200757026672363e+00,1.903893947601318359e+00,4.144460260868072510e-01,1.233045578002929688e+00,2.121091842651367188e+00,1.460827469825744629e+00,1.663274407386779785e+00,1.834668755531311035e+00,1.298082232475280762e+00,1.339598655700683594e+00,1.261688232421875000e+00,2.068013191223144531e+00,1.511425852775573730e+00,1.296324014663696289e+00,8.584555983543395996e-01,-5.385709404945373535e-01
1.534773111343383789e+00,1.122409224510192871e+00,1.135990858078002930e+00,2.815612554550170898e-01,7.279796600341796875e-01,4.206761419773101807e-01,2.948824167251586914e-01,1.261740922927856445e+00,9.300483465194702148e-01,1.074968934059143066e+00,1.508673429489135742e+00,4.545021355152130127e-01,5.029478669166564941e-01,1.788969397544860840e+00,1.641750335693359375e-01,1.040597796440124512e+00,3.090485930442810059e-01,1.155849099159240723e+00,1.686857581138610840e+00,1.137216091156005859e+00,9.515002369880676270e-01,7.293369174003601074e-01,1.028920531272888184e+00,1.399714827537536621e+00,9.294074773788452148e-01,1.258751511573791504e+00,8.394026160240173340e-01,1.607330679893493652e+00,1.129977464675903320e+00,1.322062015533447266e+00,5.431095957756042480e-01,5.330756306648254395e-01
1.041623115539550781e+00,9.680157899856567383e-01,1.277066111564636230e+00,8.418602347373962402e-01,8.482264280319213867e-01,1.320948958396911621e+00,3.544651865959167480e-01,7.208656668663024902e-01,6.406046748161315918e-01,-2.505692243576049805e-01,6.422268748283386230e-01,-8.991786092519760132e-02,8.338522166013717651e-02,3.185340464115142822e-01,-4.596419334411621094e-01,1.053282260894775391e+00,-2.414024323225021362e-01,8.393064141273498535e-02,-5.648756623268127441e-01,5.101062729954719543e-02,9.462330341339111328e-01,-2.924551963806152344e-01,1.083236932754516602e+00,4.846798181533813477e-01,8.369691371917724609e-01,3.668099939823150635e-01,-1.058044936507940292e-02,1.999662220478057861e-01,-7.583715915679931641e-01,-5.213184952735900879e-01,6.276525855064392090e-01,-1.157832741737365723e+00
2.841252684593200684e-01,-3.112722039222717285e-01,8.948051184415817261e-02,-2.810853719711303711e-01,-2.718331813812255859e-01,-3.081047534942626953e-01,-7.060833573341369629e-01,-8.961721062660217285e-01,-1.162266850471496582e+00,-1.243469715118408203e+00,-8.246845006942749023e-01,-1.429732799530029297e+00,-1.695505976676940918e+00,-7.067211866378784180e-01,-1.257471323013305664e+00,-3.290840089321136475e-01,-1.522745132446289062e+00,-5.282992124557495117e-01,-5.438879132270812988e-01,-5.867825746536254883e-01,2.164202481508255005e-01,-5.247040390968322754e-01,-1.335278302431106567e-01,8.689419925212860107e-02,-1.552018076181411743e-01,1.581586152315139771e-01,2.747065722942352295e-01,-1.305581182241439819e-01,5.623489618301391602e-01,1.031381130218505859e+00,1.189649462699890137e+00,9.549411535263061523e-01
1.420027911663055420e-01,-1.328863501548767090e-01,3.602878749370574951e-01,-6.811720132827758789e-01,-1.012297391891479492e+00,-3.308139145374298096e-01,-1.488934040069580078e+00,-1.115469574928283691e+00,-5.997757315635681152e-01,-1.897672772407531738e+00,-7.538243532180786133e-01,-3.128702193498611450e-02,-1.475237607955932617e+00,-1.248198151588439941e+00,-1.017107814550399780e-01,-1.368812441825866699e+00,-1.658763170242309570e+00,-1.931452006101608276e-01,-3.780251145362854004e-01,5.954447761178016663e-02,8.732116222381591797e-02,1.969903409481048584e-01,-2.442398369312286377e-01,5.215752124786376953e-01,3.927141800522804260e-02,1.119558334350585938e+00,2.082848697900772095e-01,1.059809565544128418e+00,-7.297111302614212036e-02,1.560406684875488281e-01,1.106874272227287292e-01,1.103097051382064819e-01
-6.480784416198730469e-01,-6.547884345054626465e-01,-1.361166825518012047e-03,-2.689663469791412354e-01,-8.526961803436279297e-01,2.996136844158172607e-01,-1.309919476509094238e+00,-1.683654189109802246e+00,-5.431969761848449707e-01,-1.966549396514892578e+00,-1.058223247528076172e+00,-1.822824478149414062e+00,-1.821744680404663086e+00,-1.421889901161193848e+00,-5.954053401947021484e-01,-3.016603589057922363e-01,-8.648471236228942871e-01,-1.864127963781356812e-01,-1.614015817642211914e+00,-1.372474581003189087e-01,3.589305877685546875e-01,-6.570473909378051758e-01,1.003528758883476257e-01,3.184930682182312012e-01,6.409340500831604004e-01,1.170507296919822693e-01,4.062933325767517090e-01,-1.063381433486938477e+00,-2.606973052024841309e-01,-6.190365552902221680e-01,9.204517006874084473e-01,6.561145782470703125e-01
-5.055670142173767090e-01,-1.342450529336929321e-01,1.020875107496976852e-02,5.602672323584556580e-02,-1.266611099243164062e+00,-3.793144524097442627e-01,-9.440866708755493164e-01,-1.874930024147033691e+00,-1.283234596252441406e+00,-1.610894799232482910e+00,-1.511650919914245605e+00,-1.369421243667602539e+00,-2.057970046997070312e+00,-1.446416258811950684e+00,-1.038640141487121582e+00,-5.222746729850769043e-01,-1.853069186210632324e+00,-3.455369174480438232e-01,-9.480686187744140625e-01,-9.115502238273620605e-01,3.849915415048599243e-02,-1.046492099761962891e+00,-3.091545701026916504e-01,-5.008281022310256958e-02,-2.874107658863067627e-02,-1.749406605958938599e-01,6.506976485252380371e-01,1.837357506155967712e-02,1.680032461881637573e-01,1.444621831178665161e-01,-6.590073108673095703e-01,-3.331955373287200928e-01
1.266535669565200806e-01,5.931834876537322998e-02,7.443962097167968750e-01,8.386560082435607910e-01,-6.507607698440551758e-01,2.889153361320495605e-01,-4.592112302780151367e-01,-1.553461790084838867e+00,-1.729034818708896637e-02,-1.571319341659545898e+00,-3.480944335460662842e-01,3.751210272312164307e-01,-8.395187854766845703e-01,-7.729777097702026367e-01,1.592700719833374023e+00,-2.375268936157226562e-01,-8.081634044647216797e-01,1.518052458763122559e+00,-2.327281981706619263e-02,8.715438246726989746e-01,1.034061908721923828e+00,1.354098916053771973e+00,7.105476856231689453e-01,1.471720695495605469e+00,1.106442809104919434e+00,1.080878138542175293e+00,9.419843554496765137e-01,1.175108790397644043e+00,1.117457270622253418e+00,8.651958703994750977e-01,1.565471887588500977e+00,1.409250736236572266e+00
-2.111191898584365845e-01,-6.296361237764358521e-02,4.687274992465972900e-01,1.168122291564941406e+00,1.530506610870361328e-01,1.088369011878967285e+00,2.983029484748840332e-01,-1.166554927825927734e+00,4.952149391174316406e-01,-1.063971519470214844e+00,-1.109787821769714355e-01,-5.333984494209289551e-01,-8.341276645660400391e-01,-6.599181890487670898e-01,-5.335946679115295410e-01,-3.069553971290588379e-01,-4.677172005176544189e-01,1.794410198926925659e-01,-8.283295631408691406e-01,2.516524195671081543e-01,3.837223351001739502e-01,7.789466381072998047e-01,4.818925261497497559e-02,4.863597452640533447e-01,5.590099096298217773e-01,9.598355740308761597e-02,-2.985227406024932861e-01,8.622722029685974121e-01,-1.752060800790786743e-01,-2.457291036844253540e-01,1.042521119117736816e+00,1.024889826774597168e+00
-4.811518788337707520e-01,-7.830684632062911987e-02,-3.017901182174682617e-01,4.280048310756683350e-01,-2.066620737314224243e-01,2.053368836641311646e-01,5.003395080566406250e-01,-2.183113247156143188e-01,1.145956873893737793e+00,9.645718336105346680e-02,6.651573181152343750e-01,1.184220194816589355e+00,-2.054133266210556030e-01,1.206909194588661194e-01,2.999384701251983643e-01,3.643712401390075684e-01,-6.228717565536499023e-01,4.287494122982025146e-01,9.163936376571655273e-01,1.211807131767272949e+00,3.646843135356903076e-02,3.991265296936035156e-01,3.425871133804321289e-01,-9.296293556690216064e-02,4.736883640289306641e-01,1.128079652786254883e+00,-8.666644692420959473e-01,1.260718703269958496e-01,-9.936515688896179199e-01,-5.896781682968139648e-01,1.202830195426940918e+00,4.309312626719474792e-02
2.452884167432785034e-01,5.134516954421997070e-01,3.120961040258407593e-02,1.307047009468078613e+00,1.815646439790725708e-01,1.430895447731018066e+00,5.545763969421386719e-01,-9.915772080421447754e-02,1.048452138900756836e+00,6.502131819725036621e-01,8.174535036087036133e-01,1.524822115898132324e+00,9.179850816726684570e-01,1.110149145126342773e+00,5.690231323242187500e-01,1.013253211975097656e+00,7.332217097282409668e-01,1.333913683891296387e+00,1.474765539169311523e-01,8.266608715057373047e-01,1.412157416343688965e+00,1.442931413650512695e+00,7.000413537025451660e-01,1.092330217361450195e+00,1.046481132507324219e+00,8.028989434242248535e-01,1.316678225994110107e-01,8.545284271240234375e-01,6.293994188308715820e-02,3.864990770816802979e-01,-7.382159829139709473e-01,-1.261156916618347168e+00
-9.340587854385375977e-01,-3.477911055088043213e-01,-7.330531477928161621e-01,1.805481761693954468e-01,-1.775572746992111206e-01,1.148383244872093201e-01,2.330671101808547974e-01,-1.027460247278213501e-01,4.244807362556457520e-01,1.710693538188934326e-02,7.476567476987838745e-02,3.076341450214385986e-01,-5.424564480781555176e-01,6.554187536239624023e-01,-2.673992514610290527e-01,9.938115626573562622e-02,-6.233301162719726562e-01,3.046637475490570068e-01,4.453475475311279297e-01,4.729872047901153564e-01,7.937594652175903320e-01,-8.282894641160964966e-02,2.753908038139343262e-01,1.202407479286193848e-01,2.667848169803619385e-01,5.631762742996215820e-01,-8.371527194976806641e-01,9.350807070732116699e-01,3.097218275070190430e-01,7.507373690605163574e-01,-1.447713375091552734e+00,-4.621954858303070068e-01
-3.081514239311218262e-01,7.761093229055404663e-02,3.031837046146392822e-01,6.731773018836975098e-01,4.281205832958221436e-01,7.404139041900634766e-01,9.028559923171997070e-01,6.344450712203979492e-01,1.163807392120361328e+00,1.090005993843078613e+00,1.034461498260498047e+00,1.132570743560791016e+00,1.235864162445068359e+00,9.198492169380187988e-01,1.076751589775085449e+00,1.196130275726318359e+00,1.294864341616630554e-02,9.187487363815307617e-01,5.043030381202697754e-01,6.889963746070861816e-01,1.049969196319580078e+00,2.736633419990539551e-01,1.074128985404968262e+00,1.437576174736022949e+00,9.025180935859680176e-01,9.439333081245422363e-01,6.080718040466308594e-01,8.740164041519165039e-01,5.978351235389709473e-01,5.027140378952026367e-01,3.996098339557647705e-01,-4.555514454841613770e-01
-7.108218073844909668e-01,-6.874300837516784668e-01,-4.558288156986236572e-01,4.194073081016540527e-01,7.953342795372009277e-01,6.956517696380615234e-01,1.009404420852661133e+00,2.034650593996047974e-01,1.944059878587722778e-01,4.330847561359405518e-01,3.226311802864074707e-01,8.949768543243408203e-02,-6.004995107650756836e-02,1.069962978363037109e+00,-5.369310975074768066e-01,7.528863549232482910e-01,5.706952214241027832e-01,-7.929275743663311005e-03,2.273494303226470947e-01,9.494072198867797852e-01,3.943201899528503418e-01,8.410587906837463379e-01,4.298945069313049316e-01,5.615994334220886230e-01,5.696207284927368164e-01,7.260762453079223633e-01,-7.315103709697723389e-02,3.238949775695800781e-01,2.603201866149902344e-01,2.403879463672637939e-01,-4.108987748622894287e-01,-2.154656201601028442e-01
-5.047292709350585938e-01,9.467738866806030273e-02,-1.549137476831674576e-02,4.725153148174285889e-01,1.788159906864166260e-01,5.337247848510742188e-01,1.683023571968078613e-01,-2.076012045145034790e-01,3.405174911022186279e-01,-2.934861779212951660e-01,6.460550427436828613e-01,9.343118667602539062e-01,9.341977536678314209e-02,1.163657188415527344e+00,1.829315066337585449e+00,1.127966284751892090e+00,4.568311944603919983e-02,1.458388328552246094e+00,1.278950452804565430e+00,8.851145505905151367e-01,8.351778388023376465e-01,4.625537395477294922e-01,7.495369911193847656e-01,9.335982203483581543e-01,6.320943236351013184e-01,1.075517654418945312e+00,-1.370188444852828979e-01,6.661921143531799316e-01,2.123591184616088867e+00,1.243270993232727051e+00,1.603649616241455078e+00,4.650207757949829102e-01
2.258400917053222656e-01,7.094673514366149902e-01,-1.562425047159194946e-01,7.824389338493347168e-01,5.011780261993408203e-01,1.209053635597229004e+00,2.504974789917469025e-02,5.767856240272521973e-01,5.293647050857543945e-01,9.725517011247575283e-04,1.154623985290527344e+00,6.253525614738464355e-01,1.038006305694580078e+00,1.715853452682495117e+00,-8.659347295761108398e-01,1.083511471748352051e+00,1.113124966621398926e+00,-1.022128537297248840e-01,-4.315666854381561279e-01,1.166795849800109863e+00,1.049588441848754883e+00,6.675868630409240723e-01,1.327955245971679688e+00,9.648448228836059570e-01,1.109067440032958984e+00,8.564874529838562012e-01,6.090041995048522949e-01,3.648426234722137451e-01,2.888298332691192627e-01,-7.292293310165405273e-01,-6.894626617431640625e-01,-8.680408000946044922e-01
1.118399143218994141e+00,1.192464470863342285e+00,4.874921739101409912e-01,9.603856205940246582e-01,8.787697553634643555e-01,7.560438513755798340e-01,1.340970546007156372e-01,8.970760107040405273e-01,5.383492112159729004e-01,-1.244367435574531555e-01,1.532705903053283691e+00,8.870904445648193359e-01,7.655778527259826660e-01,2.182273626327514648e+00,-9.610757231712341309e-01,1.007325887680053711e+00,4.129050970077514648e-01,5.522965192794799805e-01,5.923671126365661621e-01,8.523265719413757324e-01,8.497736454010009766e-01,-6.284213066101074219e-01,1.507924318313598633e+00,6.634240150451660156e-01,9.582774043083190918e-01,1.100006341934204102e+00,-3.993410468101501465e-01,-3.963891863822937012e-01,2.402201443910598755e-01,-7.527805864810943604e-04,9.487050771713256836e-02,-6.215593218803405762e-01
6.132509708404541016e-01,1.582474350929260254e+00,1.021004676818847656e+00,1.448700070381164551e+00,1.479900836944580078e+00,1.192747592926025391e+00,4.618739187717437744e-01,1.878353953361511230e+00,1.037927150726318359e+00,9.166424870491027832e-01,2.725418567657470703e+00,1.963195919990539551e+00,1.591402411460876465e+00,2.852690458297729492e+00,2.258619070053100586e+00,2.029706954956054688e+00,1.961547493934631348e+00,1.701054096221923828e+00,1.501061677932739258e+00,1.918897867202758789e+00,1.807894945144653320e+00,1.113540530204772949e+00,1.744104981422424316e+00,1.570500373840332031e+00,1.234916329383850098e+00,1.400551795959472656e+00,3.159135878086090088e-01,6.674780249595642090e-01,1.705562949180603027e+00,8.704652786254882812e-01,1.059082388877868652e+00,1.698266528546810150e-02
2.004974037408828735e-01,6.547552943229675293e-01,3.367591500282287598e-01,4.994817376136779785e-01,1.485911846160888672e+00,1.172384977340698242e+00,2.723315060138702393e-01,1.433102965354919434e+00,5.796521902084350586e-01,2.436616122722625732e-01,2.106895446777343750e+00,5.468117594718933105e-01,1.305673241615295410e+00,1.776706218719482422e+00,-9.496904909610748291e-02,1.363991618156433105e+00,1.113354086875915527e+00,4.733329117298126221e-01,6.566661596298217773e-01,1.752616047859191895e+00,1.161172628402709961e+00,9.074401259422302246e-01,1.556867957115173340e+00,1.410928368568420410e+00,9.333523511886596680e-01,1.820396304130554199e+00,8.301801681518554688e-01,1.241916537284851074e+00,9.811314344406127930e-01,-7.678361982107162476e-02,7.394875288009643555e-01,4.990171492099761963e-01
6.902364492416381836e-01,6.596598029136657715e-01,6.012144088745117188e-01,5.377423390746116638e-02,3.322263062000274658e-01,2.199129015207290649e-01,-1.814724206924438477e-01,9.621037840843200684e-01,-2.042523324489593506e-01,-3.514402806758880615e-01,1.818814635276794434e+00,6.155915260314941406e-01,9.179850816726684570e-01,1.779220581054687500e+00,3.894384503364562988e-01,1.996119022369384766e+00,8.985747098922729492e-01,8.299408555030822754e-01,1.798862457275390625e+00,1.264550209045410156e+00,8.573465347290039062e-01,8.068103790283203125e-01,1.155861258506774902e+00,9.854239225387573242e-01,1.000543713569641113e+00,7.434122562408447266e-01,4.978081285953521729e-01,1.406450122594833374e-01,1.920026421546936035e+00,1.728312611579895020e+00,8.012665510177612305e-01,-1.914353072643280029e-01
1.018853545188903809e+00,6.631725430488586426e-01,1.225471377372741699e+00,7.782194614410400391e-01,9.534198641777038574e-01,1.402538895606994629e+00,3.446951806545257568e-01,8.590838313102722168e-01,-1.311588585376739502e-01,-5.703143030405044556e-02,1.518901228904724121e+00,-9.790122509002685547e-01,1.100889563560485840e+00,1.328217744827270508e+00,-3.924309313297271729e-01,2.053139686584472656e+00,1.481798410415649414e+00,-1.002380158752202988e-02,7.982015013694763184e-01,1.301091790199279785e+00,4.755703210830688477e-01,1.410150408744812012e+00,1.349391102790832520e+00,3.400591313838958740e-01,1.286843419075012207e+00,2.804231643676757812e-01,4.187587797641754150e-01,5.728383660316467285e-01,-7.730035185813903809e-01,-4.684446156024932861e-01,-4.558994621038436890e-02,1.894793510437011719e-01
