7.031297087669372559e-01,-8.202597498893737793e-02,3.697765171527862549e-01,1.282652765512466431e-01,4.126967489719390869e-01,1.544622898101806641e+00,1.197421312332153320e+00,1.925343275070190430e+00,2.039159297943115234e+00,1.904523015022277832e+00,2.827871561050415039e+00,8.623459339141845703e-01,1.744829177856445312e+00,1.979120612144470215e+00,-1.221018731594085693e-01,1.052627682685852051e+00,3.759672403335571289e+00,-5.699062347412109375e-01,8.106020092964172363e-01,9.006215333938598633e-01,-2.526180148124694824e-01,2.952569425106048584e-01,2.497488021850585938e+00,3.943362534046173096e-01,7.948397397994995117e-01,-1.177361130714416504e+00,1.902932763099670410e+00,3.263977468013763428e-01,-1.502123236656188965e+00,-1.139488458633422852e+00,-1.042601346969604492e+00,2.361564934253692627e-01
1.263005852699279785e+00,7.518909573554992676e-01,1.148235678672790527e+00,1.605878621339797974e-01,3.830094933509826660e-01,6.809806078672409058e-02,3.272772133350372314e-01,5.444620847702026367e-01,6.267588138580322266e-01,5.526458024978637695e-01,2.389556407928466797e+00,-1.371785521507263184e+00,-8.047277480363845825e-02,1.211947083473205566e+00,-1.144532084465026855e+00,6.343461871147155762e-01,1.974412560462951660e+00,-1.288928031921386719e+00,-7.916048169136047363e-01,-6.836460530757904053e-02,-9.828230738639831543e-01,-4.970139265060424805e-01,2.464703470468521118e-01,-9.349138736724853516e-01,-4.910584092140197754e-01,-1.632321000099182129e+00,-1.825432479381561279e-02,-6.077677011489868164e-01,-1.762694239616394043e+00,-1.158018946647644043e+00,-6.650769114494323730e-01,1.261177897453308105e+00
3.177222311496734619e-01,-1.253437876701354980e+00,-5.750355720520019531e-01,-1.537773847579956055e+00,-1.343582868576049805e+00,-1.598259806632995605e+00,-9.839843511581420898e-01,-1.956577412784099579e-02,1.016650915145874023e+00,6.985203623771667480e-01,2.434797763824462891e+00,-6.350325793027877808e-02,-5.307360887527465820e-01,1.856984615325927734e+00,9.458468556404113770e-01,8.613260388374328613e-01,1.967821836471557617e+00,9.638723731040954590e-01,-7.031479477882385254e-01,5.082383155822753906e-01,-6.205878257751464844e-01,-5.993931293487548828e-01,3.106989562511444092e-01,6.780074443668127060e-03,-1.368679046630859375e+00,-1.417931795120239258e+00,-4.652012586593627930e-01,-5.514975786209106445e-01,-3.258541822433471680e-01,1.082616806030273438e+00,-8.874517679214477539e-01,4.829435646533966064e-01
-5.471681356430053711e-01,-1.216123104095458984e+00,-1.025985121726989746e+00,-1.684458732604980469e+00,-1.164307713508605957e+00,-1.547526955604553223e+00,-1.122795581817626953e+00,4.053672552108764648e-01,6.168422698974609375e-01,9.616802334785461426e-01,1.570986747741699219e+00,-1.113558173179626465e+00,-7.058551311492919922e-01,6.840865612030029297e-01,-7.432022094726562500e-01,-3.708736002445220947e-01,2.516088783740997314e-01,-1.078162908554077148e+00,-1.168747067451477051e+00,-1.042117834091186523e+00,-1.852911233901977539e+00,-8.329777717590332031e-01,-1.190268039703369141e+00,-2.269521951675415039e+00,-2.203329801559448242e+00,-1.532756686210632324e+00,-1.526347160339355469e+00,-1.357579231262207031e+00,-1.489852309226989746e+00,-1.183523654937744141e+00,-1.523380517959594727e+00,-1.220205307006835938e+00
-1.228483676910400391e+00,-1.609908699989318848e+00,-1.580106973648071289e+00,-2.125250577926635742e+00,-1.228599071502685547e+00,-9.760129451751708984e-01,-7.234039306640625000e-01,9.955776929855346680e-01,1.609410166740417480e+00,1.332573652267456055e+00,2.200198888778686523e+00,-1.935723721981048584e-01,4.123963117599487305e-01,8.845286369323730469e-01,7.001301646232604980e-01,3.276199400424957275e-01,7.499417662620544434e-01,3.005168028175830841e-02,-9.248377084732055664e-01,5.167974531650543213e-02,-8.882250189781188965e-01,-1.276555538177490234e+00,-2.398799359798431396e-01,-6.758236289024353027e-01,-1.330750942230224609e+00,-1.749944567680358887e+00,-8.035740852355957031e-01,-1.009576678276062012e+00,-7.326297760009765625e-01,-4.443604052066802979e-01,-7.099614143371582031e-01,5.749211311340332031e-01
-1.288172602653503418e+00,-1.402863025665283203e+00,-1.663296341896057129e+00,-1.805580377578735352e+00,-1.320088148117065430e+00,-1.229380488395690918e+00,-1.641911268234252930e+00,3.433615267276763916e-01,9.457503557205200195e-01,1.549937725067138672e-01,1.594908475875854492e+00,-1.106752276420593262e+00,-6.536011695861816406e-01,5.099840760231018066e-01,-8.062651157379150391e-01,-7.253743708133697510e-02,-5.331859588623046875e-01,-1.600537776947021484e+00,-1.402820825576782227e+00,-1.166821002960205078e+00,-1.522193551063537598e+00,-1.333448767662048340e+00,-1.203644275665283203e+00,-2.529755115509033203e+00,-2.240379333496093750e+00,-1.240198493003845215e+00,-1.565818786621093750e+00,-1.679440975189208984e+00,-1.799583435058593750e+00,-1.557097673416137695e+00,-1.556089162826538086e+00,-1.695916771888732910e+00
-1.774088740348815918e+00,-1.733044624328613281e+00,-1.865634202957153320e+00,-2.053750038146972656e+00,-1.678918361663818359e+00,-1.585695147514343262e+00,-1.746674418449401855e+00,4.383088946342468262e-01,9.996920228004455566e-01,5.702186226844787598e-01,1.803814768791198730e+00,-5.647758841514587402e-01,-2.739916741847991943e-01,-8.716706633567810059e-01,-1.172377586364746094e+00,-4.783968031406402588e-01,-1.086686730384826660e+00,-2.280230045318603516e+00,-1.559115648269653320e+00,-1.518250465393066406e+00,-1.630854964256286621e+00,-2.089559555053710938e+00,-4.689526855945587158e-01,-1.828207731246948242e+00,-1.753965258598327637e+00,-1.993770122528076172e+00,-2.186819076538085938e+00,-2.146220684051513672e+00,-2.006989240646362305e+00,-2.480217695236206055e+00,-2.357609272003173828e+00,-1.541569590568542480e+00
-9.355657696723937988e-01,-6.689785122871398926e-01,-7.922637462615966797e-01,-6.041666269302368164e-01,-1.159110903739929199e+00,-1.825282931327819824e+00,-9.462050199508666992e-01,-1.124142631888389587e-01,7.922344654798507690e-02,1.922361999750137329e-01,1.205145120620727539e+00,-1.693018794059753418e+00,-9.457792639732360840e-01,-2.209911048412322998e-01,-7.616800665855407715e-01,-1.283028721809387207e+00,-4.703031480312347412e-01,-1.673011302947998047e+00,-1.616907477378845215e+00,-1.163751244544982910e+00,-1.676572442054748535e+00,-1.700373768806457520e+00,-1.077476978302001953e+00,-1.252028346061706543e+00,-2.163979053497314453e+00,-1.195146679878234863e+00,-9.456477165222167969e-01,-1.037301182746887207e+00,-1.355995178222656250e+00,-1.888085365295410156e+00,-1.437430262565612793e+00,-3.590742349624633789e-01
-3.850450813770294189e-01,-4.195763170719146729e-01,-8.020097017288208008e-01,-4.256395399570465088e-01,-1.231679841876029968e-01,-1.374703794717788696e-01,1.012830138206481934e+00,3.715718090534210205e-01,3.726607859134674072e-01,1.168893337249755859e+00,1.100630640983581543e+00,-1.099475383758544922e+00,-2.918365597724914551e-01,-6.235976219177246094e-01,-1.162301659584045410e+00,-1.604274749755859375e+00,4.160269498825073242e-01,-1.197125792503356934e+00,-1.686788439750671387e+00,-1.383615851402282715e+00,-8.325402736663818359e-01,-1.722053766250610352e+00,-1.108976960182189941e+00,-8.285657167434692383e-01,-1.430958390235900879e+00,-1.876998305320739746e+00,-1.923689544200897217e-01,-1.828308343887329102e+00,-1.613479495048522949e+00,-1.553122043609619141e+00,-1.582433223724365234e+00,-3.163072466850280762e-01
-6.224872916936874390e-02,-8.144423365592956543e-02,-7.808375358581542969e-01,-7.981021404266357422e-01,-5.074533224105834961e-01,-1.354878783226013184e+00,1.033495664596557617e+00,9.391571395099163055e-03,3.307333886623382568e-01,8.567424416542053223e-01,1.420644998550415039e+00,-1.303125500679016113e+00,-1.807969361543655396e-01,1.736333250999450684e+00,3.755445480346679688e-01,6.789031624794006348e-01,8.690392374992370605e-01,-7.244673967361450195e-01,-7.120568156242370605e-01,1.797776073217391968e-01,-8.978964686393737793e-01,-1.574715614318847656e+00,-3.940565288066864014e-01,-3.567792177200317383e-01,-9.902129173278808594e-01,-1.286751031875610352e+00,-6.822726875543594360e-02,-1.071731925010681152e+00,-4.700943231582641602e-01,1.238744378089904785e+00,-1.100215196609497070e+00,1.020616888999938965e+00
5.001644492149353027e-01,2.267695516347885132e-01,1.949961036443710327e-01,-7.669648528099060059e-01,1.191100955009460449e+00,5.054310560226440430e-01,2.681757450103759766e+00,2.125661134719848633e+00,7.404994964599609375e-01,2.285400867462158203e+00,2.274511337280273438e+00,4.800437688827514648e-01,1.141859650611877441e+00,2.044865608215332031e+00,1.683125853538513184e+00,1.881656050682067871e-01,2.418159008026123047e+00,7.612756490707397461e-01,-5.939458012580871582e-01,4.102598726749420166e-01,-3.908399343490600586e-01,-1.117077589035034180e+00,9.943706989288330078e-01,4.313092529773712158e-01,-5.427938699722290039e-01,-1.312729716300964355e+00,5.900645256042480469e-01,-2.853389680385589600e-01,-7.705649137496948242e-01,-1.805877499282360077e-02,-2.690857946872711182e-01,9.059099853038787842e-02
-3.509759008884429932e-01,-6.062608957290649414e-01,-7.169331908226013184e-01,-1.872019529342651367e+00,-3.329705595970153809e-01,-2.307747840881347656e+00,1.329666852951049805e+00,-5.437506437301635742e-01,-3.424752354621887207e-01,2.943450510501861572e-01,-1.068439930677413940e-01,-2.078174114227294922e+00,-3.015829324722290039e+00,7.289261817932128906e-01,-1.325093388557434082e+00,-8.276028186082839966e-02,1.861130356788635254e+00,-1.688406944274902344e+00,-1.676257848739624023e-01,8.313541114330291748e-02,-1.661485075950622559e+00,-9.170804023742675781e-01,-2.046128273010253906e+00,-1.337985515594482422e+00,-1.535056948661804199e+00,-6.456621289253234863e-01,6.011030673980712891e-01,4.645507633686065674e-01,-2.433255463838577271e-01,1.369030356407165527e+00,1.107631325721740723e-01,1.565712690353393555e+00
-7.957779616117477417e-02,-9.261927008628845215e-01,-3.644253015518188477e-01,-8.385934829711914062e-01,9.386657476425170898e-01,6.058593988418579102e-01,1.369742393493652344e+00,3.146176338195800781e-01,1.142106294631958008e+00,1.187764167785644531e+00,1.323623061180114746e+00,-2.580179572105407715e-01,-8.834928870201110840e-01,-3.912926614284515381e-01,1.696807146072387695e-01,-1.111887693405151367e+00,6.622857451438903809e-01,-6.596579551696777344e-01,-1.218662023544311523e+00,-1.356493949890136719e+00,-1.358256936073303223e+00,-1.056977510452270508e+00,-8.161223530769348145e-01,-9.260769486427307129e-01,-7.305521368980407715e-01,-1.562912940979003906e+00,-1.041525155305862427e-01,-1.201047539710998535e+00,-6.986489295959472656e-01,-5.233338475227355957e-01,-4.000497162342071533e-01,2.378693521022796631e-01
-3.964165691286325455e-03,-1.577026247978210449e+00,-1.237655282020568848e+00,-1.226208329200744629e+00,-1.213039755821228027e+00,-1.278898239135742188e+00,-2.488483786582946777e-01,-1.884326219558715820e+00,7.696225773543119431e-03,-2.390638291835784912e-01,3.332012295722961426e-01,-1.009926915168762207e+00,-2.154792070388793945e+00,-2.549920380115509033e-01,-2.865031957626342773e-01,-1.595843911170959473e+00,1.892300397157669067e-01,2.539938390254974365e-01,-9.964877963066101074e-01,-3.242353200912475586e-01,-1.541536450386047363e+00,-9.590111374855041504e-01,-1.807728409767150879e+00,-7.528930306434631348e-01,-1.850637197494506836e+00,-1.809993386268615723e+00,1.824357807636260986e-01,-1.104735374450683594e+00,-3.187620639801025391e-01,8.776699751615524292e-02,-5.611764788627624512e-01,9.068072438240051270e-01
-1.285612940788269043e+00,-1.756923794746398926e+00,-1.857051610946655273e+00,-1.914849400520324707e+00,-1.584690809249877930e+00,-1.174913883209228516e+00,-5.500783324241638184e-01,-7.666937112808227539e-01,4.471847712993621826e-01,6.360169500112533569e-02,6.904467940330505371e-01,-1.102145314216613770e+00,-1.166022777557373047e+00,-1.067896008491516113e+00,5.083017349243164062e-01,-2.016039609909057617e+00,4.357602074742317200e-02,-7.565695643424987793e-01,-1.820484638214111328e+00,-1.055371880531311035e+00,-1.449191212654113770e+00,-1.437042832374572754e+00,-1.968718886375427246e+00,-1.125771760940551758e+00,-2.401129722595214844e+00,-1.730891585350036621e+00,-1.345446586608886719e+00,-2.242650032043457031e+00,-1.379159331321716309e+00,-1.001082777976989746e+00,-7.755448818206787109e-01,-2.391471862792968750e-01
-1.678835511207580566e+00,-2.319249153137207031e+00,-2.179933786392211914e+00,-1.845591187477111816e+00,-1.860869646072387695e+00,-1.047755956649780273e+00,-6.798483133316040039e-01,-4.119840264320373535e-01,7.896599769592285156e-01,9.136877655982971191e-01,8.432678580284118652e-01,-4.262780249118804932e-01,-8.927995562553405762e-01,1.183647662401199341e-01,6.554163247346878052e-02,-2.683599889278411865e-01,2.336977422237396240e-01,-7.884700298309326172e-01,-1.138798117637634277e+00,-9.718030691146850586e-01,-1.380831241607666016e+00,-1.459910869598388672e+00,-1.799294948577880859e+00,-1.061475276947021484e+00,-2.061240196228027344e+00,-1.352356672286987305e+00,-1.348578572273254395e+00,-1.422588944435119629e+00,-9.198817610740661621e-01,-1.175168082118034363e-01,-1.650027513504028320e+00,5.544756650924682617e-01
-1.580909252166748047e+00,-1.705702662467956543e+00,-1.891821503639221191e+00,-1.662931799888610840e+00,-1.841762781143188477e+00,-1.505121350288391113e+00,-1.138187050819396973e+00,-8.190232515335083008e-01,9.138756990432739258e-01,4.849504530429840088e-01,9.426329135894775391e-01,-1.077094793319702148e+00,-1.381057947874069214e-01,-1.048891186714172363e+00,-6.244160532951354980e-01,-1.135102868080139160e+00,-7.126463055610656738e-01,-1.497104763984680176e+00,-1.824001908302307129e+00,-5.956713557243347168e-01,-1.366267204284667969e+00,-1.491354465484619141e+00,-1.586865782737731934e+00,-1.203653693199157715e+00,-1.497944593429565430e+00,-1.376347780227661133e+00,-1.390875101089477539e+00,-1.582679033279418945e+00,-1.462912559509277344e+00,-1.346995949745178223e+00,-1.693214893341064453e+00,-1.002101778984069824e+00
-1.432309746742248535e+00,-1.674731612205505371e+00,-1.470962882041931152e+00,-1.449743628501892090e+00,-1.637810587882995605e+00,-1.353397130966186523e+00,-9.040127396583557129e-01,-3.316220641136169434e-01,1.077743992209434509e-01,4.824875891208648682e-01,5.856462121009826660e-01,-9.502453207969665527e-01,-9.751080870628356934e-01,-1.143470168113708496e+00,-6.972650885581970215e-01,-1.767005324363708496e+00,1.138249114155769348e-01,-1.161090731620788574e+00,-1.473986506462097168e+00,-2.156031280755996704e-01,-9.330094456672668457e-01,-1.192962050437927246e+00,-1.157567262649536133e+00,-1.300733208656311035e+00,-1.260040879249572754e+00,-1.661240220069885254e+00,-1.382200837135314941e+00,-1.473951458930969238e+00,-1.822875142097473145e+00,-1.176448345184326172e+00,-2.105993747711181641e+00,-1.284179091453552246e+00
-1.348654508590698242e+00,-1.051323175430297852e+00,-1.656678438186645508e+00,-1.608473420143127441e+00,-2.618829011917114258e+00,-2.401330947875976562e+00,-1.467545270919799805e+00,3.425077497959136963e-01,6.209968328475952148e-01,1.381864190101623535e+00,1.473665118217468262e+00,-1.040055632591247559e+00,4.705416262149810791e-01,-8.519827723503112793e-01,-6.389343738555908203e-01,-3.034272193908691406e-01,-3.441497683525085449e-01,-7.104836106300354004e-01,-1.411898136138916016e+00,-4.037592932581901550e-02,-4.424740374088287354e-01,-1.454354643821716309e+00,-8.769440650939941406e-01,-5.495415329933166504e-01,-1.251484513282775879e+00,-1.264311313629150391e+00,-9.982920289039611816e-01,-1.093923211097717285e+00,-1.055397152900695801e+00,-8.307710289955139160e-01,-2.310160398483276367e+00,-1.771744608879089355e+00
-1.141000166535377502e-01,4.781385883688926697e-02,-9.084910750389099121e-01,-4.036319851875305176e-01,-8.698621988296508789e-01,-5.398060679435729980e-01,1.929866522550582886e-01,-2.441097050905227661e-01,2.170471847057342529e-01,1.078299999237060547e+00,1.243003129959106445e+00,-2.123720645904541016e+00,-8.021663129329681396e-02,2.460241019725799561e-01,-6.384836435317993164e-01,-6.596792936325073242e-01,7.196634411811828613e-01,-8.434303402900695801e-01,-1.286436796188354492e+00,-2.104748785495758057e-01,-1.200464606285095215e+00,-1.099363803863525391e+00,-8.994519710540771484e-01,-4.531476795673370361e-01,-1.087700724601745605e+00,-1.710145235061645508e+00,8.259736932814121246e-03,-6.432346701622009277e-01,-1.341530442237854004e+00,-1.207950115203857422e+00,-1.133237481117248535e+00,1.331595301628112793e+00
2.097383439540863037e-01,2.615357041358947754e-01,-4.917686581611633301e-01,-6.725918650627136230e-01,-1.171527266502380371e+00,-1.218267798423767090e+00,-3.677473962306976318e-02,-7.655553221702575684e-01,-1.991074830293655396e-01,2.918156385421752930e-01,7.628794312477111816e-01,-1.300926804542541504e+00,-6.340913176536560059e-01,4.034676551818847656e-01,-4.076715409755706787e-01,-5.189623832702636719e-01,-2.613010704517364502e-01,-1.253733277320861816e+00,-1.068516969680786133e+00,-5.952740907669067383e-01,-1.282592177391052246e+00,-1.659238100051879883e+00,-1.336290359497070312e+00,-9.111962914466857910e-01,-1.174393773078918457e+00,-1.571785449981689453e+00,-8.962427973747253418e-01,-1.612319588661193848e+00,-5.273414254188537598e-01,2.107081711292266846e-01,-9.750623703002929688e-01,9.808406233787536621e-01
5.149791240692138672e-01,3.195993602275848389e-01,-2.681551873683929443e-01,-4.742675721645355225e-01,-9.074536561965942383e-01,-6.504579782485961914e-01,2.028889209032058716e-01,-2.328327000141143799e-01,-1.085099726915359497e-01,3.707935512065887451e-01,1.171101689338684082e+00,-6.927508711814880371e-01,5.156661272048950195e-01,5.993366837501525879e-01,7.645128965377807617e-01,-5.265786051750183105e-01,1.786190509796142578e+00,-5.444598197937011719e-01,-8.453739881515502930e-01,-2.575319707393646240e-01,-8.406642675399780273e-01,-8.540949821472167969e-01,-1.870728284120559692e-01,-1.047737374901771545e-01,-5.257858037948608398e-01,-1.405043840408325195e+00,-1.281180381774902344e-01,-8.772892355918884277e-01,-6.166560053825378418e-01,-5.625510811805725098e-01,-7.332246303558349609e-01,1.923345923423767090e+00
-3.542831540107727051e-01,-8.712039589881896973e-01,-1.009802222251892090e+00,-1.427287578582763672e+00,-1.622375607490539551e+00,-1.692346572875976562e+00,-5.921270847320556641e-01,-7.137238383293151855e-01,-1.975954771041870117e-01,-3.223351240158081055e-01,4.663236737251281738e-01,-1.431309938430786133e+00,-1.523432970046997070e+00,-1.016879796981811523e+00,1.494323462247848511e-01,-1.292274117469787598e+00,-4.654182791709899902e-01,-1.231749176979064941e+00,-6.055294871330261230e-01,-1.080001950263977051e+00,-1.490607738494873047e+00,-1.092181801795959473e+00,-1.360250473022460938e+00,-1.284278154373168945e+00,-9.892296195030212402e-01,-1.012667894363403320e+00,2.341589182615280151e-01,-6.827293038368225098e-01,-1.252649426460266113e+00,-8.911466598510742188e-02,-1.079682230949401855e+00,6.582801342010498047e-01
-4.486303031444549561e-01,-7.370979785919189453e-01,-7.939699292182922363e-01,-1.751250267028808594e+00,-8.707335591316223145e-01,-4.895474389195442200e-02,-3.063246011734008789e-01,1.049792692065238953e-01,3.678250908851623535e-01,1.678738594055175781e-01,7.467772364616394043e-01,-2.391711622476577759e-01,-1.499312371015548706e-01,-5.862114429473876953e-01,1.390216588973999023e+00,-1.629607796669006348e+00,8.678761720657348633e-01,-1.017521694302558899e-01,-8.449316620826721191e-01,-5.375271439552307129e-01,-8.727052062749862671e-02,-8.189175128936767578e-01,-1.278707981109619141e-01,6.238684654235839844e-01,-3.326302021741867065e-02,-8.891530036926269531e-01,1.245823144912719727e+00,1.615369617938995361e-01,-6.164774298667907715e-01,3.045396804809570312e-01,-4.850775897502899170e-01,7.770108580589294434e-01
3.864721655845642090e-01,6.435202807188034058e-02,-4.235213100910186768e-01,-4.454367160797119141e-01,-7.341222763061523438e-01,-1.596689224243164062e+00,-3.335917294025421143e-01,-5.840561389923095703e-01,-7.206527590751647949e-01,-2.658557593822479248e-01,4.997132718563079834e-01,-1.036993026733398438e+00,-1.220795512199401855e+00,-1.953939162194728851e-02,-1.098691523075103760e-01,-1.163368463516235352e+00,1.420911788940429688e+00,3.602840304374694824e-01,-6.233682632446289062e-01,-7.246359586715698242e-01,-1.461183875799179077e-01,-8.628938198089599609e-01,-1.188815832138061523e+00,9.485248327255249023e-01,-5.800526738166809082e-01,-6.900447010993957520e-01,1.123216748237609863e+00,-3.276881575584411621e-01,-4.423636943101882935e-02,5.734334886074066162e-02,-3.499074578285217285e-01,2.028264999389648438e+00
-2.593697048723697662e-02,9.684661030769348145e-02,-4.413069784641265869e-01,-3.108927309513092041e-01,-5.529489517211914062e-01,-3.887338638305664062e-01,-2.283262759447097778e-01,7.940146327018737793e-02,8.331266045570373535e-01,-3.765845894813537598e-01,8.570814132690429688e-01,-1.383407711982727051e-01,-3.743158280849456787e-01,-2.764615975320339203e-02,8.169526457786560059e-01,-1.198680043220520020e+00,9.155616760253906250e-01,4.281860291957855225e-01,-4.703378677368164062e-01,3.616859912872314453e-01,-2.758749723434448242e-01,-4.112497866153717041e-01,-3.478957116603851318e-01,5.114004611968994141e-01,-7.152595371007919312e-02,-2.164476364850997925e-01,1.665365576744079590e+00,1.701006591320037842e-01,-3.489162623882293701e-01,5.700306296348571777e-01,-5.208486914634704590e-01,4.325366914272308350e-01
-7.830926030874252319e-02,-1.532204300165176392e-01,-6.270483136177062988e-01,-7.641458511352539062e-01,-4.669056236743927002e-01,-3.688496947288513184e-01,1.340394318103790283e-01,-2.808933556079864502e-01,8.219296336174011230e-01,6.231035590171813965e-01,5.158427357673645020e-01,-5.509810447692871094e-01,-6.263215541839599609e-01,-1.169601798057556152e+00,-2.300395369529724121e-01,-1.232199668884277344e+00,2.625804245471954346e-01,-4.434135556221008301e-01,-1.009419322013854980e+00,1.398350596427917480e-01,-5.858844518661499023e-01,-6.408236026763916016e-01,-4.661880731582641602e-01,1.182577088475227356e-01,-2.260211706161499023e-01,-6.794890165328979492e-01,1.128068089485168457e+00,-3.462428152561187744e-01,-6.559177041053771973e-01,-2.663332521915435791e-01,-1.500025093555450439e-01,2.561126053333282471e-01
4.293304681777954102e-01,2.484880089759826660e-01,-6.669626571238040924e-03,-6.922608613967895508e-02,-1.271387338638305664e+00,-7.071767449378967285e-01,-8.393609523773193359e-01,-1.934663653373718262e+00,3.012152910232543945e-01,-5.530452132225036621e-01,-2.369421869516372681e-01,-9.627313613891601562e-01,-1.402745127677917480e+00,-1.768136739730834961e+00,-1.010583758354187012e+00,-1.186339378356933594e+00,-7.553306221961975098e-01,-8.598343729972839355e-01,-8.576737046241760254e-01,-3.559076786041259766e-01,-8.633978366851806641e-01,-9.445935487747192383e-01,-1.003418564796447754e+00,-1.470819115638732910e+00,-5.754920840263366699e-01,-2.080111950635910034e-01,-6.801079511642456055e-01,-6.532842516899108887e-01,-6.907404661178588867e-01,5.569245293736457825e-02,2.313407212495803833e-01,6.241589188575744629e-01
2.627675607800483704e-02,-4.379705339670181274e-02,3.236578404903411865e-02,6.189343929290771484e-01,-1.345481038093566895e+00,7.380549907684326172e-01,-1.153004646301269531e+00,-2.170520067214965820e+00,1.132720947265625000e+00,-4.185530543327331543e-01,2.548426091670989990e-01,-4.758555889129638672e-01,-1.236377835273742676e+00,-6.369010210037231445e-01,6.064532399177551270e-01,-1.524854183197021484e+00,6.186321973800659180e-01,-2.155048400163650513e-01,-1.305497169494628906e+00,8.107689023017883301e-02,-6.564518213272094727e-01,-8.887901306152343750e-01,-6.356957554817199707e-01,-1.260459065437316895e+00,2.038249075412750244e-01,-1.170009732246398926e+00,-7.531098723411560059e-01,-5.380459427833557129e-01,-1.391965985298156738e+00,-9.402354955673217773e-01,-1.106487512588500977e+00,-1.975492835044860840e-01
7.128928899765014648e-01,7.406715750694274902e-01,1.457235962152481079e-01,4.276576936244964600e-01,-1.192221283912658691e+00,-2.214816957712173462e-01,-4.010419547557830811e-01,-2.394992828369140625e+00,-1.143958806991577148e+00,-1.304150938987731934e+00,-5.181722640991210938e-01,-8.237623572349548340e-01,-1.838023900985717773e+00,-7.709745168685913086e-01,-8.279620856046676636e-02,-1.297202259302139282e-01,1.022330641746520996e+00,4.018656015396118164e-01,-4.111138880252838135e-01,4.925285577774047852e-01,-1.326693966984748840e-02,-1.628991514444351196e-01,-3.584515452384948730e-01,2.170893549919128418e-01,1.856243908405303955e-01,-6.789820194244384766e-01,-2.258838266134262085e-01,-2.221866548061370850e-01,-3.979742527008056641e-02,7.064484953880310059e-01,4.025771319866180420e-01,1.613237619400024414e+00
4.746578633785247803e-01,8.375735878944396973e-01,7.515738606452941895e-01,7.810919880867004395e-01,2.602460384368896484e-01,-1.991675794124603271e-01,1.473967313766479492e+00,3.836670219898223877e-01,3.310875296592712402e-01,5.401318073272705078e-01,6.764425039291381836e-01,4.400466680526733398e-01,2.327947318553924561e-01,-3.258445858955383301e-01,2.453368902206420898e+00,-6.323097348213195801e-01,1.103434801101684570e+00,1.103474855422973633e+00,-2.180672734975814819e-01,1.541652679443359375e+00,9.945198297500610352e-01,-5.630365014076232910e-02,1.132657766342163086e+00,2.268887281417846680e+00,6.218720078468322754e-01,1.083556413650512695e-01,2.195508480072021484e+00,6.434106230735778809e-01,5.115500092506408691e-01,1.725859642028808594e+00,7.136510610580444336e-01,1.770412445068359375e+00
7.938525080680847168e-01,1.196537613868713379e+00,6.494613885879516602e-01,8.799177408218383789e-01,1.226140737533569336e+00,1.384038329124450684e+00,2.324235200881958008e+00,1.740322113037109375e+00,1.215567708015441895e+00,1.758481979370117188e+00,1.262252211570739746e+00,8.921867012977600098e-01,1.056391954421997070e+00,5.383428931236267090e-01,1.830755472183227539e+00,3.995464369654655457e-02,1.735481023788452148e+00,1.260825991630554199e+00,-7.339815050363540649e-02,8.786639571189880371e-02,5.683620572090148926e-01,-4.828732311725616455e-01,1.306214690208435059e+00,5.010653138160705566e-01,1.036237239837646484e+00,-1.905197501182556152e-01,1.124920845031738281e+00,1.016674041748046875e+00,-3.676925003528594971e-01,-2.238142639398574829e-01,-3.189328908920288086e-01,8.893523812294006348e-01
1.187686681747436523e+00,9.535069465637207031e-01,6.766052246093750000e-01,7.413054108619689941e-01,7.392879724502563477e-01,5.075054168701171875e-01,2.176382780075073242e+00,2.495525479316711426e-01,1.741948723793029785e+00,1.280720472335815430e+00,8.033801913261413574e-01,-7.981097698211669922e-01,-1.274543642997741699e+00,1.801068663597106934e+00,1.963995546102523804e-01,-2.347997277975082397e-01,9.004031419754028320e-01,-3.929240405559539795e-01,6.223573163151741028e-02,8.056406378746032715e-01,-9.651868939399719238e-01,-4.235949516296386719e-01,2.016220092773437500e-01,-3.103090263903141022e-02,4.542389512062072754e-01,-2.026877105236053467e-01,3.059633672237396240e-01,-3.990131318569183350e-01,-2.903426289558410645e-01,3.814242482185363770e-01,-1.983368545770645142e-01,2.476978778839111328e+00
-6.454341411590576172e-01,-4.565309286117553711e-01,-1.584941148757934570e-01,-1.851902008056640625e-01,-1.043722629547119141e-01,1.259725213050842285e+00,9.310646057128906250e-01,-3.863350749015808105e-01,2.622192621231079102e+00,1.342225432395935059e+00,1.244501590728759766e+00,7.957539521157741547e-03,-1.033979132771492004e-01,2.233370244503021240e-01,-4.139488339424133301e-01,-7.053766250610351562e-01,1.444521844387054443e-01,-8.234967589378356934e-01,-8.307996392250061035e-01,-6.959611177444458008e-01,-1.305598855018615723e+00,-7.228806018829345703e-01,-2.341831326484680176e-01,-9.023085832595825195e-01,-5.401998162269592285e-01,-1.378923296928405762e+00,-1.423269271850585938e+00,-2.435469865798950195e+00,-1.276527881622314453e+00,-1.446892023086547852e+00,-7.191117405891418457e-01,-1.453670144081115723e+00
-9.997625946998596191e-01,-9.817908406257629395e-01,-9.375478625297546387e-01,-9.863997101783752441e-01,-1.185375094413757324e+00,2.887796461582183838e-01,-6.395216584205627441e-01,-1.865116238594055176e+00,1.240086674690246582e+00,-2.431242167949676514e-01,2.943352460861206055e-01,-1.667287707328796387e+00,-9.272940158843994141e-01,4.853965044021606445e-01,-2.691327333450317383e+00,-1.891573429107666016e+00,6.551523208618164062e-01,-2.209840536117553711e+00,-1.325884342193603516e+00,-1.990627199411392212e-01,-2.033528327941894531e+00,-7.859017848968505859e-01,-1.476057410240173340e+00,-2.948164463043212891e+00,-1.047157526016235352e+00,-1.259038567543029785e+00,-2.281652450561523438e+00,-1.047780990600585938e+00,-2.766176223754882812e+00,-3.613540649414062500e+00,-1.779847741127014160e+00,-1.982126712799072266e+00
-1.602723479270935059e+00,-1.612789750099182129e+00,-1.452763676643371582e+00,-1.241712927818298340e+00,-1.368602275848388672e+00,-9.713901281356811523e-01,-1.348287463188171387e+00,-1.642528891563415527e+00,6.985584497451782227e-01,-1.338065147399902344e+00,2.072443813085556030e-01,-5.462955236434936523e-01,-1.742566466331481934e+00,9.180544614791870117e-01,-1.911201775074005127e-01,-1.701167821884155273e+00,-2.216019034385681152e-01,-2.354720681905746460e-01,-1.217356204986572266e+00,-1.054035663604736328e+00,-8.711577653884887695e-01,-8.195070624351501465e-01,-1.079738974571228027e+00,-1.501240611076354980e+00,-1.313052415847778320e+00,-1.049962639808654785e+00,-1.533347964286804199e+00,-1.137856125831604004e+00,-6.421926617622375488e-01,-1.051654100418090820e+00,-1.353048086166381836e+00,-8.121107816696166992e-01
-1.319750070571899414e+00,-1.093596577644348145e+00,-1.249184846878051758e+00,-8.442315459251403809e-01,-1.030403852462768555e+00,2.008270621299743652e-01,-7.803419828414916992e-01,-9.292675256729125977e-01,-5.298817064613103867e-03,-3.178420662879943848e-01,8.156679868698120117e-01,-5.631529688835144043e-01,-2.479500770568847656e-01,3.565790355205535889e-01,-3.549420535564422607e-01,-9.830634593963623047e-01,8.627586960792541504e-01,-1.035102248191833496e+00,-1.081279993057250977e+00,-2.394386529922485352e-01,-5.962385535240173340e-01,-9.507036209106445312e-01,-4.728064239025115967e-01,-1.110180139541625977e+00,-1.006467863917350769e-01,-6.482173800468444824e-01,-1.036765813827514648e+00,-7.725111246109008789e-01,-8.190616369247436523e-01,-1.022106409072875977e+00,-1.303809762001037598e+00,-1.168738126754760742e+00
-5.030186772346496582e-01,-5.649570226669311523e-01,-5.909340977668762207e-01,-6.108938157558441162e-02,-2.830560803413391113e-01,-2.518561482429504395e-01,2.324163466691970825e-01,-9.762964844703674316e-01,-2.385148778557777405e-02,4.092674255371093750e-01,8.349579572677612305e-01,3.070981800556182861e-01,-2.357404083013534546e-01,9.245873689651489258e-01,3.721322491765022278e-02,-4.427593648433685303e-01,7.480033636093139648e-01,8.645740896463394165e-02,-8.045784831047058105e-01,1.236196830868721008e-01,-2.559631764888763428e-01,-6.142395138740539551e-01,-6.303899288177490234e-01,-2.591918408870697021e-01,-5.199909210205078125e-01,-1.103724718093872070e+00,-1.269266605377197266e+00,-1.288698196411132812e+00,-1.099531427025794983e-01,4.818256497383117676e-01,-1.063318729400634766e+00,-1.298235356807708740e-01
-1.822700738906860352e+00,-9.342262744903564453e-01,-1.121893286705017090e+00,-3.196381032466888428e-01,-1.288658261299133301e+00,-4.936664998531341553e-01,-7.669237256050109863e-01,-1.525347709655761719e+00,9.990926980972290039e-01,4.231126904487609863e-01,3.769986629486083984e-01,-2.065557241439819336e-01,-3.863973915576934814e-01,-2.683251500129699707e-01,1.758936494588851929e-01,-7.492005228996276855e-01,-2.958827316761016846e-01,-8.507919907569885254e-01,-9.740998148918151855e-01,3.929249569773674011e-02,-1.094966292381286621e+00,-6.844962239265441895e-01,-1.019140601158142090e+00,-7.881138324737548828e-01,-8.301947712898254395e-01,-6.490387320518493652e-01,-1.441247224807739258e+00,-1.163801312446594238e+00,-9.732256531715393066e-01,-6.507897377014160156e-01,-7.803598642349243164e-01,-2.277009636163711548e-01
-5.282307267189025879e-01,-3.010389506816864014e-01,1.757886111736297607e-01,2.218053936958312988e-01,5.710289254784584045e-02,1.948825478553771973e+00,5.019302964210510254e-01,-1.697241961956024170e-01,1.353268861770629883e+00,1.393180012702941895e+00,1.022721648216247559e+00,7.465428113937377930e-02,6.071959137916564941e-01,9.844527244567871094e-01,2.922654747962951660e-01,-8.814866542816162109e-01,7.189655900001525879e-01,4.189419448375701904e-01,-8.244813084602355957e-01,1.305175423622131348e-01,1.363331675529479980e-01,-5.284753441810607910e-01,4.641495048999786377e-01,5.671646595001220703e-01,2.224856615066528320e-01,-7.669360637664794922e-01,-6.045727729797363281e-01,-6.416705250740051270e-01,-1.047743797302246094e+00,-1.360135674476623535e+00,-1.126669883728027344e+00,-5.905815362930297852e-01
4.881813526153564453e-01,6.039062142372131348e-02,3.935855329036712646e-01,9.206653386354446411e-02,3.279915452003479004e-02,6.479391455650329590e-01,4.452793002128601074e-01,-7.425388693809509277e-01,1.022576332092285156e+00,7.849534153938293457e-01,6.865370273590087891e-01,-4.986811876296997070e-01,-1.168712377548217773e+00,1.304952263832092285e+00,2.479057461023330688e-01,-7.313206791877746582e-01,4.433588981628417969e-01,2.689188420772552490e-01,-6.711981892585754395e-01,7.207356095314025879e-01,-4.569470584392547607e-01,-6.813340187072753906e-01,5.425922200083732605e-02,9.342282265424728394e-02,-2.184899151325225830e-01,-4.603542853146791458e-03,8.975170552730560303e-02,3.103457093238830566e-01,-8.566650748252868652e-02,-3.720579445362091064e-01,-6.351538896560668945e-01,-3.945547938346862793e-01
6.545630693435668945e-01,-1.381781697273254395e-01,1.330306231975555420e-01,1.235882714390754700e-01,9.635296463966369629e-01,1.565396070480346680e+00,9.502233266830444336e-01,1.321223378181457520e-01,1.775526046752929688e+00,9.268341064453125000e-01,1.116024494171142578e+00,1.901433020830154419e-01,-6.956092715263366699e-01,1.842582374811172485e-01,1.343635678291320801e+00,-1.790037393569946289e+00,2.073737978935241699e-01,8.699524402618408203e-02,-1.587590336799621582e+00,-8.324013948440551758e-01,-2.667041718959808350e-01,-7.942986488342285156e-01,4.532864987850189209e-01,-8.910592645406723022e-02,2.893255092203617096e-02,-2.913211286067962646e-01,-4.957377016544342041e-01,-4.695951044559478760e-01,-3.038125336170196533e-01,-5.793295502662658691e-01,1.537659466266632080e-01,-1.354786753654479980e-01
-1.203543305397033691e+00,-1.141576647758483887e+00,-1.209141254425048828e+00,-1.315551996231079102e+00,-8.136617541313171387e-01,-3.744800686836242676e-01,-6.722422242164611816e-01,-1.054026007652282715e+00,6.748704314231872559e-01,4.097333550453186035e-01,3.997624516487121582e-01,-1.256217956542968750e+00,-1.094942092895507812e+00,6.224395036697387695e-01,-1.505719184875488281e+00,-1.179130434989929199e+00,1.166162565350532532e-01,-1.390814661979675293e+00,-1.029069423675537109e+00,-1.319801688194274902e+00,-6.057506799697875977e-01,-1.484172463417053223e+00,-8.769719600677490234e-01,-1.444054365158081055e+00,-1.038182735443115234e+00,-4.855521023273468018e-01,-1.660790443420410156e+00,-1.215613603591918945e+00,-1.388317823410034180e+00,-1.624784350395202637e+00,-1.195776939392089844e+00,-9.435928463935852051e-01
-9.366077780723571777e-01,-6.630502343177795410e-01,-5.426439642906188965e-01,-1.776941716670989990e-01,-2.819046974182128906e-01,3.662715852260589600e-02,1.162799298763275146e-01,-4.557757973670959473e-01,1.347139120101928711e+00,8.111462593078613281e-01,4.108242094516754150e-01,-2.116600722074508667e-01,-1.013957023620605469e+00,4.655601382255554199e-01,7.795462608337402344e-01,-9.302386045455932617e-01,-6.013025715947151184e-02,-4.126895964145660400e-01,-9.354314804077148438e-01,-5.554398894309997559e-01,-4.329846501350402832e-01,-9.988426566123962402e-01,-1.652909517288208008e-01,3.377594351768493652e-01,-2.846184670925140381e-01,-3.971417546272277832e-01,-3.326463103294372559e-01,-5.480564832687377930e-01,-1.906449794769287109e-01,-2.644801884889602661e-02,-5.026403069496154785e-01,-3.215545415878295898e-01
-1.875458121299743652e+00,-1.250307440757751465e+00,-1.375959515571594238e+00,-1.206667423248291016e+00,-4.984289109706878662e-01,-3.954903185367584229e-01,-1.838736832141876221e-01,3.040521144866943359e-01,4.694697558879852295e-01,1.263147592544555664e+00,7.846760153770446777e-01,-1.149864435195922852e+00,-3.628745973110198975e-01,4.591757059097290039e-01,-2.280662059783935547e+00,-1.199657559394836426e+00,1.275877952575683594e-01,-1.236993074417114258e+00,-1.150971412658691406e+00,-8.770749568939208984e-01,-6.213387846946716309e-01,-8.147190809249877930e-01,-1.480609327554702759e-01,5.672916397452354431e-02,2.412091940641403198e-02,-9.225134849548339844e-01,-6.218752264976501465e-01,-3.316767215728759766e-01,-1.131088733673095703e+00,-1.254478454589843750e+00,-1.037933945655822754e+00,-1.951648831367492676e+00
-1.451496243476867676e+00,-8.989337682723999023e-01,-1.231683611869812012e+00,-4.697507619857788086e-01,-5.132102966308593750e-01,-2.320016324520111084e-01,-4.710754379630088806e-02,-2.751303315162658691e-01,9.011530876159667969e-01,2.553386688232421875e-01,5.730450749397277832e-01,-1.254725933074951172e+00,-7.522603869438171387e-01,9.847794175148010254e-01,-2.866899251937866211e+00,-9.979701042175292969e-01,-4.215320944786071777e-01,-2.106306791305541992e+00,-6.736412644386291504e-01,-1.125831127166748047e+00,-1.219944000244140625e+00,-1.159088730812072754e+00,-6.037769317626953125e-01,-6.619333624839782715e-01,-7.572044134140014648e-01,-4.253815710544586182e-01,-7.681708335876464844e-01,-7.032782435417175293e-01,-1.199229121208190918e+00,-8.056706786155700684e-01,-1.005686402320861816e+00,-1.620741486549377441e+00
-1.688485383987426758e+00,-1.173129320144653320e+00,-7.725133895874023438e-01,-5.305838584899902344e-01,2.645093016326427460e-03,2.220743596553802490e-01,2.757208347320556641e-01,6.703945398330688477e-01,1.360352158546447754e+00,1.419073343276977539e+00,1.127277016639709473e+00,-8.563516139984130859e-01,2.294648140668869019e-01,1.093879222869873047e+00,-2.405339330434799194e-01,-4.627570509910583496e-01,-4.636736959218978882e-02,-3.371233940124511719e-01,-8.501759171485900879e-01,-1.213372468948364258e+00,-4.751976430416107178e-01,-6.969039440155029297e-01,9.969398379325866699e-02,-1.635343767702579498e-02,2.749533653259277344e-01,-8.877537399530410767e-02,-8.394532799720764160e-01,-1.009615778923034668e+00,-4.705535471439361572e-01,-5.244119763374328613e-01,-5.919850468635559082e-01,-8.067003488540649414e-01
-1.335176348686218262e+00,-1.136618018150329590e+00,-9.964887499809265137e-01,-9.613488614559173584e-02,1.934341043233871460e-01,4.262500107288360596e-01,8.681349754333496094e-01,1.839894205331802368e-01,1.681999862194061279e-01,1.255692481994628906e+00,7.371186614036560059e-01,-1.152927041053771973e+00,2.380030453205108643e-01,7.123266458511352539e-01,-6.991966068744659424e-02,-7.322981953620910645e-02,2.128401771187782288e-02,-1.799739301204681396e-01,-8.432468175888061523e-01,-5.708607435226440430e-01,-4.481858909130096436e-01,-8.401240706443786621e-01,-2.687548696994781494e-01,-5.394603013992309570e-01,-3.378602117300033569e-02,-6.183348894119262695e-01,-8.290595412254333496e-01,-1.450196027755737305e+00,-8.748290538787841797e-01,-1.399656176567077637e+00,-7.657672762870788574e-01,-2.400715947151184082e-01
-9.728062748908996582e-01,-5.648462176322937012e-01,-3.802204430103302002e-01,-3.619553744792938232e-01,-3.237282633781433105e-01,-4.398518502712249756e-01,4.099037945270538330e-01,-3.620735406875610352e-01,1.440297484397888184e+00,1.595201015472412109e+00,4.157148003578186035e-01,-7.428781688213348389e-02,-4.932959973812103271e-01,1.952157467603683472e-01,2.468756288290023804e-01,-9.010363221168518066e-01,-7.274171710014343262e-01,1.847472488880157471e-01,-5.817303657531738281e-01,-1.423847317695617676e+00,-4.028325080871582031e-01,-1.108993411064147949e+00,-1.096773505210876465e+00,-8.214809745550155640e-02,-5.386726260185241699e-01,-5.947088077664375305e-02,-8.797386884689331055e-01,-8.722448945045471191e-01,-5.317803621292114258e-01,-2.318665832281112671e-01,-2.987136244773864746e-01,-4.542872309684753418e-01
-1.364669680595397949e+00,-1.447934389114379883e+00,-1.383611440658569336e+00,-1.268077135086059570e+00,-7.519533038139343262e-01,1.570581924170255661e-03,1.763034760951995850e-01,1.683012247085571289e-01,1.019211888313293457e+00,1.911811709403991699e+00,6.898609995841979980e-01,-1.073875188827514648e+00,9.878727048635482788e-02,-6.300711631774902344e-01,-1.079280138015747070e+00,-6.381339430809020996e-01,-8.020469546318054199e-01,-1.181528568267822266e+00,-1.587969422340393066e+00,-1.191920518875122070e+00,-8.147903084754943848e-01,-1.419614791870117188e+00,-7.241916656494140625e-01,-3.341789543628692627e-02,-7.622252106666564941e-01,-6.773393750190734863e-01,-7.136842012405395508e-01,-1.275344371795654297e+00,-6.372945308685302734e-01,-2.179182022809982300e-01,-6.089574098587036133e-01,-1.325967311859130859e+00
-1.382202625274658203e+00,-1.029299974441528320e+00,-7.646028995513916016e-01,-6.654161810874938965e-01,-9.049330353736877441e-01,-6.626077890396118164e-01,-3.884847462177276611e-01,-1.083943843841552734e+00,1.935362368822097778e-01,4.230128526687622070e-01,8.868473581969738007e-03,-7.351561784744262695e-01,1.658550351858139038e-01,6.728914976119995117e-01,-3.854916691780090332e-01,-2.956073582172393799e-01,2.939055263996124268e-01,-7.105508446693420410e-01,-1.547574102878570557e-01,3.194682002067565918e-01,-7.213983535766601562e-01,-4.848920702934265137e-01,-4.714101254940032959e-01,-4.703899025917053223e-01,-1.809591948986053467e-01,-4.429338276386260986e-01,-1.133764028549194336e+00,-8.561732769012451172e-01,-4.991515576839447021e-01,-6.418614387512207031e-01,-7.905617356300354004e-01,-1.510112881660461426e+00
-1.048397183418273926e+00,-4.502148628234863281e-01,-4.895971417427062988e-01,-3.096113502979278564e-01,-7.622846961021423340e-01,4.504310712218284607e-02,1.535569578409194946e-01,-7.034073472023010254e-01,2.755521237850189209e-01,1.523977816104888916e-01,1.511591076850891113e-01,-2.814717590808868408e-01,-2.627638876438140869e-01,-3.223108649253845215e-01,-1.992002129554748535e-01,-9.899058341979980469e-01,-5.866092443466186523e-01,-1.381570547819137573e-01,-6.251584887504577637e-01,-1.121136307716369629e+00,-7.728049159049987793e-02,-7.624173164367675781e-01,1.593986749649047852e-01,3.574394285678863525e-01,-7.443384826183319092e-02,-1.440077424049377441e-01,-4.651091396808624268e-01,-3.002765476703643799e-01,-2.460807412862777710e-01,2.678830623626708984e-01,-4.783255457878112793e-01,-1.196361303329467773e+00
-8.386362195014953613e-01,-6.469830274581909180e-01,-1.659134328365325928e-01,9.658336639404296875e-02,8.758059144020080566e-01,1.078989863395690918e+00,1.162404656410217285e+00,-6.678332090377807617e-01,6.178775057196617126e-02,1.708692312240600586e-01,-4.270762503147125244e-01,-6.292476654052734375e-01,-1.050927519798278809e+00,-9.131250530481338501e-02,-7.741380929946899414e-01,-6.899812817573547363e-01,-1.046483635902404785e+00,-6.310180425643920898e-01,-6.828870773315429688e-01,-1.229118347167968750e+00,-4.503249824047088623e-01,-7.101513147354125977e-01,-1.204258680343627930e+00,-5.625938177108764648e-01,-4.937780201435089111e-01,-6.219041943550109863e-01,-1.308692336082458496e+00,-9.220042228698730469e-01,-2.007729001343250275e-02,-2.685232162475585938e-01,-2.649533748626708984e-01,-5.600763950496912003e-03
-5.499543547630310059e-01,1.224433705210685730e-01,-1.566328257322311401e-01,6.117907762527465820e-01,-4.706087410449981689e-01,-1.148065805435180664e+00,-1.908698529005050659e-01,-1.276044100522994995e-01,7.467518448829650879e-01,6.632748246192932129e-01,5.072467327117919922e-01,1.854315996170043945e-01,3.223607242107391357e-01,1.211679816246032715e+00,2.198670618236064911e-02,4.790484607219696045e-01,3.686128258705139160e-01,6.054371595382690430e-01,3.129056692123413086e-01,-3.517545014619827271e-02,3.174507617950439453e-02,-4.222639799118041992e-01,-3.776921927928924561e-01,-5.328834056854248047e-01,1.475078910589218140e-01,2.157581150531768799e-01,-9.647617936134338379e-01,-1.215144321322441101e-01,-1.173258721828460693e-01,-7.975172996520996094e-01,-1.140155553817749023e+00,-2.537689924240112305e+00
-7.186012864112854004e-01,-3.785494565963745117e-01,-2.811066806316375732e-01,8.386896252632141113e-01,3.778126537799835205e-01,7.098437547683715820e-01,7.396565675735473633e-01,3.247562646865844727e-01,5.997879505157470703e-01,6.480982899665832520e-01,6.654760986566543579e-02,-6.298235058784484863e-01,-2.053016424179077148e-01,-5.176751017570495605e-01,-9.785211086273193359e-01,-6.859084367752075195e-01,2.747538089752197266e-01,-4.856674373149871826e-01,-8.398348689079284668e-01,-7.047008275985717773e-01,-5.921879410743713379e-01,-2.783560156822204590e-01,-2.893359661102294922e-01,-4.827819466590881348e-01,-3.161660432815551758e-01,-3.817493021488189697e-01,-1.106359481811523438e+00,-4.359269142150878906e-01,-2.899599671363830566e-01,-1.065973162651062012e+00,-8.334723114967346191e-01,-1.163436412811279297e+00
-6.774872541427612305e-01,-2.661619782447814941e-01,-4.741122201085090637e-02,3.758902847766876221e-01,1.625643074512481689e-01,-9.847252815961837769e-02,-3.822061419486999512e-01,-7.931252717971801758e-01,1.280188798904418945e+00,-5.937822461128234863e-01,-3.600382208824157715e-01,1.940435469150543213e-01,-9.993139505386352539e-01,1.269466578960418701e-01,-1.165166735649108887e+00,-1.027213096618652344e+00,5.949445366859436035e-01,-1.033656835556030273e+00,-3.643580898642539978e-02,-7.587640732526779175e-02,-4.366029202938079834e-01,-4.140636324882507324e-01,-2.022363692522048950e-01,-1.375364780426025391e+00,-4.188420772552490234e-01,-5.024351179599761963e-02,-1.314848661422729492e+00,-9.602866172790527344e-01,-5.330303907394409180e-01,-1.181131482124328613e+00,-4.574421346187591553e-01,-6.335388422012329102e-01
-8.716180920600891113e-01,-2.046909630298614502e-01,-8.118332028388977051e-01,1.861191913485527039e-02,-1.165925979614257812e+00,-2.750592827796936035e-01,-8.189823627471923828e-01,-1.251213431358337402e+00,-3.738049864768981934e-01,-6.571509242057800293e-01,-6.159706711769104004e-01,-1.656162887811660767e-01,-6.480939984321594238e-01,-1.111072778701782227e+00,-8.563548922538757324e-01,-9.471002221107482910e-01,-4.360316097736358643e-01,8.857514709234237671e-02,-5.575942397117614746e-01,-2.594460248947143555e-01,4.512124657630920410e-01,1.509291529655456543e-01,-4.626415371894836426e-01,-5.647268891334533691e-01,-7.160963118076324463e-02,-2.138011008501052856e-01,-7.711799740791320801e-01,-3.883183002471923828e-01,-1.373164296150207520e+00,-1.485468983650207520e+00,-9.961671829223632812e-01,-2.301968336105346680e+00
-1.993409125134348869e-03,2.861905992031097412e-01,-3.939732909202575684e-02,5.698578953742980957e-01,-2.770812809467315674e-01,2.395878285169601440e-01,-2.677559554576873779e-01,-1.229548811912536621e+00,-4.275151193141937256e-01,-8.532811403274536133e-01,-5.844882726669311523e-01,2.106915563344955444e-01,-7.797534465789794922e-01,-8.563776612281799316e-01,-8.349475860595703125e-01,-9.969111680984497070e-01,-6.889198422431945801e-01,-3.240472078323364258e-01,-3.127161264419555664e-01,-4.550778865814208984e-01,-2.292700111865997314e-01,1.540377736091613770e-01,-4.942531883716583252e-01,1.554846316576004028e-01,-2.104984223842620850e-01,-1.058409288525581360e-01,-4.231195747852325439e-01,-3.858743011951446533e-01,-6.626271605491638184e-01,-9.661107659339904785e-01,-7.871856540441513062e-02,-5.754377245903015137e-01
6.235293149948120117e-01,1.185096725821495056e-01,1.840610206127166748e-01,7.648185491561889648e-01,3.429596722126007080e-01,3.339412808418273926e-01,6.210086941719055176e-01,-9.227930009365081787e-02,3.265379071235656738e-01,3.456657230854034424e-01,-3.763311505317687988e-01,9.314247369766235352e-01,-1.155648827552795410e-01,-6.735150814056396484e-01,1.182646632194519043e+00,-7.172286510467529297e-02,-8.078622221946716309e-01,1.033354282379150391e+00,-5.486432462930679321e-02,-1.225904226303100586e+00,8.081682324409484863e-01,1.296064853668212891e-01,3.902865946292877197e-01,1.124629020690917969e+00,4.994473755359649658e-01,2.940183579921722412e-01,2.365846373140811920e-02,1.983139067888259888e-01,8.262047767639160156e-01,3.153884112834930420e-01,4.418534040451049805e-01,-4.730742424726486206e-03
-3.319252729415893555e-01,-4.855073690414428711e-01,2.557207345962524414e-01,9.322937726974487305e-01,7.857793569564819336e-01,1.381697297096252441e+00,1.018139958381652832e+00,-5.257856845855712891e-02,1.057175323367118835e-01,6.489968895912170410e-01,-4.785161316394805908e-01,2.483851611614227295e-01,-2.888908684253692627e-01,-2.402929365634918213e-01,-9.686061739921569824e-01,-5.342355370521545410e-01,-1.365433782339096069e-01,3.105676472187042236e-01,1.811470538377761841e-01,-8.313902020454406738e-01,3.547483980655670166e-01,4.312057495117187500e-01,4.183237850666046143e-01,2.106647938489913940e-01,5.387981534004211426e-01,1.004160493612289429e-01,2.777297981083393097e-02,5.704041719436645508e-01,-3.449620306491851807e-01,-9.308355450630187988e-01,-3.563089966773986816e-01,-7.366636395454406738e-01
1.053335443139076233e-01,2.962464690208435059e-01,5.620582103729248047e-01,5.895269513130187988e-01,-2.746540307998657227e-01,-1.119558215141296387e-01,-2.248461246490478516e-01,-7.747334837913513184e-01,8.188102841377258301e-01,-3.351819217205047607e-01,-2.929729521274566650e-01,1.256715357303619385e-01,-4.627291560173034668e-01,-2.779463529586791992e-01,7.453268170356750488e-01,7.770995050668716431e-02,-6.829494833946228027e-01,8.159670233726501465e-01,2.832726240158081055e-01,-4.965733587741851807e-01,-3.090764582157135010e-01,-2.240354567766189575e-01,-2.765181660652160645e-01,-5.785409808158874512e-01,-2.351005077362060547e-01,4.791842103004455566e-01,-3.952851891517639160e-01,-1.512136161327362061e-01,6.316310763359069824e-01,1.268831044435501099e-01,1.357420235872268677e-01,-6.664909124374389648e-01
6.357842087745666504e-01,2.781846821308135986e-01,3.750760257244110107e-01,5.501247644424438477e-01,-2.477051876485347748e-02,1.228669285774230957e+00,3.272054716944694519e-02,-4.964014589786529541e-01,3.072769045829772949e-01,5.652263760566711426e-01,-1.428627967834472656e-01,2.143562138080596924e-01,7.546083927154541016e-01,-7.233732342720031738e-01,-1.009296059608459473e+00,2.579742372035980225e-01,-1.055206537246704102e+00,9.839068353176116943e-02,-3.521636724472045898e-01,-4.370929002761840820e-01,-7.564203441143035889e-02,2.337275892496109009e-01,3.770219981670379639e-01,-4.171904325485229492e-01,1.434912234544754028e-01,-1.259180456399917603e-01,-4.899958074092864990e-01,-7.804296016693115234e-01,-1.477607041597366333e-01,-5.794643163681030273e-01,1.865853369235992432e-01,8.664871752262115479e-02
7.757079601287841797e-01,5.700542330741882324e-01,4.877875447273254395e-01,6.144175529479980469e-01,2.692393660545349121e-01,-2.365355640649795532e-01,6.457644104957580566e-01,-3.608995676040649414e-01,-4.133486151695251465e-01,2.416265383362770081e-02,-2.119306325912475586e-01,-2.375744283199310303e-01,-3.650091588497161865e-02,2.553780563175678253e-02,-6.229996085166931152e-01,9.981330037117004395e-01,-9.967433810234069824e-01,3.477456867694854736e-01,2.824091315269470215e-01,-1.335583686828613281e+00,-3.785287737846374512e-01,-4.895192757248878479e-02,4.630045592784881592e-02,9.624150581657886505e-03,1.053119748830795288e-01,1.282705217599868774e-01,7.585293650627136230e-01,5.625835061073303223e-01,8.246740698814392090e-01,1.613598704338073730e+00,5.169745683670043945e-01,1.257643461227416992e+00
-2.264784574508666992e-01,-5.003280043601989746e-01,1.051888018846511841e-01,-2.337221354246139526e-01,-3.510194122791290283e-01,8.593750186264514923e-03,1.263974606990814209e-01,-6.351050138473510742e-01,-1.733762174844741821e-01,8.382377028465270996e-01,-3.582672476768493652e-01,1.294932365417480469e-01,1.236377835273742676e+00,-1.737372636795043945e+00,1.535528432577848434e-02,-1.280096322298049927e-01,-1.437466025352478027e+00,-2.739946842193603516e-01,-1.907088160514831543e-01,-9.805066585540771484e-01,-4.004658758640289307e-01,-4.854101687669754028e-02,-1.478933691978454590e-01,8.176718838512897491e-03,5.299070850014686584e-02,2.672995626926422119e-01,2.899505198001861572e-01,7.371028661727905273e-01,-6.169366240501403809e-01,-5.108005404472351074e-01,-2.398084551095962524e-01,-1.353400230407714844e+00
3.936982899904251099e-02,2.223372161388397217e-01,4.469425380229949951e-01,6.473168134689331055e-01,8.722583204507827759e-02,2.580495774745941162e-01,9.863881468772888184e-01,-5.639567375183105469e-01,-1.316149950027465820e+00,-6.673019379377365112e-02,-2.622670531272888184e-01,-1.118741035461425781e+00,-7.390688061714172363e-01,-1.418060898780822754e+00,-1.610598683357238770e+00,5.197769403457641602e-01,-1.843955874443054199e+00,-8.691456913948059082e-01,-5.418404936790466309e-01,-1.629121780395507812e+00,-8.825814127922058105e-01,-3.804672360420227051e-01,-5.876639485359191895e-01,-1.086589455604553223e+00,9.623263031244277954e-03,1.408846378326416016e-01,3.082509040832519531e-01,-5.437551140785217285e-01,2.449072338640689850e-02,7.063474059104919434e-01,1.662738323211669922e-01,3.990952372550964355e-01
3.427984118461608887e-01,4.270004630088806152e-01,8.107474446296691895e-01,1.157622933387756348e+00,3.375138938426971436e-01,2.107246816158294678e-01,3.965572416782379150e-01,-4.093159735202789307e-01,-2.290342301130294800e-01,3.294907277449965477e-03,3.716312721371650696e-02,-6.360796093940734863e-01,4.192268848419189453e-01,-1.527903199195861816e+00,-1.441304326057434082e+00,-2.331705838441848755e-01,-2.446770429611206055e+00,-1.077221632003784180e+00,-3.267849981784820557e-01,-1.658446669578552246e+00,-7.680488228797912598e-01,-4.600409269332885742e-01,3.887227550148963928e-02,-6.603081822395324707e-01,6.601349711418151855e-01,-9.897617250680923462e-02,5.879305005073547363e-01,6.238783597946166992e-01,1.122491508722305298e-01,8.480212092399597168e-02,-1.629347056150436401e-01,-8.387280106544494629e-01
1.028281927108764648e+00,1.070271372795104980e+00,1.201773643493652344e+00,8.827367424964904785e-01,1.131290793418884277e+00,9.841622114181518555e-01,1.121468067169189453e+00,1.175084710121154785e+00,-1.018026709556579590e+00,3.728237450122833252e-01,8.729111552238464355e-01,-1.316135078668594360e-01,1.271768689155578613e+00,1.075201034545898438e+00,-4.513230174779891968e-02,1.303230047225952148e+00,-2.168333530426025391e-01,1.075103878974914551e+00,1.858436912298202515e-01,-4.767104052007198334e-03,9.959762096405029297e-01,3.214033544063568115e-01,2.355012178421020508e+00,1.775643110275268555e+00,1.720639467239379883e+00,6.105575561523437500e-01,1.880870938301086426e+00,1.341116547584533691e+00,1.048330545425415039e+00,1.240833282470703125e+00,2.529251389205455780e-02,-7.583326101303100586e-01
2.047978639602661133e+00,2.191625595092773438e+00,2.227603673934936523e+00,2.039206504821777344e+00,1.829906582832336426e+00,1.000075459480285645e+00,1.503494739532470703e+00,1.042677834630012512e-01,-6.816403865814208984e-01,-1.369549781084060669e-01,-4.840742647647857666e-01,-1.085811495780944824e+00,-4.677667021751403809e-01,1.061422467231750488e+00,-1.104164004325866699e+00,1.143370747566223145e+00,-1.779483407735824585e-01,4.916508793830871582e-01,8.589162826538085938e-01,4.999681115150451660e-01,1.052707731723785400e-01,4.556459784507751465e-01,1.135701656341552734e+00,4.805473089218139648e-01,8.428305387496948242e-01,8.860096335411071777e-01,9.611385464668273926e-01,7.071299552917480469e-01,8.974829912185668945e-01,4.587131142616271973e-01,1.027861237525939941e+00,-1.938244998455047607e-01
1.785120487213134766e+00,1.355409383773803711e+00,2.015209674835205078e+00,1.164254069328308105e+00,2.405540943145751953e+00,2.391788959503173828e+00,1.710976123809814453e+00,8.687914609909057617e-01,-1.153480336070060730e-01,-1.558923870325088501e-01,-7.128700017929077148e-01,7.297901064157485962e-02,3.800791203975677490e-01,-6.498777866363525391e-01,6.497506499290466309e-01,2.261245548725128174e-01,-1.271613501012325287e-02,2.379931695759296417e-02,2.757537961006164551e-01,-5.420053005218505859e-01,1.751554608345031738e-01,3.817714452743530273e-01,7.525639533996582031e-01,6.732080578804016113e-01,8.008437752723693848e-01,1.171824693679809570e+00,1.195619940757751465e+00,1.528657436370849609e+00,1.342831492424011230e+00,8.508850336074829102e-01,2.186926126480102539e+00,1.181380629539489746e+00
8.004896640777587891e-01,5.367285609245300293e-01,4.862364828586578369e-01,2.147898823022842407e-01,9.883312582969665527e-01,-1.774461269378662109e-01,4.831662476062774658e-01,7.528553605079650879e-01,-2.017596244812011719e+00,-2.780036330223083496e-01,-1.278967380523681641e+00,-1.060420632362365723e+00,-9.868481159210205078e-01,-1.097888112068176270e+00,-4.023921489715576172e-01,6.109272944740951061e-04,-8.544622063636779785e-01,-2.464305013418197632e-01,6.360470503568649292e-02,-1.477043867111206055e+00,-2.898246049880981445e-01,-2.894952595233917236e-01,-1.560755372047424316e-01,4.480943679809570312e-01,-1.569010317325592041e-02,4.711634814739227295e-01,1.525947928428649902e+00,8.107740283012390137e-01,1.124557852745056152e+00,1.066714286804199219e+00,9.721844792366027832e-01,1.080594062805175781e+00
9.293590188026428223e-01,9.409025311470031738e-01,5.475556850433349609e-01,2.681269645690917969e-01,3.463515937328338623e-01,-9.177829027175903320e-01,-5.798568725585937500e-01,4.955832362174987793e-01,-1.404172897338867188e+00,-6.529241204261779785e-01,-6.107803583145141602e-01,-7.604423165321350098e-01,1.108133673667907715e+00,1.365975663065910339e-02,1.793381273746490479e-01,4.241057336330413818e-01,-3.481041789054870605e-01,2.761796414852142334e-01,4.353973865509033203e-01,-7.306309342384338379e-01,4.278417229652404785e-01,1.735202968120574951e-01,-4.401336014270782471e-01,1.281789660453796387e+00,4.934223592281341553e-01,8.255146145820617676e-01,1.216560959815979004e+00,3.660487830638885498e-01,1.067387342453002930e+00,1.144306421279907227e+00,7.493852972984313965e-01,2.701145112514495850e-01
8.979628086090087891e-01,9.421491026878356934e-01,3.505690395832061768e-01,2.385272830724716187e-01,7.474410533905029297e-01,-2.887203693389892578e-01,-3.888793885707855225e-01,1.492477178573608398e+00,-1.870087504386901855e+00,-1.535293608903884888e-01,-9.318027645349502563e-02,-1.118950366973876953e+00,1.220197796821594238e+00,-7.605811953544616699e-01,-1.474751114845275879e+00,4.989646971225738525e-01,-8.721019625663757324e-01,-1.215210676193237305e+00,-1.324747037142515182e-02,-1.170613050460815430e+00,6.751802563667297363e-02,1.263102591037750244e-01,-2.745075225830078125e-01,-9.408305585384368896e-02,2.450794130563735962e-01,4.454891085624694824e-01,-5.611093640327453613e-01,9.326403737068176270e-01,-3.009552657604217529e-01,-1.068163037300109863e+00,2.072104513645172119e-01,2.421106994152069092e-01
8.827630877494812012e-01,9.071336388587951660e-01,7.999674677848815918e-01,5.459282994270324707e-01,3.675123453140258789e-01,-6.928637027740478516e-01,-4.376731812953948975e-01,2.080375254154205322e-01,-1.889620900154113770e+00,-6.130191683769226074e-01,-7.429083585739135742e-01,-4.424025118350982666e-01,3.712847530841827393e-01,-1.438520908355712891e+00,-4.049674570560455322e-01,-4.049226045608520508e-01,-1.562805175781250000e+00,-1.329736471176147461e+00,1.977642998099327087e-02,-4.792745411396026611e-01,-9.177172183990478516e-01,-2.058214098215103149e-01,-9.063774943351745605e-01,-1.307030797004699707e+00,-3.554540574550628662e-01,-7.388990372419357300e-02,-8.960585594177246094e-01,-2.642034590244293213e-01,1.286783367395401001e-01,3.102335929870605469e-01,7.485182285308837891e-01,1.623134128749370575e-02
4.248453080654144287e-01,6.382014155387878418e-01,3.922929763793945312e-01,-4.075722098350524902e-01,1.971372365951538086e-01,-1.949299722909927368e-01,-6.618735194206237793e-01,1.297637701034545898e+00,-1.851984262466430664e+00,-1.102296262979507446e-01,-1.983214169740676880e-01,-4.336597025394439697e-01,1.691123723983764648e+00,-3.956281244754791260e-01,9.543454051017761230e-01,5.731719732284545898e-01,-1.132433786988258362e-01,1.203747987747192383e-01,6.164602190256118774e-02,5.738582611083984375e-01,3.152661621570587158e-01,2.102342396974563599e-01,5.960695147514343262e-01,9.208458662033081055e-01,2.721082270145416260e-01,-9.663384407758712769e-02,3.125343024730682373e-01,-8.020148426294326782e-02,-7.635493576526641846e-02,5.127209424972534180e-01,7.525768280029296875e-01,5.087451338768005371e-01
3.509759008884429932e-01,5.364515781402587891e-01,9.846747666597366333e-02,-5.359015464782714844e-01,-3.063017725944519043e-01,-9.540544748306274414e-01,-8.592731356620788574e-01,5.743799805641174316e-01,-2.179802656173706055e+00,-1.277026236057281494e-01,-8.610456585884094238e-01,-8.457764387130737305e-01,7.026106119155883789e-01,-7.058827877044677734e-01,-6.534526348114013672e-01,1.176198005676269531e+00,-1.040745854377746582e+00,2.581284642219543457e-01,4.813317954540252686e-01,1.465162336826324463e-01,6.650536656379699707e-01,1.187173556536436081e-02,-3.711296990513801575e-02,-1.070337593555450439e-01,-2.022140473127365112e-01,2.696925699710845947e-01,-3.231890499591827393e-01,6.551612615585327148e-01,1.078050971031188965e+00,1.059504270553588867e+00,5.558265447616577148e-01,1.711495667695999146e-01
4.429672062397003174e-01,4.415994882583618164e-01,4.201864898204803467e-01,-2.690559625625610352e-01,-6.032679677009582520e-01,-4.433782398700714111e-01,-8.016892671585083008e-01,1.448222994804382324e-01,-1.087142944335937500e+00,-4.603218436241149902e-01,-7.707262039184570312e-01,1.125049442052841187e-01,1.806517839431762695e+00,-2.310161828994750977e+00,-1.603130251169204712e-02,1.950894445180892944e-01,-5.868806242942810059e-01,4.117819666862487793e-02,4.982017874717712402e-01,-9.938690066337585449e-02,6.464845538139343262e-01,3.273436725139617920e-01,-3.187415003776550293e-01,4.020812809467315674e-01,2.622130215167999268e-01,3.484598100185394287e-01,1.748669147491455078e-02,4.511968791484832764e-01,-4.012907147407531738e-01,-2.474321722984313965e-01,3.141363561153411865e-01,-3.448004424571990967e-01
3.086839318275451660e-01,1.664897426962852478e-02,1.910667121410369873e-01,1.006517261266708374e-01,-8.736898303031921387e-01,-4.995932281017303467e-01,-1.499799370765686035e+00,-6.103098392486572266e-01,-1.446182131767272949e+00,-7.892800569534301758e-01,-1.224312543869018555e+00,-6.837201118469238281e-01,9.160662293434143066e-01,-1.062936902046203613e+00,-1.497478246688842773e+00,3.987318873405456543e-01,2.725439965724945068e-01,-1.139879748225212097e-01,8.357911109924316406e-01,2.284237444400787354e-01,8.729782700538635254e-01,2.491724640130996704e-01,-1.084067374467849731e-01,-3.393084406852722168e-01,3.585920929908752441e-01,5.957937836647033691e-01,5.666210055351257324e-01,9.379780292510986328e-01,-2.493972033262252808e-01,-1.097946524620056152e+00,-2.068968266248703003e-01,-1.268627405166625977e+00
1.403314620256423950e-01,3.028949797153472900e-01,-1.902394741773605347e-01,-2.097284644842147827e-01,-5.646184682846069336e-01,-3.615894615650177002e-01,-5.177524089813232422e-01,-3.144041895866394043e-01,-5.427814126014709473e-01,-5.710507035255432129e-01,-1.155380964279174805e+00,7.843149304389953613e-01,6.305052638053894043e-01,-1.700431823730468750e+00,1.841185450553894043e+00,3.165010809898376465e-01,-2.224935889244079590e-01,7.178788781166076660e-01,1.029722332954406738e+00,2.351049147546291351e-02,7.944689393043518066e-01,9.319982528686523438e-01,4.088291227817535400e-01,1.135979890823364258e+00,8.850473761558532715e-01,9.444969296455383301e-01,1.378715872764587402e+00,1.829774737358093262e+00,8.773546218872070312e-01,9.356197714805603027e-01,7.673907279968261719e-01,-3.815860450267791748e-01
2.614084184169769287e-01,2.923681735992431641e-01,2.431053072214126587e-01,-2.807804942131042480e-01,4.109541177749633789e-01,7.890840768814086914e-01,7.975633442401885986e-02,-3.117716908454895020e-01,-2.863676846027374268e-01,-6.026019454002380371e-01,-1.346877336502075195e+00,4.198648780584335327e-02,1.362700760364532471e-01,-1.383763074874877930e+00,3.743856549263000488e-01,3.170712590217590332e-01,-3.870667219161987305e-01,5.661749839782714844e-01,7.809268236160278320e-01,-5.989216566085815430e-01,9.519882202148437500e-01,9.051729440689086914e-01,4.560231864452362061e-01,8.544925451278686523e-01,1.209058403968811035e+00,8.687716722488403320e-01,1.435950636863708496e+00,1.564535021781921387e+00,8.750841617584228516e-01,7.226879000663757324e-01,6.458907723426818848e-01,9.238541871309280396e-02
5.986116528511047363e-01,9.421213865280151367e-01,6.847224831581115723e-01,4.738831818103790283e-01,4.207254052162170410e-01,-3.882004320621490479e-02,-3.150070309638977051e-01,-1.057298779487609863e+00,-2.538664638996124268e-01,-1.203240275382995605e+00,-1.574256181716918945e+00,-7.360461950302124023e-01,-4.757926166057586670e-01,-2.063662528991699219e+00,-1.005948185920715332e+00,-9.998843073844909668e-02,-2.183840990066528320e+00,-3.723517656326293945e-01,3.908109068870544434e-01,-8.512170612812042236e-02,-1.978662759065628052e-01,3.992351293563842773e-01,3.401324152946472168e-02,-7.076671123504638672e-01,8.171615004539489746e-01,9.731220602989196777e-01,-4.416963085532188416e-02,1.088507294654846191e+00,6.893628239631652832e-01,6.067883372306823730e-01,1.303588390350341797e+00,4.951510429382324219e-01
8.538359999656677246e-01,9.307912588119506836e-01,1.102634072303771973e+00,1.051012873649597168e+00,1.199285268783569336e+00,1.218890190124511719e+00,7.470833063125610352e-01,2.066857069730758667e-01,-5.082097053527832031e-01,-4.882453382015228271e-01,-1.273245811462402344e+00,7.179846763610839844e-01,6.958653777837753296e-02,-6.406723260879516602e-01,2.083168029785156250e+00,9.834300279617309570e-01,7.034193277359008789e-01,2.071313858032226562e+00,9.464464783668518066e-01,9.263350367546081543e-01,1.556828737258911133e+00,9.201175570487976074e-01,9.838986396789550781e-01,1.728411197662353516e+00,1.701978683471679688e+00,9.767622947692871094e-01,1.624312520027160645e+00,1.262616157531738281e+00,1.791266798973083496e+00,2.009712457656860352e+00,1.306337118148803711e+00,2.034355163574218750e+00
1.232017397880554199e+00,1.710051894187927246e+00,1.521217823028564453e+00,1.801736354827880859e+00,1.484986424446105957e+00,8.105684518814086914e-01,1.583825111389160156e+00,-1.059753447771072388e-01,-7.723196148872375488e-01,1.448427885770797729e-01,-1.043646335601806641e+00,6.009774208068847656e-01,6.090743541717529297e-01,1.491526722908020020e+00,8.218135237693786621e-01,2.082854747772216797e+00,1.665387153625488281e+00,2.362183094024658203e+00,1.616675853729248047e+00,2.521978616714477539e+00,1.561061382293701172e+00,1.199768900871276855e+00,1.442351341247558594e+00,1.020261526107788086e+00,1.656184554100036621e+00,1.325171351432800293e+00,1.110182285308837891e+00,2.213302850723266602e+00,1.912164211273193359e+00,1.191137909889221191e+00,1.660174012184143066e+00,1.303509831428527832e+00
1.904521107673645020e+00,2.105416536331176758e+00,1.507697582244873047e+00,2.106991052627563477e+00,1.600156903266906738e+00,2.028658390045166016e+00,1.590857267379760742e+00,2.231565415859222412e-01,1.413394808769226074e+00,2.407279163599014282e-01,-7.819241881370544434e-01,1.579676151275634766e+00,7.104230523109436035e-01,5.856472253799438477e-01,1.179781556129455566e+00,1.490133166313171387e+00,1.318368554115295410e+00,1.909525513648986816e+00,1.185406446456909180e+00,1.626052021980285645e+00,1.535278439521789551e+00,1.383365392684936523e+00,1.985194921493530273e+00,1.214344382286071777e+00,2.215693712234497070e+00,1.570315122604370117e+00,6.790639758110046387e-01,1.438073992729187012e+00,1.384848356246948242e+00,9.378433823585510254e-01,1.208709120750427246e+00,8.952250480651855469e-01
1.356718778610229492e+00,1.618828773498535156e+00,1.482828617095947266e+00,2.325304746627807617e+00,1.801277279853820801e+00,2.461161136627197266e+00,2.094653129577636719e+00,1.091414391994476318e-01,6.091868877410888672e-01,2.712807059288024902e-01,-5.234170556068420410e-01,2.127463817596435547e+00,6.346890330314636230e-01,7.512866258621215820e-01,1.110087275505065918e+00,1.461215853691101074e+00,1.195859432220458984e+00,3.033841609954833984e+00,1.616591572761535645e+00,1.154758810997009277e+00,2.249508619308471680e+00,1.357629895210266113e+00,1.440173149108886719e+00,1.553627490997314453e+00,1.783818364143371582e+00,9.513819813728332520e-01,8.694984912872314453e-01,1.214635968208312988e+00,1.097847700119018555e+00,1.473508477210998535e+00,1.297279119491577148e+00,9.439734816551208496e-01
4.449832737445831299e-01,2.556905746459960938e-01,9.768418073654174805e-01,1.127158284187316895e+00,3.376383483409881592e-01,4.464008808135986328e-01,-2.274652011692523956e-02,-1.838826984167098999e-01,1.196020722389221191e+00,3.680311441421508789e-01,-2.143554985523223877e-01,1.837563276290893555e+00,8.901954293251037598e-01,4.995610713958740234e-01,1.400324702262878418e+00,9.322343468666076660e-01,2.369930744171142578e-01,9.216185212135314941e-01,1.317523121833801270e+00,1.385818839073181152e+00,1.470969021320343018e-01,1.608070850372314453e+00,4.979393482208251953e-01,-5.027158856391906738e-01,9.181011915206909180e-01,6.258080601692199707e-01,-7.049946188926696777e-01,4.092191755771636963e-01,3.907290697097778320e-01,1.248279139399528503e-01,4.178522527217864990e-01,-4.384908974170684814e-01
9.352939128875732422e-01,7.025534510612487793e-01,7.807341217994689941e-01,5.844334959983825684e-01,3.928118944168090820e-01,8.092942088842391968e-02,-6.816780660301446915e-03,1.443242579698562622e-01,1.012087687849998474e-01,5.420621633529663086e-01,-1.372774243354797363e-01,1.226036906242370605e+00,1.356254458427429199e+00,1.558103114366531372e-01,1.208560705184936523e+00,1.274353623390197754e+00,5.341939330101013184e-01,2.229774236679077148e+00,8.468272089958190918e-01,1.315070748329162598e+00,1.195981621742248535e+00,1.197464227676391602e+00,1.173121809959411621e+00,1.563226222991943359e+00,7.566395401954650879e-01,5.286672115325927734e-01,1.734759569168090820e+00,8.787165284156799316e-01,1.164380788803100586e+00,6.502506732940673828e-01,1.142719864845275879e+00,1.212538242340087891e+00
1.964957714080810547e+00,1.979067206382751465e+00,2.444082260131835938e+00,2.229297876358032227e+00,1.535398721694946289e+00,1.166023731231689453e+00,1.163480997085571289e+00,1.868709176778793335e-01,1.993118077516555786e-01,-5.448911190032958984e-01,-7.242723107337951660e-01,4.027195274829864502e-01,-2.280133217573165894e-01,1.008951187133789062e+00,1.902188211679458618e-01,1.129400968551635742e+00,1.408079266548156738e-01,8.742551803588867188e-01,1.866924524307250977e+00,1.362922310829162598e+00,7.519373297691345215e-01,1.130771636962890625e+00,7.297208905220031738e-01,1.208097577095031738e+00,5.140914916992187500e-01,1.265588998794555664e+00,9.246606230735778809e-01,9.610491394996643066e-01,1.140145182609558105e+00,1.331026077270507812e+00,1.760458588600158691e+00,6.470513939857482910e-01
1.565347075462341309e+00,1.398042917251586914e+00,1.549602508544921875e+00,1.091343998908996582e+00,1.976475834846496582e+00,1.205347537994384766e+00,5.685912370681762695e-01,9.528531432151794434e-01,2.355181239545345306e-02,-9.993886351585388184e-01,-8.727340698242187500e-01,2.275777578353881836e+00,-3.794814348220825195e-01,5.036886930465698242e-01,2.343209981918334961e+00,1.653576493263244629e-01,1.178413510322570801e+00,1.484768152236938477e+00,1.256614208221435547e+00,9.583324193954467773e-01,1.141434669494628906e+00,1.430771946907043457e+00,7.984175682067871094e-01,1.696034431457519531e+00,8.649849295616149902e-01,9.781717658042907715e-01,1.619322896003723145e+00,9.587224721908569336e-01,1.591641902923583984e+00,1.626570105552673340e+00,1.768852591514587402e+00,1.699125051498413086e+00
5.672608017921447754e-01,6.244334578514099121e-01,7.520650625228881836e-01,7.457901835441589355e-01,4.166799485683441162e-01,-6.241433620452880859e-01,-2.694781124591827393e-01,-1.023467779159545898e-01,-8.238094449043273926e-01,-9.236057996749877930e-01,-1.217868924140930176e+00,7.928483486175537109e-01,6.190213840454816818e-03,-6.948658823966979980e-01,-4.935259222984313965e-01,2.826556935906410217e-02,7.107466459274291992e-01,1.122231960296630859e+00,1.890449881553649902e+00,5.963575243949890137e-01,1.430121421813964844e+00,1.179598569869995117e+00,2.297150492668151855e-01,1.606547594070434570e+00,4.020223021507263184e-01,1.394690990447998047e+00,1.442429423332214355e+00,1.759837865829467773e+00,5.126979947090148926e-01,7.546613812446594238e-01,2.309717610478401184e-02,6.398193240165710449e-01
1.529511094093322754e+00,1.629854202270507812e+00,1.557228565216064453e+00,1.261702299118041992e+00,1.001245498657226562e+00,1.439542055130004883e+00,-3.531451225280761719e-01,-3.608995676040649414e-01,-5.037554502487182617e-01,-1.588045477867126465e+00,-1.821688055992126465e+00,8.954325318336486816e-01,-4.613630175590515137e-01,-2.631166219711303711e+00,-5.602264404296875000e-01,-6.601272821426391602e-01,-6.428238749504089355e-01,-2.478423267602920532e-01,7.349081635475158691e-01,3.537046909332275391e-01,3.702682256698608398e-01,1.316646099090576172e+00,1.997510045766830444e-01,2.507357895374298096e-01,5.532957911491394043e-01,7.465141415596008301e-01,8.283225893974304199e-01,7.873900532722473145e-01,1.664348691701889038e-01,-5.820248723030090332e-01,4.502473473548889160e-01,-1.036141365766525269e-01
5.626623630523681641e-01,6.113026738166809082e-01,2.484823763370513916e-01,-4.071557521820068359e-02,4.228103458881378174e-01,3.780657351016998291e-01,-5.532355904579162598e-01,-6.081398129463195801e-01,-1.323601007461547852e+00,-1.728095650672912598e+00,-1.102728605270385742e+00,3.311016857624053955e-01,-9.303250908851623535e-01,-3.668535649776458740e-01,-1.744128465652465820e-01,6.193988323211669922e-01,-3.683414459228515625e-01,7.059791684150695801e-01,1.115062117576599121e+00,-2.230426967144012451e-01,5.342275500297546387e-01,1.013438940048217773e+00,4.183237850666046143e-01,5.819182991981506348e-01,7.900908589363098145e-01,1.057821154594421387e+00,5.412890911102294922e-01,1.028424620628356934e+00,5.009118318557739258e-01,6.234994530677795410e-01,6.399319767951965332e-01,3.284331560134887695e-01
3.539207279682159424e-01,5.912463665008544922e-01,6.147689819335937500e-01,4.973643124103546143e-01,-5.548471957445144653e-02,-8.118426799774169922e-01,-9.088921546936035156e-01,-5.840205550193786621e-01,-5.330010652542114258e-01,-1.556394338607788086e+00,-7.894576191902160645e-01,9.750341176986694336e-01,-4.488972127437591553e-01,7.480201870203018188e-02,1.157376408576965332e+00,2.669752240180969238e-01,-1.208420470356941223e-01,1.213664412498474121e+00,1.696244955062866211e+00,6.319302320480346680e-01,9.286402463912963867e-01,1.440651655197143555e+00,-5.759072899818420410e-01,5.429392457008361816e-01,3.515001535415649414e-01,9.455819129943847656e-01,3.594059944152832031e-01,3.727941513061523438e-01,8.780944943428039551e-01,8.161824941635131836e-01,1.536552459001541138e-01,-4.899309203028678894e-02
-1.166212201118469238e+00,-1.635782480239868164e+00,-7.446457147598266602e-01,-1.056042194366455078e+00,5.601373850367963314e-04,-3.501212298870086670e-01,-1.141595482826232910e+00,-1.068824887275695801e+00,-4.797540903091430664e-01,-1.899563908576965332e+00,-1.531194448471069336e+00,3.303949236869812012e-01,-6.812223196029663086e-01,-5.873398780822753906e-01,-2.707938253879547119e-01,-3.273755609989166260e-01,-4.589051306247711182e-01,-1.279381364583969116e-01,3.523953557014465332e-01,-5.395856499671936035e-01,-6.683760881423950195e-01,8.687180280685424805e-01,-7.363392114639282227e-01,-2.435240298509597778e-01,-2.866477370262145996e-01,2.967561483383178711e-01,1.072844564914703369e-01,-1.429236531257629395e-01,1.583223193883895874e-01,-2.701067030429840088e-01,2.112874984741210938e-01,-1.236735701560974121e+00
-4.242110252380371094e-01,-9.354174733161926270e-01,1.080841422080993652e-01,-2.715226113796234131e-01,-6.606509089469909668e-01,-1.213526487350463867e+00,-1.683744788169860840e+00,-1.581056833267211914e+00,-1.827833175659179688e+00,-2.483128547668457031e+00,-1.756720662117004395e+00,-2.139897495508193970e-01,-1.198766902089118958e-01,-9.878379702568054199e-01,-9.909791946411132812e-01,2.800490856170654297e-01,-9.984879493713378906e-01,3.764863908290863037e-01,7.490401864051818848e-01,-1.130742654204368591e-01,7.463165521621704102e-01,6.826649904251098633e-01,-9.422897100448608398e-01,4.551537632942199707e-01,-6.908248066902160645e-01,3.599585294723510742e-01,1.057445883750915527e+00,3.367797434329986572e-01,1.477096676826477051e-01,4.351962506771087646e-01,3.000234663486480713e-01,-3.042900562286376953e-01
-3.100430667400360107e-01,-2.462718486785888672e-01,6.239203214645385742e-01,1.383240371942520142e-01,1.639957726001739502e-02,-6.283217072486877441e-01,-1.217764019966125488e+00,-9.665136337280273438e-01,-1.206713676452636719e+00,-2.050464153289794922e+00,-9.883511662483215332e-01,8.733661174774169922e-01,-1.448509991168975830e-01,4.158208072185516357e-01,5.176050662994384766e-01,-7.978710532188415527e-02,-1.259982824325561523e+00,7.116937041282653809e-01,1.262195467948913574e+00,-8.168721795082092285e-01,2.792201340198516846e-01,9.002777338027954102e-01,-2.243533581495285034e-01,1.080291867256164551e+00,-6.066840142011642456e-04,1.257912993431091309e+00,1.284128069877624512e+00,7.511801123619079590e-01,1.623122692108154297e+00,1.148618936538696289e+00,3.488374650478363037e-01,1.309654414653778076e-01
1.134430989623069763e-01,-2.364375889301300049e-01,2.974963784217834473e-01,3.022434711456298828e-01,6.429443359375000000e-01,5.053421258926391602e-01,-3.059299290180206299e-01,-2.326192557811737061e-01,-7.115126252174377441e-01,-1.046948432922363281e+00,-5.085000395774841309e-01,9.259539246559143066e-01,5.905036926269531250e-01,-1.348158624023199081e-02,4.621071517467498779e-01,9.789091944694519043e-01,1.575947701930999756e-01,1.139207482337951660e+00,9.541759490966796875e-01,4.042648971080780029e-01,1.160595536231994629e+00,1.257609009742736816e+00,4.674447178840637207e-01,8.489821553230285645e-01,9.485190361738204956e-02,7.471124529838562012e-01,4.669054150581359863e-01,6.787993907928466797e-01,1.112899303436279297e+00,7.762578129768371582e-01,9.273183941841125488e-01,1.129940599203109741e-01
-7.281153202056884766e-01,-7.827234268188476562e-01,-4.209878742694854736e-01,-5.296868681907653809e-01,-3.202118724584579468e-02,-6.911153197288513184e-01,-9.060577750205993652e-01,-4.959034025669097900e-01,-1.281210422515869141e+00,-2.266696453094482422e+00,-1.207025170326232910e+00,8.361960053443908691e-01,-6.169294714927673340e-01,-1.909396424889564514e-02,-1.364914141595363617e-02,3.178451061248779297e-01,-1.006474256515502930e+00,5.404260158538818359e-01,1.394312143325805664e+00,-1.035942316055297852e+00,2.189613878726959229e-01,8.377658128738403320e-01,-3.487893342971801758e-01,7.546959817409515381e-02,-7.112010121345520020e-01,8.102945089340209961e-01,4.506008625030517578e-01,6.341235041618347168e-01,1.273492097854614258e+00,9.379107952117919922e-01,1.407101392745971680e+00,8.567809462547302246e-01
-1.066949486732482910e+00,-9.197934865951538086e-01,-7.805272936820983887e-01,-3.514801859855651855e-01,-5.501793622970581055e-01,-7.381438612937927246e-01,-1.373258352279663086e+00,-1.184618622064590454e-01,-8.788816928863525391e-01,-7.519710659980773926e-01,-3.126170933246612549e-01,1.483295798301696777e+00,7.167840600013732910e-01,-2.833211719989776611e-01,7.797393798828125000e-01,9.453081339597702026e-02,-1.047569155693054199e+00,3.260977268218994141e-01,5.180835127830505371e-01,6.861741188913583755e-03,-1.921771913766860962e-01,4.923331141471862793e-01,-8.299454301595687866e-02,3.529701847583055496e-03,-3.662488460540771484e-01,7.983699440956115723e-01,-3.732080459594726562e-01,2.294012606143951416e-01,1.034631013870239258e+00,5.605295300483703613e-01,4.930656552314758301e-01,-5.908262133598327637e-01
-1.124056220054626465e+00,-1.051129221916198730e+00,-1.221265554428100586e+00,-6.247966885566711426e-01,-7.244754433631896973e-01,-7.716002464294433594e-01,-1.829014062881469727e+00,-9.013062119483947754e-01,-1.720603585243225098e+00,-1.635272502899169922e+00,-1.165788769721984863e+00,4.177708029747009277e-01,-2.027401775121688843e-01,-1.148696422576904297e+00,-1.163074225187301636e-01,-3.476176261901855469e-01,-1.669457912445068359e+00,-5.122904181480407715e-01,1.581693254411220551e-02,2.867124378681182861e-01,-1.649833768606185913e-01,1.014046311378479004e+00,-1.239891648292541504e+00,-8.791496753692626953e-01,-5.962448716163635254e-01,5.267406105995178223e-01,-1.066887736320495605e+00,1.345945894718170166e-01,-2.312842607498168945e-01,-9.910426735877990723e-01,1.122943386435508728e-01,-3.066554367542266846e-01
-1.154138565063476562e+00,-1.191828250885009766e+00,-1.101806879043579102e+00,-9.872325658798217773e-01,-9.078893065452575684e-01,-1.238329768180847168e+00,-2.036602973937988281e+00,-1.088853120803833008e+00,-7.668709754943847656e-01,-1.988193631172180176e+00,-1.271651864051818848e+00,1.174757838249206543e+00,-1.704656779766082764e-01,-1.153774380683898926e+00,4.487477242946624756e-02,-2.859954237937927246e-01,-2.094052791595458984e+00,-2.223286479711532593e-01,6.425128579139709473e-01,-8.119967579841613770e-01,-4.523957893252372742e-02,4.746550321578979492e-01,-7.943963408470153809e-01,-8.107394576072692871e-01,-7.213054299354553223e-01,7.873173952102661133e-01,-1.294798135757446289e+00,1.508225798606872559e-01,-6.173703074455261230e-02,-3.180500566959381104e-01,6.722717285156250000e-01,-5.996896028518676758e-01
-1.511139988899230957e+00,-1.070354461669921875e+00,-1.426317811012268066e+00,-9.811781048774719238e-01,-1.992221921682357788e-01,3.233028203248977661e-02,-1.164664864540100098e+00,3.962958455085754395e-01,-1.251188278198242188e+00,-8.015277981758117676e-01,-8.764939904212951660e-01,1.365346193313598633e+00,8.799068331718444824e-01,4.493169188499450684e-01,8.390037417411804199e-01,2.759355008602142334e-01,-6.466619372367858887e-01,4.607588350772857666e-01,4.728441536426544189e-01,5.572456121444702148e-02,5.736870169639587402e-01,8.787317872047424316e-01,8.096994757652282715e-01,5.031475424766540527e-01,4.186119511723518372e-02,7.758997678756713867e-01,-4.566651582717895508e-01,5.658290907740592957e-02,6.930874586105346680e-01,-1.539712697267532349e-01,9.840651154518127441e-01,-2.046997696161270142e-01
-1.331687808036804199e+00,-9.195718765258789062e-01,-8.749102950096130371e-01,-6.650317311286926270e-01,1.099113970994949341e-01,-7.693480849266052246e-01,1.758011872880160809e-03,6.346425414085388184e-01,-1.255479097366333008e+00,-1.125460386276245117e+00,-9.322250485420227051e-01,4.428475201129913330e-01,2.365088462829589844e-02,3.667941689491271973e-01,5.068209767341613770e-01,9.835115075111389160e-01,-1.188028097152709961e+00,2.104626148939132690e-01,1.286689519882202148e+00,-1.833890527486801147e-01,5.080805420875549316e-01,2.444737851619720459e-01,-1.942217648029327393e-01,2.987041771411895752e-01,-2.951622307300567627e-01,6.082862019538879395e-01,-6.581689417362213135e-02,3.447373211383819580e-01,1.295635819435119629e+00,1.069342255592346191e+00,9.161203503608703613e-01,-3.424078822135925293e-01
-1.073949098587036133e+00,-2.092341184616088867e-01,-3.019169569015502930e-01,8.793411403894424438e-02,9.372342824935913086e-01,3.086934387683868408e-01,9.707095623016357422e-01,1.573088169097900391e+00,-6.361304968595504761e-02,2.355359494686126709e-01,-1.196085941046476364e-02,1.744323968887329102e+00,1.792771220207214355e+00,7.622144222259521484e-01,4.297870099544525146e-01,1.505732178688049316e+00,-1.539892852306365967e-01,8.337156772613525391e-01,1.099476933479309082e+00,7.220357060432434082e-01,1.539761424064636230e+00,9.187597632408142090e-01,8.233550190925598145e-01,6.184596419334411621e-01,6.436080336570739746e-01,8.700797557830810547e-01,-1.374831646680831909e-01,6.697273254394531250e-01,8.347765207290649414e-01,9.280391335487365723e-01,9.120985865592956543e-01,-3.107064664363861084e-01
-1.044750213623046875e+00,-3.960295021533966064e-01,-8.365211486816406250e-01,2.927933633327484131e-01,3.844098150730133057e-01,-5.724623203277587891e-01,1.142348945140838623e-01,8.299445509910583496e-01,-1.359752774238586426e+00,-2.543069422245025635e-01,-9.625495076179504395e-01,1.990170031785964966e-01,9.362591505050659180e-01,-7.086741328239440918e-01,-1.822997331619262695e-01,5.799736380577087402e-01,-1.050748109817504883e+00,-1.517038494348526001e-01,7.529365420341491699e-01,8.829977512359619141e-01,6.702876687049865723e-01,1.083302617073059082e+00,-1.030450407415628433e-02,-2.396896034479141235e-01,3.758302927017211914e-01,5.206262469291687012e-01,-1.168752670288085938e+00,2.540560960769653320e-01,4.360879361629486084e-01,1.024902835488319397e-01,-2.206591963768005371e-01,-4.356361329555511475e-01
-6.394765526056289673e-02,8.533083796501159668e-01,6.367425322532653809e-01,1.120847582817077637e+00,7.812671661376953125e-01,1.804687529802322388e-01,3.335558474063873291e-01,1.481591463088989258e+00,9.408465772867202759e-02,4.772956073284149170e-01,-5.334706902503967285e-01,1.670507311820983887e+00,1.072016954421997070e+00,-1.114754974842071533e-01,1.459234833717346191e+00,1.178763866424560547e+00,-1.430293798446655273e+00,3.205848634243011475e-01,1.161796808242797852e+00,1.531251706182956696e-02,3.076427876949310303e-01,8.290205597877502441e-01,-5.732264518737792969e-01,-2.644990980625152588e-01,-9.047959744930267334e-02,6.018980145454406738e-01,-9.938858151435852051e-01,8.796354383230209351e-02,1.227138280868530273e+00,1.238879084587097168e+00,1.062285542488098145e+00,6.470786035060882568e-02
-1.234327927231788635e-01,4.642044305801391602e-01,-6.902287900447845459e-02,3.138398826122283936e-01,8.489192724227905273e-01,1.075759768486022949e+00,-6.009530276060104370e-02,2.763078451156616211e+00,7.109268903732299805e-01,1.178378701210021973e+00,-4.280843436717987061e-01,1.896145462989807129e+00,1.816166043281555176e+00,1.428929418325424194e-01,1.103327035903930664e+00,1.453721880912780762e+00,-1.259207427501678467e-01,9.946299791336059570e-01,9.309665560722351074e-01,1.189862012863159180e+00,1.646829962730407715e+00,1.153255581855773926e+00,1.284516572952270508e+00,1.323206424713134766e+00,6.581684350967407227e-01,1.014716148376464844e+00,1.447910368442535400e-01,1.095721960067749023e+00,7.274765372276306152e-01,1.548472642898559570e-01,6.362976431846618652e-01,-1.871090233325958252e-01
6.559901237487792969e-01,3.845885396003723145e-01,4.959307014942169189e-01,-1.601714175194501877e-04,8.579126000404357910e-01,3.793399930000305176e-01,1.345417201519012451e-01,1.450855493545532227e+00,-3.169482648372650146e-01,-2.323075942695140839e-02,-1.056438207626342773e+00,8.236052989959716797e-01,4.360044896602630615e-01,2.672561095096170902e-04,2.886922359466552734e-01,1.687421917915344238e+00,-1.227804794907569885e-01,4.993822872638702393e-01,1.151013493537902832e+00,2.031291961669921875e+00,7.626100778579711914e-01,8.092522025108337402e-01,-1.020955815911293030e-01,6.999982595443725586e-01,4.499921575188636780e-02,9.361010193824768066e-01,2.984866201877593994e-01,3.286657482385635376e-02,1.090883135795593262e+00,1.081336498260498047e+00,6.695967316627502441e-01,5.144003033638000488e-01
7.001169919967651367e-01,1.117752790451049805e+00,1.076498389244079590e+00,7.099117636680603027e-01,9.813917875289916992e-01,1.811503320932388306e-01,-7.196367979049682617e-01,1.218200564384460449e+00,-2.364852577447891235e-01,-3.407067358493804932e-01,-6.293210387229919434e-01,1.513424515724182129e+00,8.997155427932739258e-01,2.220304459333419800e-01,1.350524663925170898e+00,8.818939328193664551e-01,1.810110807418823242e-01,6.218748167157173157e-02,8.857060670852661133e-01,1.603661060333251953e+00,8.312659263610839844e-01,1.252142071723937988e+00,6.210349202156066895e-01,5.053313970565795898e-01,7.733965516090393066e-01,8.563603758811950684e-01,-1.268284022808074951e-01,-7.942527532577514648e-01,1.006925940513610840e+00,7.711703181266784668e-01,9.202896356582641602e-01,-6.041212752461433411e-02
1.347838997840881348e+00,1.093264222145080566e+00,1.475667834281921387e+00,1.457367777824401855e+00,1.391381263732910156e+00,1.436400890350341797e+00,5.681607127189636230e-01,1.247940540313720703e+00,-8.789498209953308105e-01,-6.769536435604095459e-02,-7.328683137893676758e-01,1.060970306396484375e+00,1.887332081794738770e+00,1.396086573600769043e+00,9.658699035644531250e-01,2.204062700271606445e+00,1.119136095046997070e+00,1.880112528800964355e+00,1.296251296997070312e+00,2.057763814926147461e+00,2.357168674468994141e+00,1.372654914855957031e+00,1.348354220390319824e+00,1.690168499946594238e+00,1.327027082443237305e+00,1.231721520423889160e+00,9.184274077415466309e-01,1.230199217796325684e+00,1.308620929718017578e+00,9.405387639999389648e-01,1.167588114738464355e+00,1.243016242980957031e+00
1.472948074340820312e+00,2.076883316040039062e+00,1.898672103881835938e+00,1.995671868324279785e+00,2.024461030960083008e+00,1.678063154220581055e+00,2.630129337310791016e+00,1.906275510787963867e+00,7.868130803108215332e-01,9.323589205741882324e-01,-4.788975715637207031e-01,1.282210826873779297e+00,1.645785689353942871e+00,2.120321035385131836e+00,9.320045709609985352e-01,2.108961820602416992e+00,5.934325456619262695e-01,2.092491149902343750e+00,1.765220165252685547e+00,2.152853250503540039e+00,2.280980587005615234e+00,1.048035740852355957e+00,1.469885945320129395e+00,1.963606119155883789e+00,1.703652381896972656e+00,1.420233607292175293e+00,1.260945439338684082e+00,1.113044857978820801e+00,1.406048178672790527e+00,1.374016761779785156e+00,9.505447149276733398e-01,2.805819734930992126e-02
1.026900172233581543e+00,1.420592427253723145e+00,1.124426722526550293e+00,1.390191793441772461e+00,1.905649542808532715e+00,1.734040975570678711e+00,2.134118795394897461e+00,3.001852035522460938e+00,7.631523013114929199e-01,2.003836154937744141e+00,8.902530372142791748e-02,1.684563875198364258e+00,2.745509147644042969e+00,2.538131237030029297e+00,9.542166590690612793e-01,2.176693201065063477e+00,1.043382048606872559e+00,1.205832123756408691e+00,9.707721471786499023e-01,2.128620386123657227e+00,1.790012836456298828e+00,1.489049792289733887e+00,1.955007433891296387e+00,1.323003292083740234e+00,2.144104957580566406e+00,1.610834479331970215e+00,6.873543858528137207e-01,1.217392802238464355e+00,3.203437626361846924e-01,1.721311211585998535e-01,5.577635765075683594e-01,-7.770924568176269531e-01
1.314086914062500000e+00,1.438709616661071777e+00,1.638996124267578125e+00,1.613566875457763672e+00,1.776413440704345703e+00,1.184278011322021484e+00,1.274845600128173828e+00,1.746974587440490723e+00,-4.537095129489898682e-01,2.436234503984451294e-01,-3.733341395854949951e-01,6.325719952583312988e-01,1.263614773750305176e+00,2.238121509552001953e+00,2.142013907432556152e-01,1.975331544876098633e+00,1.576219201087951660e+00,1.059036016464233398e+00,1.784027814865112305e+00,1.817386269569396973e+00,1.601544857025146484e+00,1.758231759071350098e+00,1.579409718513488770e+00,1.338087081909179688e+00,1.888126134872436523e+00,1.187612652778625488e+00,6.557278633117675781e-01,1.121588945388793945e+00,1.282216906547546387e+00,1.151752233505249023e+00,1.419332504272460938e+00,1.470282196998596191e+00
1.471430301666259766e+00,1.319258093833923340e+00,1.625579357147216797e+00,1.155893087387084961e+00,1.288969397544860840e+00,1.352863788604736328e+00,4.723311364650726318e-01,6.335753202438354492e-02,1.194440603256225586e+00,-1.080596446990966797e+00,-1.252607226371765137e+00,1.547401070594787598e+00,-1.031716465950012207e+00,4.495841860771179199e-01,9.969668090343475342e-02,3.575553894042968750e-01,1.745754629373550415e-01,-9.039034694433212280e-02,1.349662423133850098e+00,1.586723446846008301e+00,7.235146760940551758e-01,1.582442522048950195e+00,4.568609595298767090e-01,2.363884449005126953e-01,3.802862763404846191e-01,1.907063245773315430e+00,1.780449151992797852e-01,1.346493363380432129e+00,7.382167577743530273e-01,8.574885725975036621e-01,1.598280310630798340e+00,1.639175117015838623e-01
2.886365652084350586e-01,1.188974976539611816e-01,5.861257910728454590e-01,3.370006680488586426e-01,-2.505058795213699341e-02,1.430148243904113770e+00,-9.338630437850952148e-01,-2.923837900161743164e-01,-1.808817386627197266e-01,-1.399037599563598633e+00,-8.444802761077880859e-01,9.773114323616027832e-01,4.124816954135894775e-01,1.888312995433807373e-01,-4.168460667133331299e-01,7.929021716117858887e-01,1.763588339090347290e-01,7.216101288795471191e-01,8.285039663314819336e-01,9.537459015846252441e-01,1.110076427459716797e+00,1.348000288009643555e+00,6.864363551139831543e-01,-3.437269330024719238e-01,1.454598069190979004e+00,7.928537726402282715e-01,2.597057521343231201e-01,6.623172163963317871e-01,3.849125206470489502e-01,-7.517976164817810059e-01,1.333824992179870605e+00,-5.595054626464843750e-01
1.093271613121032715e+00,1.132407307624816895e+00,1.052560210227966309e+00,1.125364422798156738e+00,1.007313728332519531e-01,-3.266514241695404053e-01,-6.780902743339538574e-01,-1.167222857475280762e+00,-2.322720766067504883e+00,-2.648107051849365234e+00,-2.291458368301391602e+00,-3.727217018604278564e-01,-1.777957439422607422e+00,-6.220237612724304199e-01,-8.288634419441223145e-01,6.297845840454101562e-01,-3.660540878772735596e-01,-1.571494489908218384e-01,1.461960554122924805e+00,7.466657757759094238e-01,1.231026291847229004e+00,1.311911702156066895e+00,1.098030135035514832e-01,7.505059838294982910e-01,7.499241828918457031e-01,1.301656842231750488e+00,8.682855963706970215e-01,1.038024544715881348e+00,1.445105791091918945e+00,1.243899226188659668e+00,1.642445325851440430e+00,1.658478736877441406e+00
8.345588445663452148e-01,6.098344922065734863e-01,9.597541093826293945e-01,2.508925199508666992e-01,9.101298451423645020e-01,8.894235491752624512e-01,-3.629756271839141846e-01,1.381059050559997559e+00,-7.926703691482543945e-01,-1.035233259201049805e+00,-4.067782163619995117e-01,2.060610055923461914e+00,1.858003258705139160e+00,-2.654447257518768311e-01,9.721794128417968750e-01,8.329790234565734863e-01,-8.006512522697448730e-01,2.242110818624496460e-01,7.447648048400878906e-01,5.926377177238464355e-01,1.274490952491760254e+00,1.205119609832763672e+00,2.212620019912719727e+00,1.188849210739135742e+00,1.172531843185424805e+00,1.412131667137145996e+00,1.549498915672302246e+00,1.247404813766479492e+00,1.230301737785339355e+00,5.848550200462341309e-01,1.393117547035217285e+00,7.372889518737792969e-01
1.002639412879943848e+00,5.561754703521728516e-01,2.791936695575714111e-01,1.191995739936828613e-01,6.293765902519226074e-01,-2.559752166271209717e-01,-5.141287446022033691e-01,8.213711380958557129e-01,-1.059068799018859863e+00,-1.069080948829650879e+00,-1.025923013687133789e+00,6.602140069007873535e-01,7.359950244426727295e-02,9.182029366493225098e-01,-5.129051208496093750e-01,1.286246299743652344e+00,-6.793827414512634277e-01,-5.993528664112091064e-02,1.325357794761657715e+00,9.047747254371643066e-01,8.136752843856811523e-01,1.424670815467834473e+00,1.381557583808898926e+00,3.384196758270263672e-01,8.645456433296203613e-01,1.169705510139465332e+00,1.033188581466674805e+00,1.178954005241394043e+00,1.647613406181335449e+00,4.603976905345916748e-01,1.383930325508117676e+00,8.162705898284912109e-01
9.887535572052001953e-01,4.316544234752655029e-01,2.735839486122131348e-01,2.280520796775817871e-01,8.533070087432861328e-01,4.106627404689788818e-01,-3.716580569744110107e-01,9.275599718093872070e-01,-5.335050821304321289e-01,-2.622945904731750488e-01,-6.883080005645751953e-01,5.012987852096557617e-01,6.561626195907592773e-01,-1.147568106651306152e+00,-9.799375534057617188e-01,-6.197654008865356445e-01,-1.463596105575561523e+00,-1.067238092422485352e+00,2.209315896034240723e-01,1.997127756476402283e-02,1.042467430233955383e-01,9.796192049980163574e-01,9.923880100250244141e-01,-5.600290894508361816e-01,6.012865900993347168e-01,8.921341896057128906e-01,3.243558704853057861e-01,8.773869872093200684e-01,9.934049844741821289e-02,-2.258357703685760498e-01,3.815092444419860840e-01,-1.389587670564651489e-01
1.109513342380523682e-01,-3.471075743436813354e-02,1.134612113237380981e-01,3.065681084990501404e-02,-3.948034942150115967e-01,9.716864675283432007e-02,-1.466684222221374512e+00,-8.356364071369171143e-02,-1.496881842613220215e+00,-1.254560947418212891e+00,-7.040287256240844727e-01,-9.690397977828979492e-02,-4.581184983253479004e-01,-2.940411269664764404e-01,-1.324674963951110840e+00,1.019189596176147461e+00,-4.051329493522644043e-01,-5.407285690307617188e-01,7.158899307250976562e-01,8.013791441917419434e-01,6.060465574264526367e-01,1.287239193916320801e+00,4.893941581249237061e-01,-3.624927401542663574e-01,1.057136416435241699e+00,1.238616704940795898e+00,-6.650776416063308716e-02,6.722885966300964355e-01,7.102564573287963867e-01,3.961138427257537842e-01,6.299883723258972168e-01,7.131458073854446411e-02
1.576152324676513672e+00,1.557551741600036621e+00,1.402534604072570801e+00,7.593086361885070801e-01,4.546448290348052979e-01,1.721417158842086792e-01,-6.919391155242919922e-01,1.108667850494384766e+00,-8.733104467391967773e-01,-1.088916897773742676e+00,-2.653867006301879883e-01,1.718304872512817383e+00,9.012523889541625977e-01,5.583871006965637207e-01,1.701957821846008301e+00,1.030227065086364746e+00,-7.242381572723388672e-01,8.175469040870666504e-01,1.222305536270141602e+00,1.706370472908020020e+00,1.504511833190917969e+00,1.524459481239318848e+00,2.191229104995727539e+00,1.124832153320312500e+00,1.701769590377807617e+00,1.647297739982604980e+00,7.835695743560791016e-01,1.430507421493530273e+00,1.799583435058593750e+00,1.369704127311706543e+00,1.993256688117980957e+00,1.536838769912719727e+00
1.670635342597961426e+00,1.859892606735229492e+00,1.796146035194396973e+00,1.902163743972778320e+00,1.636565804481506348e+00,1.299315810203552246e+00,8.707540631294250488e-01,2.416159629821777344e+00,-5.369921922683715820e-01,8.467911481857299805e-01,2.582891844213008881e-02,1.868582010269165039e+00,2.878107786178588867e+00,1.139906764030456543e+00,1.112694740295410156e+00,1.945803403854370117e+00,1.351632118225097656e+00,1.684238672256469727e+00,1.235321402549743652e+00,3.402737379074096680e+00,2.389095783233642578e+00,1.846193313598632812e+00,3.324752569198608398e+00,2.069421052932739258e+00,2.588825225830078125e+00,1.532949328422546387e+00,1.459424853324890137e+00,1.615584731101989746e+00,9.002381563186645508e-01,4.334779977798461914e-01,5.050754547119140625e-01,-3.020878136157989502e-01
