-3.291043937206268311e-01,1.294081926345825195e+00,9.995491504669189453e-01,-1.015641331672668457e+00,-3.460359573364257812e-01
-2.268565893173217773e+00,-5.043792128562927246e-01,-1.069296121597290039e+00,-1.824368715286254883e+00,-2.666887283325195312e+00
-1.478781580924987793e+00,-8.795804977416992188e-01,-4.934562146663665771e-01,-1.637926697731018066e+00,-1.313130617141723633e+00
-2.291043996810913086e+00,-2.618771791458129883e-01,-8.569205403327941895e-01,-1.796481966972351074e+00,-2.703351736068725586e+00
-7.368268966674804688e-01,-8.853009343147277832e-01,-1.262391567230224609e+00,-2.203870058059692383e+00,-1.470326900482177734e+00
-1.977831125259399414e+00,1.412279605865478516e-01,-5.756261944770812988e-01,-1.203433990478515625e+00,-2.174412250518798828e+00
-1.355030417442321777e+00,-1.260160446166992188e+00,-2.115741014480590820e+00,-2.696326255798339844e+00,-2.249869585037231445e+00
-2.319799184799194336e+00,-9.630246162414550781e-01,4.984699487686157227e-01,-1.160743355751037598e+00,-1.919836044311523438e+00
-2.136504173278808594e+00,-1.152690529823303223e+00,-1.356886625289916992e+00,-1.868123054504394531e+00,-2.155803203582763672e+00
-1.236406922340393066e+00,6.340028047561645508e-01,-3.410316705703735352e-01,-2.149363517761230469e+00,-1.852890133857727051e+00
-3.153677463531494141e+00,-1.544072508811950684e+00,-3.498390913009643555e-01,-1.585099220275878906e+00,-2.444331407546997070e+00
-2.086641073226928711e+00,-1.081920504570007324e+00,-1.075939536094665527e+00,-1.983972191810607910e+00,-2.069698572158813477e+00
-9.365881681442260742e-01,4.956276714801788330e-01,9.348426461219787598e-01,-7.224546074867248535e-01,-4.726723730564117432e-01
-1.850455164909362793e+00,-1.629344224929809570e+00,-2.695632934570312500e+00,-3.264016628265380859e+00,-2.372156143188476562e+00
-9.855891466140747070e-01,5.132049918174743652e-01,1.314292192459106445e+00,-2.668277919292449951e-01,1.187530681490898132e-01
-9.461585283279418945e-01,-9.274984598159790039e-01,-1.543837308883666992e+00,-1.799005746841430664e+00,-1.873933434486389160e+00
-2.788656949996948242e-01,1.326264977455139160e+00,-3.183941841125488281e-01,-2.351255893707275391e+00,-8.721330761909484863e-01
4.558836221694946289e-01,1.603906750679016113e+00,8.661198019981384277e-01,-2.886449694633483887e-01,-1.723348498344421387e-01
-5.134382247924804688e-01,-1.142646312713623047e+00,-1.223385930061340332e+00,-2.530496835708618164e+00,-8.363595604896545410e-01
-2.098620682954788208e-01,7.746067047119140625e-01,1.340188980102539062e+00,-4.610185325145721436e-01,1.931582577526569366e-02
-4.437493979930877686e-01,-3.955720067024230957e-01,-2.901195883750915527e-01,-3.371392190456390381e-01,-1.570690631866455078e+00
-3.116877079010009766e-01,-1.069231629371643066e+00,-5.467994809150695801e-01,-1.605873584747314453e+00,-8.158973455429077148e-01
-4.639509916305541992e-01,4.495669901371002197e-01,9.645687937736511230e-01,-4.344666302204132080e-01,-6.703533530235290527e-01
-5.344354510307312012e-01,-7.551275491714477539e-01,-1.274600863456726074e+00,-9.660781621932983398e-01,-1.013437032699584961e+00
-8.796303868293762207e-01,5.254779458045959473e-01,1.199109911918640137e+00,1.036733761429786682e-01,3.001176714897155762e-01
2.034081667661666870e-01,-6.101850271224975586e-01,-1.509765267372131348e+00,-1.397311806678771973e+00,-4.545814692974090576e-01
1.243921741843223572e-01,-7.263916134834289551e-01,1.156426429748535156e+00,-7.504143714904785156e-01,7.081997990608215332e-01
8.841171264648437500e-01,-4.690907597541809082e-01,9.379595518112182617e-01,-5.080631375312805176e-01,-2.409295886754989624e-01
-6.125452518463134766e-01,-1.023884057998657227e+00,-1.534557938575744629e+00,-1.352425932884216309e+00,-1.320385813713073730e+00
-3.063389360904693604e-01,-8.778272271156311035e-01,-8.691654540598392487e-03,-1.015891671180725098e+00,-2.913548946380615234e-01
7.768985629081726074e-02,1.538426429033279419e-01,1.548405766487121582e+00,-8.794663846492767334e-02,5.728791281580924988e-02
-8.085270524024963379e-01,-8.331335186958312988e-01,-9.987565875053405762e-01,-4.382992386817932129e-01,-1.082691311836242676e+00
1.381398551166057587e-02,2.560824751853942871e-01,3.624580204486846924e-01,-1.153500556945800781e+00,-2.690081894397735596e-01
-1.336177110671997070e+00,-1.389130353927612305e+00,-4.108320772647857666e-01,-5.581321120262145996e-01,-3.558509051799774170e-01
-3.598487973213195801e-01,-6.504063606262207031e-01,1.957759559154510498e-01,-6.374697685241699219e-01,-5.679481029510498047e-01
-1.458999991416931152e+00,-1.460331201553344727e+00,-4.711482226848602295e-01,-2.746077179908752441e-01,-1.454403162002563477e+00
-1.143842220306396484e+00,-1.035414099693298340e+00,-1.470323324203491211e+00,-6.863498687744140625e-01,-1.239793300628662109e+00
-2.188356161117553711e+00,-2.406358003616333008e+00,-4.786198437213897705e-01,-4.078208804130554199e-01,-6.436880826950073242e-01
4.631774127483367920e-01,1.996952854096889496e-02,5.138584375381469727e-01,3.292810618877410889e-01,5.106287598609924316e-01
9.791352748870849609e-01,-1.070717453956604004e+00,-1.383015036582946777e+00,-1.820510029792785645e+00,-4.459914285689592361e-03
1.225134730339050293e-01,-7.965524494647979736e-02,9.678994417190551758e-01,-8.539678156375885010e-02,-3.942627012729644775e-01
-7.073202729225158691e-01,-7.965226769447326660e-01,6.298154592514038086e-01,-2.743522226810455322e-01,-1.348024755716323853e-01
-1.776566863059997559e+00,-1.078072309494018555e+00,-1.094355821609497070e+00,3.669344782829284668e-01,-9.425808787345886230e-01
5.390769615769386292e-02,-7.683068513870239258e-01,5.197538137435913086e-01,-9.132767915725708008e-01,-2.190854251384735107e-01
-3.391609787940979004e-01,-8.756133317947387695e-01,8.392344713211059570e-01,2.039677947759628296e-01,-4.615383148193359375e-01
7.704888284206390381e-02,-5.369485616683959961e-01,-6.253538727760314941e-01,-6.994224190711975098e-01,-1.267746329307556152e+00
-1.659137010574340820e+00,-1.331093907356262207e+00,-2.161933183670043945e+00,-1.562432050704956055e+00,-1.109403610229492188e+00
-1.392626523971557617e+00,-1.772295683622360229e-01,6.364855766296386719e-01,-2.851460874080657959e-01,-6.219067573547363281e-01
-1.855140805244445801e+00,-1.701347351074218750e+00,-9.853094816207885742e-01,-1.199163347482681274e-01,-8.877899050712585449e-01
1.063897848129272461e+00,1.800823584198951721e-02,-7.662637233734130859e-01,-7.632731795310974121e-01,3.042635023593902588e-01
6.256077885627746582e-01,-8.117226958274841309e-01,3.459741547703742981e-02,-1.271315455436706543e+00,6.298843622207641602e-01
-1.912518590688705444e-01,-2.958135008811950684e-01,4.150532186031341553e-01,-4.491713345050811768e-01,2.655062377452850342e-01
-1.403589248657226562e+00,-1.082604050636291504e+00,1.155446767807006836e+00,5.088765919208526611e-02,-5.471875071525573730e-01
-6.825214028358459473e-01,-3.646222054958343506e-01,1.187889128923416138e-01,7.309593558311462402e-01,-8.833770751953125000e-01
-5.450003743171691895e-01,-1.060479998588562012e+00,-1.481330394744873047e+00,-9.571040868759155273e-01,-6.115893125534057617e-01
1.116833090782165527e-01,-4.290179908275604248e-01,1.441781669855117798e-01,-1.010567665100097656e+00,1.244944214820861816e+00
-9.257359504699707031e-01,-3.623488843441009521e-01,4.074569344520568848e-01,5.058000683784484863e-01,-9.647548198699951172e-01
-2.869330346584320068e-01,-1.365371942520141602e+00,-1.556963801383972168e+00,-9.130525588989257812e-01,-7.519509792327880859e-01
2.935195527970790863e-02,-3.345490396022796631e-01,-2.844913899898529053e-01,-6.036019921302795410e-01,3.446854054927825928e-01
-1.395720839500427246e+00,-1.095679283142089844e+00,1.121909141540527344e+00,3.446792960166931152e-01,2.366581186652183533e-02
-3.715630471706390381e-01,-7.538794279098510742e-01,-1.021972894668579102e+00,-3.831253051757812500e-01,-3.313527628779411316e-02
-2.497568577527999878e-01,-9.822809100151062012e-01,-5.264150500297546387e-01,-8.481537103652954102e-01,-6.056060791015625000e-01
-7.809432744979858398e-01,-6.762003153562545776e-02,1.648920893669128418e+00,2.511010468006134033e-01,6.976624727249145508e-01
-6.806205511093139648e-01,-9.931868910789489746e-01,-1.311424612998962402e+00,-5.860397815704345703e-01,-1.314967989921569824e+00
-6.783882379531860352e-01,-1.617264389991760254e+00,-3.600446581840515137e-01,-9.401050806045532227e-01,-3.264531493186950684e-01
-4.453628882765769958e-02,9.702457487583160400e-02,6.581969261169433594e-01,6.720362603664398193e-02,2.026120126247406006e-01
1.391565650701522827e-01,-4.020204842090606689e-01,-7.016284465789794922e-01,-1.029569149017333984e+00,-2.492840737104415894e-01
-8.537042737007141113e-01,-4.162993133068084717e-01,1.315725922584533691e+00,5.183616280555725098e-01,4.396470189094543457e-01
-4.810140132904052734e-01,-1.891057968139648438e+00,-2.009116888046264648e+00,-1.014405488967895508e+00,-6.198024153709411621e-01
2.214879095554351807e-01,-2.368409931659698486e-01,1.235354781150817871e+00,2.576295435428619385e-01,1.346925497055053711e+00
-4.404119551181793213e-01,-1.115975737571716309e+00,8.516485691070556641e-01,4.693772494792938232e-01,2.470855265855789185e-01
-6.909202784299850464e-02,-8.981236219406127930e-01,-1.130850195884704590e+00,1.550511866807937622e-01,-3.405395746231079102e-01
9.889045357704162598e-01,8.121535927057266235e-02,3.348869383335113525e-01,-2.949283830821514130e-02,1.583489418029785156e+00
-2.990893423557281494e-01,-1.929644942283630371e-01,1.304273605346679688e+00,8.588068485260009766e-01,-1.109639182686805725e-01
6.732825636863708496e-01,-6.486085057258605957e-01,-1.108355164527893066e+00,-2.579215466976165771e-01,-5.891169905662536621e-01
8.644460439682006836e-01,2.760222852230072021e-01,-3.475147783756256104e-01,-2.107882797718048096e-01,1.041546940803527832e+00
-5.712138414382934570e-01,-1.360275596380233765e-01,1.294869542121887207e+00,1.156483173370361328e+00,-1.457324065268039703e-02
-3.385421037673950195e-01,-1.302982091903686523e+00,-5.790547728538513184e-01,-2.533328235149383545e-01,-1.043682768940925598e-01
-2.322959750890731812e-01,-1.335833668708801270e+00,-1.737386941909790039e+00,-3.405598998069763184e-01,3.443870320916175842e-02
5.393863916397094727e-01,-5.410494208335876465e-01,5.403341650962829590e-01,-1.504677087068557739e-01,1.023000717163085938e+00
-8.843602538108825684e-01,1.172318309545516968e-01,1.189287304878234863e+00,5.424575209617614746e-01,1.271389573812484741e-01
-1.157943531870841980e-01,-7.532107830047607422e-01,-8.059728145599365234e-01,-1.324466150254011154e-02,-7.770301103591918945e-01
3.365528881549835205e-01,-6.618918180465698242e-01,-1.073187828063964844e+00,-9.015599489212036133e-01,1.241128206253051758e+00
-7.558570504188537598e-01,-2.754279375076293945e-01,7.651505470275878906e-01,4.597357809543609619e-01,1.472556889057159424e-01
-1.199009656906127930e+00,-1.195957899093627930e+00,2.170063853263854980e-01,7.745832800865173340e-01,-8.682855963706970215e-01
9.124302864074707031e-01,1.145276278257369995e-01,-8.339446783065795898e-01,-3.101232349872589111e-01,4.600621461868286133e-01
3.915214836597442627e-01,2.321012020111083984e-01,9.625740051269531250e-01,5.093876123428344727e-01,2.535084187984466553e-01
-4.704269766807556152e-01,2.307342439889907837e-01,3.619236946105957031e-01,5.625904798507690430e-01,-2.736565768718719482e-01
-1.110622286796569824e+00,-2.892461419105529785e-01,-1.923892378807067871e+00,-1.536359906196594238e+00,-1.465537190437316895e+00
2.699584364891052246e-01,2.200986862182617188e+00,1.437498092651367188e+00,2.931763231754302979e-01,-9.054882079362869263e-02
8.270267248153686523e-01,-1.918203979730606079e-01,-5.306183695793151855e-01,-6.669886708259582520e-01,-6.541312336921691895e-01
1.078817024827003479e-01,-1.924563407897949219e+00,-2.206576019525527954e-01,-1.315445184707641602e+00,-3.382939100265502930e-01
-1.568848729133605957e+00,-3.169404983520507812e+00,-1.792680501937866211e+00,-1.007454633712768555e+00,-1.634495735168457031e+00
-3.550746738910675049e-01,8.097168803215026855e-01,-8.199453949928283691e-01,-1.631246924400329590e+00,-6.884599924087524414e-01
-2.303907394409179688e+00,-7.871620059013366699e-01,2.953381538391113281e-01,1.263457238674163818e-01,-1.910774827003479004e+00
-2.126182317733764648e+00,-2.009478330612182617e+00,-2.511104345321655273e+00,-1.353328108787536621e+00,-1.415692925453186035e+00
-1.297321081161499023e+00,-3.055308163166046143e-01,7.318889498710632324e-01,5.347141027450561523e-01,-5.841859430074691772e-02
-8.794093728065490723e-01,-1.452634692192077637e+00,-1.511982798576354980e+00,-4.819597005844116211e-01,-1.247943639755249023e+00
7.332020998001098633e-01,6.622038483619689941e-01,4.412261247634887695e-01,3.019678592681884766e-01,8.121911883354187012e-01
-1.256741136312484741e-01,-1.305374264717102051e+00,-4.938302338123321533e-01,-4.557884335517883301e-01,-6.823982596397399902e-01
1.095172762870788574e+00,-4.377843737602233887e-01,-1.099476456642150879e+00,-1.140120267868041992e+00,5.801029205322265625e-01
-2.254221290349960327e-01,1.077626466751098633e+00,1.414451003074645996e+00,1.505094170570373535e+00,1.116894364356994629e+00
6.241710782051086426e-01,-9.983724355697631836e-01,-8.554867506027221680e-01,-3.017801344394683838e-01,-7.442717552185058594e-01
-2.824683785438537598e-01,-1.004196882247924805e+00,-1.055359244346618652e+00,-6.846030354499816895e-01,2.724630534648895264e-01
5.755679607391357422e-01,1.209820628166198730e+00,1.144039034843444824e+00,1.321838140487670898e+00,1.937298774719238281e+00
1.370280981063842773e+00,8.023174405097961426e-01,3.340320289134979248e-01,6.517312526702880859e-01,2.497551888227462769e-01
1.009260773658752441e+00,-5.437684655189514160e-01,-1.003770351409912109e+00,-1.240571141242980957e+00,4.450020790100097656e-01
-3.074440546333789825e-02,2.563499212265014648e-01,1.352104425430297852e+00,8.090350627899169922e-01,1.200125217437744141e+00
4.900317788124084473e-01,9.425053000450134277e-01,3.110917806625366211e-01,1.353333234786987305e+00,1.650796383619308472e-01
1.205043673515319824e+00,9.547485113143920898e-01,4.177782535552978516e-01,-1.727541908621788025e-02,5.290651693940162659e-02
1.190212965011596680e-01,6.004231050610542297e-02,3.506762087345123291e-01,8.542076945304870605e-01,-3.268928527832031250e-01
2.642935752868652344e+00,1.076630949974060059e+00,4.240031242370605469e-01,-1.443042457103729248e-01,-7.098173350095748901e-02
8.615727424621582031e-01,7.133014798164367676e-01,1.516186118125915527e+00,9.723771810531616211e-01,7.811602354049682617e-01
5.405799150466918945e-01,4.277698993682861328e-01,-2.979028820991516113e-01,5.702244043350219727e-01,-1.072232484817504883e+00
1.286888718605041504e+00,4.600569307804107666e-01,8.780708312988281250e-01,4.613835215568542480e-01,1.988116621971130371e+00
1.136415839195251465e+00,-3.958245739340782166e-02,-3.707400262355804443e-01,1.214196562767028809e+00,-3.286516964435577393e-01
2.317058324813842773e+00,7.774744033813476562e-01,2.957121729850769043e-01,-2.966074347496032715e-01,4.802416861057281494e-01
7.025903463363647461e-01,-2.363358139991760254e-01,1.169579625129699707e+00,8.899005055427551270e-01,5.935611724853515625e-01
-3.123286664485931396e-01,2.326212376356124878e-01,9.318415522575378418e-01,9.739832282066345215e-01,-9.644093513488769531e-01
1.277959346771240234e-01,-6.518327444791793823e-02,-2.430546283721923828e-01,7.135587930679321289e-01,5.694870948791503906e-01
8.605781197547912598e-01,1.284067511558532715e+00,1.201737046241760254e+00,8.643393516540527344e-01,6.426202654838562012e-01
1.039032697677612305e+00,-8.161207437515258789e-01,-6.403505206108093262e-01,3.073700070381164551e-01,-2.638258971273899078e-03
3.659711480140686035e-01,7.019942998886108398e-01,-8.515327572822570801e-01,3.521776497364044189e-01,4.982854798436164856e-02
1.067611098289489746e+00,2.442701309919357300e-01,-4.821374639868736267e-02,-1.783805638551712036e-01,8.163056373596191406e-01
-7.036070227622985840e-01,-3.330780863761901855e-01,1.206082820892333984e+00,6.683756709098815918e-01,7.091577649116516113e-01
5.003978013992309570e-01,9.077220559120178223e-01,6.159853935241699219e-02,1.079601645469665527e+00,3.080481588840484619e-01
1.242352485656738281e+00,4.523157775402069092e-01,2.720594704151153564e-01,5.312986671924591064e-02,7.035357356071472168e-01
-9.422243386507034302e-02,6.378511190414428711e-01,1.451657652854919434e+00,1.280414700508117676e+00,6.107569932937622070e-01
5.333082675933837891e-01,1.046349883079528809e+00,-6.985383033752441406e-01,7.284303307533264160e-01,1.473813205957412720e-01
6.009415388107299805e-01,-4.869801402091979980e-01,1.102005600929260254e+00,7.745780944824218750e-01,5.391470789909362793e-01
-1.067323759198188782e-01,9.920873492956161499e-02,-6.987965703010559082e-01,7.427752614021301270e-01,3.915773332118988037e-01
1.045376062393188477e+00,1.809159040451049805e+00,6.527022719383239746e-01,7.077446579933166504e-01,5.582116246223449707e-01
4.016443789005279541e-01,-4.702051281929016113e-01,-3.741596937179565430e-01,3.685405254364013672e-01,-3.635772168636322021e-01
1.218371391296386719e+00,1.424478173255920410e+00,-1.374991238117218018e-02,3.444967865943908691e-01,1.406647562980651855e+00
1.258067250251770020e+00,1.074001073837280273e+00,1.126415252685546875e+00,1.578602075576782227e+00,4.472006261348724365e-01
7.408716678619384766e-01,-1.008877232670783997e-01,-1.059758424758911133e+00,-2.994336485862731934e-01,4.082548916339874268e-01
5.051940083503723145e-01,1.932170748710632324e+00,1.765296339988708496e+00,1.679923653602600098e+00,1.918454051017761230e+00
1.307930231094360352e+00,1.136361286044120789e-01,-8.915357589721679688e-01,1.925064623355865479e-01,7.721619307994842529e-02
1.059411048889160156e+00,9.489240646362304688e-01,5.327200517058372498e-02,1.206359267234802246e-01,1.502535700798034668e+00
2.917513623833656311e-02,1.651022434234619141e+00,1.455576062202453613e+00,1.568465232849121094e+00,9.306302070617675781e-01
3.402660787105560303e-01,-1.178410202264785767e-01,-1.636106014251708984e+00,-1.798510402441024780e-01,2.023136466741561890e-01
1.012067794799804688e+00,1.720440268516540527e+00,9.044930934906005859e-01,1.052043318748474121e+00,2.109429359436035156e+00
2.796171605587005615e-01,1.007510304450988770e+00,9.785769581794738770e-01,1.035091161727905273e+00,3.095557391643524170e-01
1.350875139236450195e+00,2.691726088523864746e-01,-1.742124557495117188e+00,-4.658574983477592468e-02,5.813435316085815430e-01
1.684333682060241699e+00,1.549778103828430176e+00,6.812796592712402344e-01,5.280917882919311523e-01,2.093882560729980469e+00
-6.730173528194427490e-02,-4.223466217517852783e-01,1.293970108032226562e+00,7.773208618164062500e-01,1.355201482772827148e+00
-4.359030723571777344e-01,-1.923998743295669556e-01,-5.350532531738281250e-01,1.230768084526062012e+00,-2.231370508670806885e-01
1.274511456489562988e+00,6.714457273483276367e-02,-5.297011137008666992e-01,-2.001664638519287109e-01,3.514381051063537598e-01
8.147820234298706055e-01,1.115901470184326172e+00,1.254305481910705566e+00,1.395632743835449219e+00,1.815169334411621094e+00
2.452258616685867310e-01,4.490320980548858643e-01,-1.228408589959144592e-01,8.087430596351623535e-01,-7.643727660179138184e-01
1.115595340728759766e+00,3.687825053930282593e-02,1.712238043546676636e-01,2.457249760627746582e-01,1.757033467292785645e+00
1.359892964363098145e+00,1.099542498588562012e+00,6.848506927490234375e-01,1.211104393005371094e+00,-1.311277598142623901e-02
6.418750882148742676e-01,7.624229192733764648e-01,-1.239727377891540527e+00,-2.045466005802154541e-01,6.393538117408752441e-01
-2.942931354045867920e-01,1.131250023841857910e+00,1.148865699768066406e+00,1.480237007141113281e+00,-7.192397024482488632e-03
-3.267836272716522217e-01,-1.252404451370239258e-01,-2.268023043870925903e-01,1.072358727455139160e+00,3.972621560096740723e-01
2.035186737775802612e-01,3.190369904041290283e-01,-5.294696092605590820e-01,4.389510452747344971e-01,-6.521682143211364746e-01
-9.668905735015869141e-01,-1.102231860160827637e+00,6.849130392074584961e-01,8.743354082107543945e-01,2.119715511798858643e-01
1.094310760498046875e+00,1.000095963478088379e+00,-9.451283514499664307e-02,9.304009675979614258e-01,-4.803830087184906006e-01
4.956899881362915039e-01,-4.573378711938858032e-02,9.335958957672119141e-01,2.590009272098541260e-01,8.676731586456298828e-01
-2.226151376962661743e-01,6.332004666328430176e-01,4.292216897010803223e-01,1.478584051132202148e+00,-4.429134428501129150e-01
2.268366813659667969e-01,-3.428548276424407959e-01,-5.229864716529846191e-01,-3.512286245822906494e-01,-3.194805979728698730e-01
-1.571036875247955322e-01,1.164963483810424805e+00,9.848285913467407227e-01,1.267091751098632812e+00,1.174527764320373535e+00
9.502474665641784668e-01,-9.383004158735275269e-02,-5.462473034858703613e-01,7.065349221229553223e-01,4.490222632884979248e-01
1.587304234504699707e+00,1.403513193130493164e+00,-4.144031107425689697e-01,-9.207125753164291382e-02,2.547945737838745117e+00
3.801608830690383911e-02,1.384033918380737305e+00,1.775599956512451172e+00,1.110867381095886230e+00,9.282118082046508789e-01
-2.133984416723251343e-01,3.654394149780273438e-01,-2.296787500381469727e-01,1.260500669479370117e+00,8.356371521949768066e-01
1.692732572555541992e+00,2.113025665283203125e+00,8.417012691497802734e-01,3.287387788295745850e-01,1.164069056510925293e+00
6.246131658554077148e-01,2.954123318195343018e-01,1.521449208259582520e+00,1.207125782966613770e+00,1.197062969207763672e+00
7.465298771858215332e-01,1.528946757316589355e+00,-5.167259573936462402e-01,1.079054117202758789e+00,2.891406416893005371e-01
1.477101802825927734e+00,1.026811242103576660e+00,1.321291774511337280e-01,2.885667681694030762e-01,9.550812244415283203e-01
3.117098212242126465e-01,1.131784915924072266e+00,1.348141551017761230e+00,1.204445600509643555e+00,1.080963850021362305e+00
1.520024657249450684e+00,2.190823793411254883e+00,-3.980617523193359375e-01,5.174334645271301270e-01,4.432118237018585205e-01
6.528157591819763184e-01,9.951927661895751953e-01,1.431780815124511719e+00,7.792293429374694824e-01,1.237563371658325195e+00
3.092785477638244629e-01,1.849157571792602539e+00,4.889589846134185791e-01,1.456599950790405273e+00,9.359537959098815918e-01
1.689174056053161621e+00,1.489973545074462891e+00,2.712490856647491455e-01,2.118833065032958984e-01,6.780483126640319824e-01
-1.995844580233097076e-02,-8.203256875276565552e-02,7.882422208786010742e-01,8.848633170127868652e-01,1.864683777093887329e-01
5.616213679313659668e-01,1.239982962608337402e+00,-5.946837067604064941e-01,9.942517280578613281e-01,-1.182819455862045288e-01
8.142073154449462891e-01,5.098618865013122559e-01,1.325299143791198730e+00,6.158506870269775391e-01,1.178359627723693848e+00
-4.847051203250885010e-02,3.606550395488739014e-01,4.837938845157623291e-01,1.557275056838989258e+00,4.493049383163452148e-01
2.775837481021881104e-01,6.718617081642150879e-01,-1.048911690711975098e+00,5.571830868721008301e-01,-3.672990500926971436e-01
3.823269009590148926e-01,-2.262470424175262451e-01,7.632982134819030762e-01,1.058889865875244141e+00,7.932365536689758301e-01
1.030545353889465332e+00,1.847939252853393555e+00,8.400448411703109741e-02,1.312916159629821777e+00,1.040730357170104980e+00
2.002364873886108398e+00,4.185131788253784180e-01,-1.182367801666259766e-01,2.008756399154663086e-01,1.074446678161621094e+00
8.151798248291015625e-01,1.095367312431335449e+00,1.182777404785156250e+00,9.573074579238891602e-01,1.366131424903869629e+00
-8.350277692079544067e-02,5.792351961135864258e-01,4.909538030624389648e-01,1.626720786094665527e+00,2.743946611881256104e-01
-7.771195471286773682e-02,5.056570172309875488e-01,-9.658957123756408691e-01,6.013180613517761230e-01,1.154835104942321777e+00
4.222438037395477295e-01,1.601588964462280273e+00,1.182777404785156250e+00,1.303300857543945312e+00,1.301745295524597168e+00
-4.221553727984428406e-02,-5.808101966977119446e-02,-4.369960725307464600e-01,1.057346343994140625e+00,5.011749863624572754e-01
1.558328032493591309e+00,2.760802268981933594e+00,-5.475208163261413574e-01,1.233005002140998840e-01,7.678590416908264160e-01
5.425028204917907715e-01,3.176105916500091553e-01,1.195601224899291992e+00,1.350397586822509766e+00,7.830918431282043457e-01
1.710723899304866791e-02,4.844393730163574219e-01,-8.133375644683837891e-01,1.037792205810546875e+00,8.439445495605468750e-01
7.510387301445007324e-01,8.921654224395751953e-01,2.252616733312606812e-01,5.922032594680786133e-01,3.259977400302886963e-01
